Age,Income,Loan_Amount,Loan_Term,Credit_Score,Employment_Years,Dependents,Education,Self_employed,Property_Area,Marital_Status,PreviousDefault,Loan_Status
56,106654,43255,25,528,36,3,phd,No,semiurban,married,no,Rejected
69,108177,6624,58,563,1,0,high school,No,rural,single,no,Rejected
46,92902,34706,54,786,23,4,bachelor,No,rural,married,no,Approved
32,112172,9176,52,651,14,1,high school,No,urban,married,no,Approved
60,35630,34529,28,741,32,1,master,No,semiurban,single,yes,Rejected
25,40056,13941,15,758,11,0,high school,Yes,urban,married,no,Rejected
38,27382,2669,50,324,18,2,high school,No,urban,single,no,Rejected
56,75739,40896,12,430,4,0,high school,No,semiurban,single,no,Rejected
36,101685,21246,52,669,0,2,master,No,urban,married,no,Rejected
40,68639,45859,56,735,8,1,bachelor,No,rural,married,no,Approved
28,79838,41076,35,523,38,0,high school,No,rural,married,no,Rejected
28,66041,21323,45,651,33,1,high school,No,semiurban,married,yes,Rejected
41,20992,34894,45,784,28,0,high school,No,semiurban,married,no,Rejected
70,92394,7021,35,496,1,1,master,No,rural,married,no,Rejected
53,87657,40205,26,408,18,1,high school,Yes,urban,married,no,Rejected
57,47160,40807,28,519,27,1,bachelor,Yes,urban,single,no,Rejected
41,65156,37903,24,618,34,3,bachelor,No,semiurban,single,no,Approved
20,71375,48879,18,381,39,0,phd,No,semiurban,married,no,Rejected
39,106442,45732,20,836,21,3,high school,No,rural,married,no,Approved
70,39572,9711,55,731,3,1,bachelor,No,urban,married,no,Rejected
19,137925,8904,46,307,7,4,high school,No,semiurban,single,no,Rejected
41,24136,36051,34,448,0,2,bachelor,No,rural,married,no,Rejected
61,81868,21942,58,397,35,0,bachelor,No,semiurban,married,no,Rejected
47,102263,25251,50,400,6,0,bachelor,No,semiurban,married,no,Rejected
55,52167,26058,34,666,24,2,master,No,semiurban,single,no,Approved
19,130957,36245,37,761,28,3,bachelor,No,urban,married,no,Approved
38,35479,4093,12,713,0,2,high school,No,rural,married,no,Rejected
50,139392,25918,25,558,17,4,master,No,urban,married,no,Rejected
29,51376,8207,43,655,3,1,bachelor,Yes,rural,married,no,Approved
39,24823,10394,59,310,19,2,bachelor,No,rural,married,no,Rejected
61,145156,27974,21,715,7,2,phd,No,semiurban,married,no,Approved
42,90456,29172,12,549,26,1,master,No,rural,married,no,Rejected
66,39585,33283,16,849,38,0,master,No,urban,married,no,Rejected
44,123775,48609,14,421,34,4,bachelor,No,rural,married,yes,Rejected
59,37272,39995,60,364,24,2,high school,No,semiurban,married,yes,Rejected
45,46619,14280,38,601,13,2,phd,No,urban,married,no,Rejected
33,95069,37303,33,424,39,0,high school,Yes,semiurban,single,no,Rejected
32,59895,28453,29,611,30,4,master,No,rural,married,no,Approved
64,23720,44350,27,490,4,1,phd,Yes,semiurban,married,no,Rejected
68,39267,3913,13,749,16,1,master,No,semiurban,single,no,Rejected
61,35696,26765,58,458,9,3,high school,No,semiurban,single,no,Rejected
69,49968,3340,24,652,15,4,master,No,semiurban,single,no,Rejected
20,73364,27179,56,562,3,4,bachelor,Yes,semiurban,single,no,Rejected
54,43345,28873,27,705,4,2,bachelor,No,semiurban,single,no,Rejected
68,71567,39057,19,316,19,3,master,No,semiurban,married,no,Rejected
24,111229,1597,54,559,5,1,bachelor,No,semiurban,single,yes,Rejected
38,81607,30119,19,654,10,4,high school,No,urban,single,no,Approved
26,39385,16025,21,788,16,4,bachelor,No,rural,married,no,Rejected
56,103658,8145,44,513,2,0,high school,Yes,semiurban,married,yes,Rejected
35,86900,36670,42,538,15,1,bachelor,No,urban,married,no,Rejected
21,88244,42723,23,479,35,0,bachelor,Yes,urban,married,yes,Rejected
42,85425,8694,20,718,25,3,bachelor,Yes,urban,single,no,Approved
31,98518,5830,48,442,23,4,high school,No,urban,married,no,Rejected
67,102844,24930,20,616,33,3,high school,No,semiurban,married,yes,Rejected
26,52919,24752,59,543,19,0,bachelor,Yes,rural,married,no,Rejected
43,110697,43602,29,531,16,1,bachelor,Yes,urban,married,no,Rejected
70,77196,11489,41,602,19,4,bachelor,No,rural,married,no,Approved
19,135600,33692,43,630,15,1,master,No,urban,single,no,Approved
37,120625,16768,51,547,3,3,bachelor,Yes,semiurban,married,no,Rejected
45,99401,44132,34,582,17,2,master,Yes,semiurban,married,yes,Rejected
64,20495,3160,22,586,35,1,high school,No,semiurban,single,no,Rejected
24,64755,47036,31,331,34,1,high school,No,semiurban,married,no,Rejected
61,87684,21133,30,799,29,1,high school,No,semiurban,married,no,Approved
25,53324,48253,47,829,17,4,high school,No,semiurban,married,yes,Rejected
64,98929,36690,37,680,20,3,phd,No,urban,single,no,Approved
52,21552,23870,21,362,31,3,phd,No,urban,married,no,Rejected
31,71272,25496,35,427,4,4,master,Yes,urban,married,no,Rejected
34,55853,37572,24,827,22,1,bachelor,No,semiurban,married,yes,Rejected
53,138192,3368,57,462,29,1,high school,Yes,semiurban,married,yes,Rejected
67,52924,48925,45,550,26,2,master,No,rural,single,no,Rejected
57,94462,41861,40,594,14,1,bachelor,Yes,urban,married,no,Rejected
21,116387,37700,47,478,13,0,phd,No,semiurban,single,no,Rejected
19,43889,30203,18,528,20,1,high school,No,urban,married,no,Rejected
23,125466,12552,41,693,33,2,high school,No,semiurban,married,no,Approved
59,74675,6608,28,695,25,0,phd,No,rural,married,no,Approved
21,142231,46667,59,371,24,2,phd,No,urban,married,yes,Rejected
46,93591,23485,24,617,30,2,master,No,rural,married,no,Approved
35,90190,43060,35,678,5,3,bachelor,No,urban,married,no,Approved
43,42634,10862,42,435,3,4,master,Yes,urban,married,no,Rejected
61,52363,39299,38,677,23,2,high school,Yes,urban,single,yes,Rejected
51,83752,11412,32,418,30,1,high school,Yes,urban,single,no,Rejected
27,97004,22354,55,829,18,3,bachelor,No,urban,married,no,Approved
53,76398,7344,12,822,10,0,master,No,semiurban,married,no,Approved
31,118458,41655,26,686,28,4,high school,No,semiurban,married,no,Approved
48,60718,18993,14,568,4,3,bachelor,No,urban,married,no,Rejected
65,133627,29682,17,823,17,2,bachelor,No,urban,married,no,Approved
32,102916,49926,25,846,2,3,bachelor,No,urban,married,no,Rejected
25,46870,29415,49,785,39,1,high school,No,rural,married,no,Rejected
31,57394,20323,44,737,10,1,high school,No,urban,married,no,Approved
40,72057,18997,49,410,20,1,master,No,urban,married,yes,Rejected
57,99795,4679,19,621,29,4,bachelor,No,urban,married,no,Approved
38,100409,30489,37,826,18,3,master,No,urban,single,no,Approved
33,33016,41308,26,476,24,3,high school,No,semiurban,married,no,Rejected
62,62137,10488,25,837,34,2,high school,No,urban,single,no,Approved
35,20153,40842,59,772,11,0,high school,No,urban,married,no,Rejected
64,27853,4996,31,687,25,1,high school,No,rural,married,yes,Rejected
70,32379,6695,59,397,4,0,high school,No,rural,married,no,Rejected
41,35792,31204,30,710,18,0,high school,No,rural,married,no,Rejected
43,141169,24382,44,674,26,1,bachelor,Yes,rural,married,no,Approved
42,58367,15235,47,469,37,1,master,Yes,semiurban,married,no,Rejected
62,38100,3366,35,355,28,2,master,No,rural,single,no,Rejected
58,146082,28467,21,624,11,4,phd,Yes,semiurban,married,yes,Rejected
46,133089,47932,45,559,18,1,bachelor,No,semiurban,single,no,Rejected
32,83456,7764,47,639,8,0,high school,No,rural,single,no,Approved
62,31049,26360,58,703,17,2,high school,Yes,semiurban,married,no,Rejected
18,20786,49295,47,831,28,3,high school,No,rural,married,no,Rejected
42,89904,32923,27,473,2,2,master,No,urban,married,no,Rejected
24,50699,31175,26,837,22,1,high school,No,semiurban,married,no,Approved
26,142784,17292,29,459,29,1,high school,No,semiurban,married,no,Rejected
41,67691,2614,18,309,23,4,high school,No,semiurban,married,no,Rejected
18,57040,21939,58,555,36,2,phd,No,rural,single,no,Rejected
61,138455,48164,33,643,36,1,master,No,rural,married,no,Approved
25,112990,19800,43,835,3,0,high school,Yes,semiurban,married,yes,Rejected
41,77986,24246,54,672,27,0,high school,No,urban,married,no,Approved
28,58762,32688,30,734,15,2,high school,Yes,urban,married,no,Approved
68,43600,28962,51,345,12,4,high school,No,semiurban,single,no,Rejected
34,114774,30764,12,354,7,2,high school,No,semiurban,married,no,Rejected
25,110777,33470,46,377,24,4,high school,No,urban,married,no,Rejected
52,39810,39501,16,790,1,0,bachelor,Yes,urban,married,no,Rejected
52,105703,4216,23,571,29,1,high school,No,semiurban,married,no,Rejected
50,107347,23072,23,849,39,3,phd,No,rural,married,no,Approved
22,125315,29242,32,410,2,1,high school,Yes,urban,single,no,Rejected
59,77204,38132,30,314,22,0,phd,No,semiurban,single,no,Rejected
56,40085,46037,20,377,28,0,master,No,semiurban,single,no,Rejected
58,66854,18861,54,800,29,1,master,No,semiurban,married,no,Approved
45,94797,47597,60,717,10,1,master,No,rural,married,no,Approved
24,104269,5960,59,574,20,0,bachelor,No,urban,married,yes,Rejected
26,59779,19781,47,793,26,1,bachelor,No,rural,single,no,Approved
25,76207,42069,53,496,23,3,high school,Yes,semiurban,married,no,Rejected
29,114615,32126,58,675,30,3,high school,Yes,semiurban,single,no,Approved
51,53980,42609,43,362,29,2,high school,No,urban,married,no,Rejected
50,76117,23578,46,660,0,3,high school,No,rural,married,no,Rejected
65,34141,41498,42,843,0,0,high school,No,urban,single,no,Rejected
40,29344,18883,43,409,7,0,high school,No,semiurban,single,no,Rejected
41,125008,30782,48,493,33,2,master,Yes,rural,married,no,Rejected
54,35896,17979,43,818,15,4,master,No,semiurban,single,no,Rejected
52,109353,34746,54,758,26,2,bachelor,No,rural,married,no,Approved
61,49813,1730,48,600,3,4,high school,No,rural,single,no,Rejected
57,104431,1056,50,795,18,4,high school,No,urban,married,no,Approved
39,85679,32457,49,448,28,1,high school,No,semiurban,married,no,Rejected
44,30681,3243,41,760,2,3,bachelor,No,semiurban,married,no,Rejected
52,92903,2701,43,438,10,4,phd,No,rural,married,no,Rejected
18,23228,9303,56,591,7,1,high school,No,urban,single,no,Rejected
52,24582,16100,13,634,38,2,bachelor,No,semiurban,married,no,Rejected
54,98683,46766,22,483,32,2,bachelor,Yes,urban,single,no,Rejected
64,31397,43161,31,606,7,4,high school,No,semiurban,single,no,Rejected
31,58799,1947,48,561,24,1,phd,No,urban,married,no,Rejected
20,57011,21505,20,609,23,0,high school,No,urban,married,no,Approved
18,99183,7553,49,643,25,3,phd,Yes,semiurban,single,no,Approved
22,113254,34525,60,723,25,4,bachelor,No,rural,married,no,Approved
43,64264,15866,30,813,16,0,high school,No,semiurban,married,yes,Rejected
31,62317,31472,51,823,26,3,high school,No,semiurban,single,no,Approved
56,67914,45348,18,560,28,0,high school,No,semiurban,married,no,Rejected
44,104633,6651,16,661,38,1,high school,No,semiurban,married,no,Approved
26,122489,8273,58,468,8,4,phd,No,semiurban,single,no,Rejected
32,144237,11033,53,499,13,0,master,No,semiurban,single,no,Rejected
32,65254,4535,35,684,4,0,bachelor,Yes,semiurban,single,no,Approved
43,60096,19677,59,611,29,0,bachelor,No,urban,married,no,Approved
59,73785,18488,52,611,27,4,high school,No,rural,married,yes,Rejected
30,72344,42621,18,694,36,1,high school,Yes,semiurban,married,no,Approved
68,134988,1908,22,650,7,1,high school,Yes,semiurban,married,no,Approved
49,102643,5617,20,327,14,0,high school,No,semiurban,single,no,Rejected
56,140382,43816,60,432,27,1,high school,No,urban,single,yes,Rejected
66,88546,31431,41,679,35,3,bachelor,Yes,semiurban,married,no,Approved
69,91091,24453,52,827,32,1,high school,No,semiurban,single,no,Approved
49,85603,36079,14,586,5,0,phd,No,rural,single,no,Rejected
21,48412,17020,33,583,11,3,high school,No,semiurban,single,yes,Rejected
47,130489,47353,51,526,6,4,high school,No,semiurban,married,no,Rejected
54,71658,47785,31,726,27,2,bachelor,No,semiurban,single,yes,Rejected
40,119841,46320,43,326,6,1,master,No,semiurban,married,no,Rejected
56,69549,27562,59,631,0,3,phd,No,urban,married,no,Rejected
62,147595,25373,18,416,23,2,bachelor,No,rural,single,no,Rejected
32,31549,47105,18,388,18,4,high school,No,semiurban,married,no,Rejected
60,91216,31164,31,421,31,2,phd,No,rural,married,yes,Rejected
46,45739,2885,36,332,29,4,phd,No,semiurban,married,no,Rejected
53,41209,2049,56,697,0,0,phd,No,semiurban,single,no,Rejected
30,127051,44271,46,824,31,0,master,No,semiurban,single,no,Approved
49,107968,2161,55,323,19,4,high school,Yes,urban,married,no,Rejected
24,35116,1815,35,624,20,2,master,No,rural,single,no,Rejected
68,40045,37534,51,333,18,1,phd,Yes,semiurban,married,no,Rejected
39,46327,28498,24,546,29,2,bachelor,No,semiurban,single,no,Rejected
45,55709,26037,59,318,27,2,master,No,urban,married,no,Rejected
19,63617,37007,50,329,31,1,bachelor,No,rural,married,no,Rejected
59,80139,14942,15,348,29,2,high school,No,rural,single,no,Rejected
62,46905,28278,23,479,22,2,bachelor,No,semiurban,single,no,Rejected
70,84148,9272,28,669,26,3,master,No,urban,single,yes,Rejected
23,92603,34637,12,694,36,4,bachelor,No,urban,married,no,Approved
45,118095,39294,28,795,25,0,bachelor,No,urban,married,no,Approved
45,139779,8741,13,730,2,4,bachelor,Yes,semiurban,married,no,Rejected
61,62919,5694,17,506,30,2,high school,No,rural,married,yes,Rejected
61,103521,31306,55,334,1,1,bachelor,No,semiurban,married,no,Rejected
37,112905,2934,22,712,9,1,bachelor,No,semiurban,married,no,Approved
47,103400,22556,54,663,37,0,high school,No,semiurban,married,no,Approved
28,108150,19907,29,609,18,0,master,No,urban,married,yes,Rejected
45,78446,7159,51,578,30,0,phd,Yes,urban,married,no,Rejected
42,72428,49487,36,451,28,1,high school,Yes,semiurban,married,no,Rejected
56,67894,30158,50,526,24,2,bachelor,No,urban,single,no,Rejected
50,101149,21293,39,542,31,0,bachelor,Yes,semiurban,married,no,Rejected
18,26447,46761,57,309,16,0,bachelor,No,urban,single,no,Rejected
44,25499,47581,27,691,22,1,high school,No,rural,married,yes,Rejected
69,59041,34932,23,347,17,2,bachelor,No,semiurban,married,no,Rejected
30,51315,34387,52,503,10,0,high school,Yes,semiurban,married,no,Rejected
58,21299,41750,40,456,19,2,high school,No,semiurban,married,no,Rejected
20,140506,4066,34,325,12,3,high school,Yes,semiurban,married,no,Rejected
56,125005,22256,32,720,23,0,bachelor,No,semiurban,married,no,Approved
23,24994,42406,27,563,19,0,high school,No,semiurban,single,no,Rejected
25,115414,36105,59,828,27,1,high school,Yes,rural,single,no,Approved
44,101163,6594,52,769,34,3,high school,No,semiurban,married,yes,Rejected
26,146759,3460,56,553,20,3,high school,Yes,urban,married,no,Rejected
54,27489,7820,37,845,5,3,high school,No,semiurban,married,no,Rejected
50,111647,37210,48,446,6,4,high school,No,urban,married,no,Rejected
68,52355,17191,33,625,28,1,master,No,semiurban,married,no,Approved
59,93805,20095,21,637,22,1,bachelor,No,urban,married,no,Approved
61,88367,11529,18,417,4,0,bachelor,No,semiurban,married,no,Rejected
41,129906,33175,20,464,21,1,bachelor,No,semiurban,married,no,Rejected
32,137409,18675,36,849,8,0,phd,No,urban,single,no,Approved
49,97355,44158,57,497,31,0,bachelor,No,urban,married,no,Rejected
49,136220,47798,26,673,9,4,high school,No,semiurban,single,no,Approved
41,110349,6374,24,428,27,1,phd,No,semiurban,married,no,Rejected
58,107173,26976,53,713,10,1,high school,No,semiurban,single,no,Approved
69,21996,14142,57,679,6,4,phd,No,rural,single,no,Rejected
66,139999,13204,37,300,29,4,bachelor,No,semiurban,single,yes,Rejected
66,64387,8394,32,466,37,1,high school,No,semiurban,single,no,Rejected
69,134965,34593,34,315,33,1,master,No,semiurban,married,no,Rejected
29,23089,42964,55,411,27,0,high school,No,semiurban,married,no,Rejected
56,118827,12652,39,667,31,2,high school,No,rural,married,no,Approved
19,40659,34740,49,401,15,0,bachelor,No,semiurban,single,no,Rejected
20,65178,45036,23,705,38,3,bachelor,No,semiurban,single,no,Approved
66,140053,1443,35,806,0,3,high school,No,urban,married,no,Rejected
54,115965,24903,24,339,33,2,bachelor,No,rural,single,no,Rejected
66,101268,34522,51,847,22,4,master,No,semiurban,married,yes,Rejected
34,105042,29180,59,680,19,3,high school,No,semiurban,married,no,Approved
66,126471,49791,13,815,17,4,bachelor,No,rural,married,no,Approved
19,90726,22119,50,796,17,4,phd,No,rural,married,no,Approved
19,90111,11363,23,580,39,0,phd,No,urban,married,no,Rejected
45,126031,44665,50,650,20,4,high school,No,urban,married,no,Approved
40,133682,39164,25,633,7,2,master,No,rural,married,no,Approved
54,54565,32541,41,823,33,0,master,No,semiurban,married,no,Approved
49,120435,4465,52,582,10,2,master,No,rural,single,yes,Rejected
50,109242,3711,54,618,9,4,high school,No,semiurban,married,no,Approved
18,133204,26198,59,713,7,3,high school,No,semiurban,single,no,Approved
36,149642,23488,30,313,7,4,high school,No,semiurban,married,no,Rejected
19,42884,39515,42,355,18,2,high school,No,urban,single,no,Rejected
70,37199,24608,54,702,0,1,high school,No,rural,single,no,Rejected
61,80038,28898,54,641,2,1,master,No,semiurban,married,no,Rejected
43,77786,2919,36,498,31,3,high school,No,semiurban,married,no,Rejected
49,129636,32171,15,591,15,2,master,No,urban,single,no,Rejected
23,124970,47241,24,740,29,3,high school,No,semiurban,married,no,Approved
49,69294,21599,47,377,27,0,bachelor,No,rural,married,no,Rejected
21,98015,17965,53,411,27,4,high school,No,rural,married,no,Rejected
28,54178,48003,48,834,15,0,bachelor,No,rural,married,no,Approved
34,32665,49478,14,674,32,1,bachelor,No,urban,married,no,Rejected
55,149604,15434,27,415,24,4,bachelor,No,urban,married,no,Rejected
41,20534,47246,37,441,17,0,high school,No,semiurban,married,no,Rejected
22,111828,37649,51,496,25,1,high school,No,rural,married,yes,Rejected
69,56132,2999,50,839,5,0,bachelor,No,semiurban,single,no,Approved
51,135720,15849,30,598,37,4,high school,No,urban,married,no,Rejected
23,56110,11903,57,375,2,0,high school,Yes,semiurban,married,no,Rejected
39,78754,48468,26,829,5,4,high school,No,semiurban,married,no,Approved
28,83580,6445,43,399,13,0,master,No,urban,married,no,Rejected
65,42469,36396,60,778,17,3,bachelor,Yes,urban,married,no,Rejected
33,84016,19040,32,767,15,0,high school,Yes,urban,single,no,Approved
50,66233,1246,12,591,23,0,high school,Yes,urban,married,yes,Rejected
26,122804,32153,17,424,12,3,high school,Yes,urban,married,no,Rejected
23,149863,6212,38,818,0,1,high school,No,urban,single,no,Rejected
33,86708,4339,34,322,37,4,master,No,semiurban,married,no,Rejected
46,78232,24142,58,461,13,2,phd,No,urban,single,no,Rejected
20,113450,20394,42,805,16,1,high school,No,semiurban,married,yes,Rejected
37,106437,36136,23,320,12,4,bachelor,Yes,urban,single,no,Rejected
53,126311,13186,32,763,12,0,bachelor,No,semiurban,married,yes,Rejected
36,54409,35607,13,782,8,1,bachelor,No,rural,married,no,Approved
43,135159,39973,16,801,5,0,high school,Yes,rural,married,no,Approved
20,39324,5395,20,608,5,1,bachelor,No,semiurban,married,no,Rejected
36,28738,16290,31,502,29,1,high school,Yes,semiurban,married,no,Rejected
37,123030,23151,57,715,36,2,bachelor,No,urban,married,no,Approved
49,130093,4691,29,441,13,3,high school,Yes,rural,married,no,Rejected
24,44054,8470,33,406,3,1,master,Yes,urban,single,no,Rejected
69,49709,4841,19,828,33,0,master,No,urban,single,no,Rejected
58,129321,38116,45,836,1,2,high school,No,semiurban,married,no,Rejected
50,105643,18776,20,590,16,1,high school,No,urban,married,no,Rejected
57,148805,7060,18,610,13,3,bachelor,No,semiurban,married,no,Approved
56,20363,28584,41,684,16,0,phd,No,urban,married,no,Rejected
35,30358,49293,29,352,29,2,master,Yes,urban,single,no,Rejected
57,121613,5300,38,482,28,4,high school,No,semiurban,single,no,Rejected
18,135233,4338,27,668,6,3,high school,No,semiurban,married,no,Approved
28,23240,6487,32,312,8,4,phd,No,urban,married,no,Rejected
45,92201,37282,16,459,22,4,bachelor,No,urban,married,no,Rejected
42,65689,30529,40,583,35,2,high school,Yes,urban,married,no,Rejected
67,21936,31262,58,586,13,2,master,No,rural,married,no,Rejected
40,132272,12280,48,307,19,2,high school,No,semiurban,single,no,Rejected
48,111074,44075,54,371,16,4,bachelor,No,semiurban,married,no,Rejected
47,63965,29804,33,397,31,0,bachelor,No,urban,single,no,Rejected
59,97534,10915,25,386,24,2,master,Yes,semiurban,single,yes,Rejected
52,20882,12158,30,400,29,3,high school,No,urban,single,no,Rejected
24,40224,9621,46,580,26,2,high school,No,semiurban,single,no,Rejected
33,125227,11547,35,588,26,2,master,No,semiurban,single,no,Rejected
43,143750,24177,53,495,30,2,master,No,rural,single,no,Rejected
65,139299,47253,17,690,25,4,high school,No,rural,single,no,Approved
69,145865,3459,14,749,13,0,high school,No,urban,single,no,Approved
66,132012,29768,45,667,20,2,high school,Yes,rural,married,no,Approved
19,143745,39041,56,729,27,4,bachelor,No,urban,single,no,Approved
18,50825,43225,13,395,14,3,high school,Yes,semiurban,married,no,Rejected
65,90740,39191,26,560,29,0,high school,No,urban,single,no,Rejected
29,48885,18434,48,811,24,4,bachelor,No,semiurban,married,no,Rejected
22,60056,39247,26,420,10,1,phd,No,semiurban,married,no,Rejected
54,23203,16419,43,665,10,3,phd,No,urban,married,no,Rejected
49,80241,36017,32,631,27,3,high school,Yes,urban,married,yes,Rejected
26,22244,36577,28,351,4,1,bachelor,No,urban,single,no,Rejected
58,118322,3921,45,695,27,4,high school,No,rural,married,no,Approved
52,135329,5676,43,617,7,4,high school,No,semiurban,married,no,Approved
36,88619,21425,58,576,25,3,bachelor,Yes,urban,single,no,Rejected
65,41584,36185,34,493,5,4,master,No,rural,married,yes,Rejected
33,28521,14463,46,320,31,1,master,No,urban,married,no,Rejected
20,70017,26474,48,698,31,4,phd,Yes,semiurban,married,no,Approved
37,53541,41935,54,501,11,3,phd,No,semiurban,married,no,Rejected
41,49063,2469,52,765,5,4,high school,Yes,urban,married,no,Rejected
50,90268,8292,48,450,12,0,phd,No,urban,single,no,Rejected
41,145234,26409,44,458,38,1,high school,Yes,semiurban,single,no,Rejected
69,146218,24526,36,609,39,1,master,No,rural,single,no,Approved
28,138206,24465,57,803,33,2,bachelor,No,semiurban,married,no,Approved
66,84952,31955,48,325,22,4,bachelor,No,semiurban,single,no,Rejected
25,113054,27785,51,365,16,1,high school,No,rural,married,no,Rejected
53,59563,22033,32,562,0,4,high school,No,semiurban,married,yes,Rejected
55,59752,7931,57,771,6,0,bachelor,No,urban,married,no,Approved
57,115233,2091,59,466,12,3,phd,No,rural,married,no,Rejected
37,22567,26772,49,453,13,3,high school,No,semiurban,single,no,Rejected
52,36121,17363,51,642,16,2,high school,No,semiurban,single,no,Rejected
65,21674,29490,45,712,29,2,high school,Yes,semiurban,single,no,Rejected
42,96411,1260,30,483,33,1,high school,No,semiurban,single,no,Rejected
52,129876,11456,38,493,26,1,high school,No,urban,married,no,Rejected
42,86275,23320,20,301,24,1,high school,No,semiurban,single,no,Rejected
46,87081,14435,16,514,34,0,high school,No,semiurban,single,no,Rejected
35,49140,43145,16,782,8,2,phd,No,semiurban,single,no,Rejected
63,145139,49581,36,331,5,2,master,Yes,semiurban,married,no,Rejected
35,29327,28025,37,314,25,3,high school,No,urban,single,no,Rejected
19,90663,29109,30,617,37,2,phd,No,semiurban,single,no,Approved
52,43331,21754,41,542,38,2,high school,No,rural,married,no,Rejected
33,43004,5301,47,316,26,0,master,No,semiurban,single,no,Rejected
58,127369,8207,59,833,39,1,bachelor,Yes,semiurban,single,no,Approved
53,139243,28920,59,380,30,0,high school,No,urban,married,no,Rejected
50,30492,23203,27,735,2,4,high school,No,semiurban,married,no,Rejected
21,74797,22545,18,307,23,3,phd,Yes,rural,married,no,Rejected
50,78095,25016,29,586,14,3,high school,Yes,urban,married,yes,Rejected
31,33749,32098,32,485,5,3,high school,No,urban,married,no,Rejected
38,83217,9556,42,823,10,1,phd,No,semiurban,single,no,Approved
65,109044,47563,12,721,29,1,high school,No,semiurban,married,no,Approved
37,29045,21102,14,765,34,1,bachelor,No,rural,single,no,Rejected
25,40116,39893,42,382,37,3,phd,No,semiurban,married,no,Rejected
24,38667,2924,36,782,39,3,phd,No,rural,married,yes,Rejected
20,95057,20479,19,624,28,3,phd,No,urban,married,no,Approved
34,94205,40451,12,718,22,4,bachelor,No,urban,married,no,Approved
50,47302,19922,18,350,2,4,high school,No,semiurban,married,no,Rejected
65,31283,19660,18,326,25,3,master,No,semiurban,married,no,Rejected
29,50935,47099,19,844,13,1,master,No,urban,single,yes,Rejected
68,92534,10945,30,361,18,1,bachelor,No,urban,married,no,Rejected
39,114342,1306,28,470,20,4,master,Yes,semiurban,married,no,Rejected
39,51624,23959,22,585,20,4,phd,No,rural,single,yes,Rejected
63,33440,5231,58,416,8,3,bachelor,Yes,semiurban,married,no,Rejected
47,131001,39796,52,303,12,3,high school,No,rural,married,no,Rejected
55,66501,13207,60,365,36,1,high school,No,semiurban,married,no,Rejected
55,107333,40426,22,359,37,2,bachelor,No,rural,married,no,Rejected
62,21269,7336,49,801,23,1,high school,No,rural,married,no,Rejected
68,27868,47664,52,528,37,1,high school,No,rural,single,no,Rejected
25,50251,10630,13,399,10,3,bachelor,No,urban,married,no,Rejected
44,97909,18256,15,418,28,2,bachelor,No,semiurban,married,no,Rejected
44,104523,34909,39,368,37,2,bachelor,No,semiurban,single,no,Rejected
51,58729,42168,44,520,16,3,high school,Yes,semiurban,married,no,Rejected
38,35734,34719,22,522,25,0,high school,No,rural,married,yes,Rejected
47,62429,43017,14,803,25,3,high school,No,rural,married,no,Approved
50,61337,46704,51,510,11,4,bachelor,No,rural,married,no,Rejected
45,60325,31013,16,561,17,2,bachelor,Yes,semiurban,single,no,Rejected
64,103600,15455,32,817,8,3,bachelor,No,urban,single,no,Approved
50,82514,5722,33,547,2,1,high school,Yes,urban,single,no,Rejected
22,28433,13812,48,556,9,1,high school,No,urban,single,no,Rejected
65,133957,31276,22,362,1,1,master,No,urban,single,no,Rejected
36,29111,37776,55,691,7,3,high school,No,urban,married,no,Rejected
21,123986,11060,33,839,17,0,bachelor,No,semiurban,single,no,Approved
52,83753,14056,52,716,38,4,high school,No,urban,married,no,Approved
66,133783,7655,24,352,30,1,high school,No,rural,married,yes,Rejected
34,100583,23574,14,337,13,3,high school,No,semiurban,single,no,Rejected
61,93620,14027,24,607,38,0,master,No,semiurban,married,yes,Rejected
45,41751,5030,39,352,32,2,high school,No,semiurban,single,no,Rejected
47,36453,25243,22,751,28,2,phd,No,urban,single,no,Rejected
46,105844,34289,22,760,32,4,master,Yes,rural,married,no,Approved
63,58968,20739,32,785,34,3,bachelor,No,urban,married,yes,Rejected
70,50077,35168,32,436,1,3,bachelor,No,semiurban,married,no,Rejected
23,128582,45698,18,671,34,1,phd,No,urban,married,no,Approved
52,54775,37491,28,555,31,0,bachelor,No,rural,married,no,Rejected
58,78144,31013,59,694,35,4,high school,Yes,rural,married,no,Approved
54,68570,7579,25,336,22,0,bachelor,No,urban,married,no,Rejected
41,66097,19242,44,446,4,4,high school,No,rural,married,no,Rejected
46,44503,5781,22,307,15,3,high school,Yes,semiurban,single,no,Rejected
66,22779,21448,24,550,39,3,phd,No,semiurban,single,no,Rejected
63,106840,46641,12,746,23,4,master,No,urban,married,no,Approved
70,20755,22446,45,562,39,0,bachelor,No,urban,married,no,Rejected
48,59263,12043,20,738,27,2,bachelor,Yes,rural,single,no,Approved
52,128491,20853,24,558,24,2,master,No,urban,married,no,Rejected
50,75087,21079,48,622,6,1,bachelor,No,rural,married,yes,Rejected
69,62281,18101,41,829,37,1,bachelor,No,semiurban,married,no,Approved
38,71482,1642,52,600,6,0,bachelor,No,urban,single,no,Rejected
49,74857,29016,56,784,21,3,high school,No,semiurban,married,no,Approved
40,142989,19932,48,391,21,0,high school,No,semiurban,married,no,Rejected
50,37400,45653,58,463,26,4,phd,No,rural,married,no,Rejected
20,60115,25945,18,634,32,2,phd,No,semiurban,married,no,Approved
35,34249,8549,25,614,31,1,bachelor,No,semiurban,single,no,Rejected
42,133183,14397,59,537,38,0,bachelor,No,semiurban,married,no,Rejected
59,66825,26362,17,382,31,0,master,No,semiurban,married,no,Rejected
48,130361,48842,45,408,0,4,master,Yes,rural,married,yes,Rejected
20,44600,47539,27,477,9,3,high school,No,urban,married,no,Rejected
57,57706,34717,48,549,3,3,high school,No,semiurban,single,no,Rejected
63,39222,24016,47,390,28,2,high school,No,semiurban,married,yes,Rejected
41,119041,15732,57,638,6,1,phd,No,urban,married,no,Approved
67,124504,27911,17,468,37,3,master,Yes,semiurban,married,no,Rejected
49,61139,18866,19,438,5,3,high school,No,rural,single,no,Rejected
64,134919,43607,35,816,10,3,phd,No,urban,married,yes,Rejected
39,136605,28621,14,483,8,0,phd,No,semiurban,single,no,Rejected
40,61302,13823,15,469,29,3,high school,No,semiurban,married,no,Rejected
19,114684,30986,43,661,21,4,bachelor,No,semiurban,single,no,Approved
44,107838,15690,12,543,38,2,bachelor,No,urban,married,no,Rejected
59,88159,40107,45,437,8,3,master,Yes,urban,married,no,Rejected
19,28646,11956,56,327,37,1,bachelor,Yes,urban,married,no,Rejected
43,33543,22303,20,818,32,0,bachelor,No,rural,married,no,Rejected
34,114496,37533,23,697,25,4,phd,No,semiurban,married,no,Approved
57,148212,30674,21,632,15,2,bachelor,No,urban,single,no,Approved
50,42785,36595,21,616,8,0,high school,No,urban,married,no,Rejected
26,98353,3058,55,725,22,4,high school,No,urban,married,no,Approved
60,51406,12519,59,435,14,0,high school,Yes,urban,married,no,Rejected
65,108992,32115,34,566,18,2,bachelor,No,semiurban,single,no,Rejected
56,71428,1730,17,406,15,2,high school,No,semiurban,single,no,Rejected
46,43777,2832,35,437,24,3,master,No,semiurban,single,no,Rejected
59,77939,42368,35,346,34,1,master,No,urban,married,no,Rejected
43,73026,23889,32,667,12,3,master,No,urban,married,no,Approved
52,106450,49386,53,305,6,0,master,No,semiurban,married,yes,Rejected
67,49553,40938,42,822,33,3,high school,Yes,semiurban,married,no,Rejected
42,43548,5179,58,828,13,2,bachelor,No,urban,married,no,Rejected
41,83221,7299,52,571,22,2,high school,Yes,semiurban,single,no,Rejected
30,57265,8830,41,365,22,2,high school,No,urban,single,no,Rejected
24,145549,45207,45,719,16,3,phd,No,urban,married,no,Approved
53,60701,38570,29,638,12,4,bachelor,Yes,semiurban,married,no,Approved
62,71287,23441,23,797,26,3,high school,No,urban,married,no,Approved
37,26727,7615,46,768,1,3,high school,No,rural,single,no,Rejected
18,130460,7762,18,630,36,3,bachelor,No,rural,single,no,Approved
25,70717,39311,52,430,29,3,high school,No,semiurban,married,no,Rejected
63,52427,25709,51,829,3,2,high school,No,rural,single,no,Approved
33,36692,38651,36,737,29,1,master,No,semiurban,married,no,Rejected
31,51625,24434,17,542,2,3,phd,No,rural,married,yes,Rejected
29,44918,22343,12,762,13,3,phd,No,rural,married,no,Rejected
68,126931,16739,57,649,10,1,bachelor,Yes,rural,single,no,Approved
40,61136,1666,27,316,39,3,high school,No,urban,single,no,Rejected
32,134826,34044,59,765,22,1,phd,No,semiurban,single,no,Approved
45,134881,28883,15,662,31,2,master,No,semiurban,married,no,Approved
51,72409,15063,40,509,2,4,bachelor,No,urban,married,yes,Rejected
19,35577,34649,49,824,0,3,master,No,rural,married,no,Rejected
49,105155,35828,58,719,8,4,bachelor,No,rural,married,no,Approved
40,131776,48445,39,432,8,3,high school,No,rural,married,no,Rejected
39,119246,40470,33,313,11,0,phd,No,semiurban,married,no,Rejected
68,122924,10429,19,343,0,0,bachelor,Yes,semiurban,married,no,Rejected
42,146759,49621,43,676,15,2,bachelor,No,semiurban,married,no,Approved
39,140408,33926,44,594,29,4,high school,No,semiurban,married,no,Rejected
39,101731,49764,24,695,7,4,high school,No,semiurban,married,no,Approved
66,47689,38997,38,403,9,1,high school,Yes,semiurban,married,no,Rejected
69,31154,41724,29,744,32,1,high school,No,urban,married,no,Rejected
59,124657,33269,29,361,37,3,high school,No,semiurban,single,no,Rejected
23,114948,32704,24,711,21,1,high school,No,semiurban,single,no,Approved
32,41341,29391,33,620,15,1,bachelor,No,semiurban,married,no,Rejected
60,117554,25187,25,430,18,4,phd,No,semiurban,married,no,Rejected
54,94681,46334,22,498,10,0,master,No,urban,married,no,Rejected
50,127798,3526,50,335,10,4,high school,No,semiurban,single,no,Rejected
25,66330,25686,33,515,13,1,master,No,semiurban,single,no,Rejected
70,138069,8803,47,605,38,3,bachelor,No,rural,single,no,Approved
61,107759,33668,28,311,25,0,bachelor,No,urban,married,no,Rejected
61,88416,7574,43,382,19,1,high school,Yes,semiurban,single,no,Rejected
22,145067,9733,25,331,19,1,high school,No,rural,married,yes,Rejected
56,106807,8257,53,707,4,3,master,No,urban,married,no,Approved
21,53313,37051,40,385,0,3,bachelor,No,semiurban,single,no,Rejected
23,66900,16909,17,710,10,1,high school,No,semiurban,single,no,Approved
62,98840,25146,15,555,9,1,high school,No,semiurban,single,no,Rejected
49,54695,12802,22,540,27,4,high school,No,semiurban,single,no,Rejected
69,50225,8896,56,751,33,2,bachelor,No,rural,married,no,Approved
47,106072,29133,51,300,12,3,phd,No,urban,married,no,Rejected
64,116367,14526,21,581,24,3,master,No,urban,single,no,Rejected
52,69156,12278,39,813,22,4,master,No,urban,married,no,Approved
57,97209,47010,22,418,35,0,master,Yes,semiurban,married,yes,Rejected
69,107453,26551,46,804,11,0,high school,No,semiurban,married,no,Approved
33,47829,26298,26,379,1,0,high school,Yes,urban,married,no,Rejected
30,100908,36338,19,518,19,3,bachelor,No,rural,married,no,Rejected
67,45938,23191,31,816,15,2,high school,No,semiurban,single,no,Rejected
59,79164,34092,32,765,13,2,master,No,urban,married,no,Approved
47,74530,24871,12,817,1,4,high school,No,urban,married,no,Rejected
36,140921,10721,40,801,15,0,bachelor,No,urban,single,no,Approved
34,88199,39413,35,357,3,0,high school,Yes,semiurban,married,no,Rejected
36,80282,31279,41,636,12,1,bachelor,Yes,urban,married,no,Approved
45,67801,15404,51,809,37,4,bachelor,No,semiurban,single,no,Approved
43,29465,5486,46,725,0,4,phd,No,semiurban,single,no,Rejected
54,23326,36198,44,669,8,3,high school,No,rural,married,no,Rejected
43,23659,29687,31,710,20,3,bachelor,No,semiurban,married,no,Rejected
70,80289,14156,27,731,17,4,high school,No,urban,single,no,Approved
40,47594,1567,20,495,31,2,high school,No,semiurban,married,no,Rejected
26,135819,3179,42,676,33,4,high school,No,urban,single,no,Approved
29,24763,3019,28,664,19,2,bachelor,No,semiurban,single,no,Rejected
70,108657,16919,42,704,1,3,bachelor,Yes,semiurban,married,no,Rejected
18,30828,20703,59,791,3,4,high school,Yes,semiurban,single,no,Rejected
18,67588,19704,34,365,37,2,high school,No,semiurban,married,no,Rejected
64,31221,19030,17,690,6,1,high school,Yes,rural,single,no,Rejected
51,31211,4909,41,382,21,1,bachelor,No,rural,single,no,Rejected
49,33569,9015,18,780,19,4,bachelor,No,urban,single,no,Rejected
65,116894,4420,59,528,34,0,master,No,semiurban,married,no,Rejected
42,57860,48653,51,524,3,4,bachelor,Yes,rural,single,yes,Rejected
57,91558,17740,53,412,19,3,bachelor,No,semiurban,single,no,Rejected
62,65337,41253,57,484,34,3,high school,No,semiurban,married,no,Rejected
70,72311,31328,22,811,32,1,high school,No,rural,single,no,Approved
18,33515,20465,45,472,20,2,master,No,urban,married,no,Rejected
33,91695,5131,23,822,13,1,bachelor,Yes,urban,married,no,Approved
56,142006,11652,56,504,30,2,phd,No,semiurban,married,no,Rejected
22,131527,22507,58,837,21,4,phd,No,semiurban,married,no,Approved
39,126749,48147,38,618,29,0,master,No,urban,married,no,Approved
46,107227,48671,23,458,28,3,phd,No,semiurban,married,no,Rejected
20,44904,49681,24,577,35,4,bachelor,Yes,urban,married,no,Rejected
29,79935,24806,19,447,28,1,high school,Yes,semiurban,married,no,Rejected
43,63790,20171,27,382,6,4,high school,Yes,urban,married,no,Rejected
33,88580,21593,40,718,31,0,master,No,urban,married,no,Approved
68,95148,10470,46,837,12,2,high school,Yes,semiurban,married,no,Approved
54,25636,45308,40,848,12,0,high school,No,urban,single,no,Rejected
39,97129,22326,42,691,13,1,bachelor,No,semiurban,single,no,Approved
46,134483,5597,24,432,5,0,high school,Yes,semiurban,single,no,Rejected
31,22892,38304,23,541,15,3,bachelor,Yes,semiurban,married,no,Rejected
45,41672,31788,13,750,20,0,bachelor,No,semiurban,married,no,Rejected
22,25812,43725,44,499,15,4,bachelor,No,urban,married,no,Rejected
64,116621,37930,19,416,4,2,bachelor,No,semiurban,married,no,Rejected
66,148177,34071,52,518,23,3,high school,No,rural,married,no,Rejected
47,20654,6067,51,604,0,3,high school,No,urban,married,no,Rejected
63,74633,6024,60,542,9,3,phd,No,rural,single,no,Rejected
69,37143,8715,52,591,34,1,high school,No,urban,single,no,Rejected
22,75934,32770,43,600,30,1,bachelor,Yes,urban,single,no,Rejected
29,87334,12226,49,687,14,4,bachelor,No,urban,married,no,Approved
33,123463,36399,39,508,10,2,high school,No,semiurban,married,no,Rejected
43,145851,14412,26,613,8,0,high school,No,urban,single,no,Approved
43,49087,48805,34,325,1,4,high school,No,semiurban,single,yes,Rejected
65,31618,45415,35,378,29,1,high school,No,rural,married,no,Rejected
38,28446,13569,24,427,15,4,high school,No,semiurban,married,no,Rejected
56,107182,3369,32,712,0,2,phd,No,rural,married,no,Rejected
53,122127,45427,23,436,5,4,bachelor,No,urban,married,no,Rejected
50,68867,33021,24,633,10,3,high school,No,rural,married,no,Approved
47,71028,1528,50,847,32,0,bachelor,No,rural,single,no,Approved
54,80101,44270,34,687,16,1,high school,No,urban,married,no,Approved
40,47200,31314,57,529,33,1,high school,Yes,semiurban,married,no,Rejected
27,115107,38443,54,720,39,2,master,Yes,urban,married,no,Approved
22,108074,19047,39,423,24,2,master,No,urban,single,no,Rejected
53,126091,20748,25,387,21,2,bachelor,No,semiurban,married,no,Rejected
51,81465,36109,28,440,25,1,phd,No,semiurban,married,no,Rejected
69,129500,14919,35,350,26,3,phd,No,semiurban,married,no,Rejected
48,106436,48498,45,704,37,0,bachelor,No,semiurban,married,no,Approved
27,138422,16256,59,636,8,2,phd,No,urban,married,no,Approved
36,144124,5905,33,665,36,1,bachelor,No,semiurban,married,no,Approved
49,107892,49307,21,557,4,3,high school,No,urban,married,no,Rejected
18,108559,49023,19,687,17,2,master,No,urban,single,yes,Rejected
22,140044,9884,32,344,21,2,high school,No,urban,single,no,Rejected
62,59148,29906,48,568,11,0,high school,No,semiurban,married,yes,Rejected
21,102928,42911,18,610,21,0,high school,Yes,urban,married,no,Approved
33,40698,6950,37,577,5,4,master,No,urban,married,no,Rejected
41,62470,2360,24,774,35,2,high school,No,urban,single,no,Approved
33,112071,38895,27,444,26,4,bachelor,Yes,semiurban,married,no,Rejected
19,71660,22946,41,534,14,1,bachelor,No,urban,married,no,Rejected
66,73910,48020,42,435,16,0,bachelor,No,urban,single,yes,Rejected
45,55450,9730,16,744,2,3,high school,No,urban,single,no,Rejected
49,76463,23161,43,652,9,2,bachelor,No,semiurban,single,no,Approved
44,53757,28738,27,693,24,2,phd,No,semiurban,married,no,Approved
37,98012,4925,58,574,20,4,high school,No,urban,married,no,Rejected
41,126750,9463,20,683,39,0,master,No,semiurban,married,no,Approved
29,147043,18412,33,622,8,4,high school,No,semiurban,married,no,Approved
67,90247,23402,55,482,23,2,bachelor,Yes,semiurban,married,no,Rejected
52,92015,35010,51,739,31,0,master,No,semiurban,married,no,Approved
50,51390,26717,56,362,2,2,phd,Yes,semiurban,married,no,Rejected
50,76116,42552,48,333,32,0,high school,No,semiurban,single,yes,Rejected
68,33161,10797,25,776,11,2,bachelor,Yes,semiurban,married,no,Rejected
60,52152,21594,27,386,28,3,high school,No,semiurban,married,no,Rejected
54,100171,7406,54,509,20,4,bachelor,No,rural,married,no,Rejected
29,126379,14965,31,761,38,0,master,No,semiurban,married,no,Approved
20,115833,14733,55,380,33,4,high school,No,semiurban,married,yes,Rejected
18,40836,27926,26,621,32,0,master,No,rural,single,no,Rejected
50,110367,29783,55,714,31,0,high school,Yes,semiurban,married,no,Approved
57,86543,18824,37,489,19,0,bachelor,No,rural,single,no,Rejected
27,75648,37394,20,532,2,2,bachelor,Yes,rural,married,yes,Rejected
60,46331,43842,12,691,3,1,bachelor,No,semiurban,married,no,Rejected
61,125992,29287,46,468,16,2,high school,No,semiurban,single,no,Rejected
46,30763,17568,55,742,16,1,high school,No,rural,single,no,Rejected
30,89444,31436,31,467,18,2,master,Yes,semiurban,married,no,Rejected
29,113109,22380,56,530,3,1,phd,Yes,semiurban,married,yes,Rejected
48,39187,25796,17,449,28,0,bachelor,No,rural,married,no,Rejected
63,31957,9031,53,849,16,0,bachelor,No,semiurban,married,no,Rejected
19,24379,22947,21,685,21,1,master,No,semiurban,single,no,Rejected
68,47959,4188,59,680,1,1,bachelor,No,urban,married,no,Rejected
67,102018,26669,44,574,11,4,high school,No,semiurban,married,no,Rejected
52,143076,36713,27,361,10,0,master,No,rural,married,no,Rejected
40,47105,32813,47,766,39,2,high school,No,semiurban,married,no,Rejected
34,20877,7765,17,827,28,4,master,Yes,rural,single,no,Rejected
43,68353,24171,30,449,19,1,bachelor,No,semiurban,married,no,Rejected
25,103788,11807,42,441,4,2,bachelor,No,urban,married,no,Rejected
46,116870,11204,13,415,24,3,bachelor,No,semiurban,married,no,Rejected
43,104585,28066,29,364,33,3,high school,No,urban,married,no,Rejected
27,103308,43120,53,728,11,3,bachelor,No,urban,married,no,Approved
43,71567,38367,39,609,27,2,bachelor,No,urban,married,no,Approved
51,77913,23658,15,729,33,1,high school,No,semiurban,married,no,Approved
68,22637,38081,12,460,5,2,bachelor,No,rural,married,no,Rejected
58,92778,35986,58,605,18,4,high school,No,urban,married,no,Approved
24,62025,14786,53,660,11,4,bachelor,No,urban,married,yes,Rejected
21,126917,30283,27,577,24,3,high school,No,rural,single,no,Rejected
70,121187,1056,56,595,12,1,master,No,rural,single,no,Rejected
67,119508,46301,58,468,16,4,high school,No,rural,married,no,Rejected
62,102464,33911,13,758,11,0,bachelor,No,urban,married,no,Approved
28,48742,40986,47,306,2,0,master,No,semiurban,married,no,Rejected
46,31831,9559,12,431,23,3,master,Yes,urban,married,no,Rejected
53,133768,27058,50,646,7,3,master,No,semiurban,married,no,Approved
42,135911,23745,34,552,35,3,high school,Yes,semiurban,married,no,Rejected
38,105092,1615,37,709,25,4,phd,No,semiurban,married,no,Approved
53,110879,9062,22,842,7,1,high school,No,semiurban,married,no,Approved
27,108370,29214,53,654,31,3,bachelor,No,rural,married,no,Approved
54,146537,45288,12,667,31,2,high school,No,urban,married,no,Approved
26,66762,39745,22,810,0,3,master,Yes,urban,married,no,Rejected
41,124824,45187,35,832,2,4,master,No,rural,married,no,Rejected
52,118958,43548,21,827,0,1,master,No,semiurban,married,no,Rejected
66,108741,11681,25,827,14,3,high school,No,urban,single,no,Approved
52,38830,7984,25,701,19,0,high school,Yes,urban,married,no,Rejected
65,75044,28579,18,474,2,3,bachelor,No,semiurban,married,no,Rejected
53,93948,26274,34,377,14,3,phd,No,semiurban,single,no,Rejected
35,89202,38739,54,739,36,1,high school,Yes,urban,married,no,Approved
66,57045,28399,33,848,20,2,phd,No,rural,married,no,Approved
56,106322,32481,47,531,38,3,bachelor,No,semiurban,married,no,Rejected
49,137257,1944,38,699,22,3,master,Yes,rural,married,no,Approved
41,91051,29457,13,512,39,4,bachelor,No,semiurban,married,no,Rejected
40,127509,10114,50,492,34,1,master,No,urban,married,no,Rejected
49,46627,40846,57,566,17,4,phd,No,rural,married,no,Rejected
54,35198,19130,30,425,16,3,high school,No,urban,single,no,Rejected
29,89521,13312,18,681,30,3,high school,No,semiurban,married,no,Approved
66,131439,33596,23,843,25,0,master,No,semiurban,single,no,Approved
30,126471,39551,14,801,21,4,high school,No,semiurban,married,no,Approved
40,49475,10751,58,702,35,1,bachelor,No,urban,single,no,Rejected
42,125752,7907,16,560,34,3,high school,No,semiurban,single,no,Rejected
52,138998,29114,19,686,10,0,bachelor,No,urban,married,no,Approved
58,39403,26009,25,711,26,0,high school,No,semiurban,married,yes,Rejected
47,23681,20310,47,645,33,2,high school,No,rural,single,no,Rejected
34,111555,36725,18,393,17,1,bachelor,No,urban,married,no,Rejected
66,138884,19996,18,627,26,0,high school,Yes,rural,single,no,Approved
37,113122,7047,57,399,3,1,bachelor,Yes,semiurban,married,yes,Rejected
65,135260,40017,43,760,16,3,high school,No,urban,married,no,Approved
42,62292,29767,19,614,5,2,master,Yes,semiurban,single,no,Approved
39,123057,17347,23,324,10,1,bachelor,No,semiurban,married,no,Rejected
30,125386,37527,21,793,4,2,bachelor,No,semiurban,single,no,Approved
36,122306,25102,25,652,17,1,bachelor,Yes,urban,married,no,Approved
66,25629,5263,20,416,24,1,high school,Yes,semiurban,married,no,Rejected
53,113246,44049,49,498,9,4,master,No,semiurban,married,no,Rejected
29,115864,2902,41,578,15,2,phd,Yes,semiurban,married,no,Rejected
58,97814,31823,16,378,9,1,bachelor,No,rural,married,no,Rejected
36,28417,31540,12,723,9,4,high school,No,urban,single,no,Rejected
29,138888,36335,12,653,35,4,master,No,urban,single,no,Approved
26,54765,11190,31,825,20,2,master,Yes,rural,married,no,Approved
24,94499,41843,60,840,13,3,bachelor,No,urban,married,no,Approved
45,134088,28690,22,776,7,2,phd,No,urban,single,no,Approved
31,76574,3994,37,309,0,1,bachelor,No,rural,married,no,Rejected
48,122828,38997,55,802,15,3,high school,Yes,semiurban,married,yes,Rejected
69,110545,3010,14,559,25,2,high school,No,urban,married,no,Rejected
36,148206,8377,17,823,5,2,bachelor,No,urban,married,no,Approved
64,47675,14036,54,305,38,2,bachelor,No,urban,married,no,Rejected
33,145609,27467,56,334,1,2,high school,Yes,urban,single,no,Rejected
70,121711,1048,22,474,8,3,high school,No,semiurban,married,no,Rejected
22,92267,37978,19,741,4,1,phd,Yes,urban,single,no,Approved
52,60563,48606,40,446,39,4,high school,No,urban,single,no,Rejected
29,31332,17038,21,492,4,2,bachelor,No,rural,single,no,Rejected
42,143745,33576,45,312,7,4,high school,No,rural,married,no,Rejected
69,39177,8878,35,829,4,4,high school,No,rural,married,no,Rejected
38,109254,28609,57,545,4,4,bachelor,No,semiurban,single,no,Rejected
53,88447,49115,59,413,16,2,phd,No,semiurban,single,no,Rejected
70,77104,25070,28,532,8,2,master,Yes,urban,single,no,Rejected
40,104335,41647,43,621,33,2,high school,No,semiurban,married,no,Approved
33,134938,22996,22,837,32,2,bachelor,No,urban,married,no,Approved
56,100730,19161,45,425,21,0,master,No,rural,single,no,Rejected
62,24951,47022,35,612,20,1,high school,No,semiurban,married,no,Rejected
70,126402,41148,16,810,14,0,high school,No,rural,single,no,Approved
59,48333,3228,40,783,0,3,phd,No,urban,married,no,Rejected
56,41673,27365,59,580,6,0,master,No,semiurban,single,no,Rejected
31,134421,26188,59,582,22,0,bachelor,No,semiurban,married,no,Rejected
48,60870,43582,45,691,5,0,bachelor,No,urban,married,no,Approved
22,141945,9888,27,822,19,1,bachelor,Yes,semiurban,married,no,Approved
52,147536,24130,36,681,25,4,bachelor,No,urban,married,no,Approved
40,91101,40159,48,515,11,3,bachelor,Yes,semiurban,married,no,Rejected
46,42821,43197,19,841,12,3,high school,No,semiurban,single,no,Rejected
60,45494,19790,40,415,12,1,high school,Yes,semiurban,single,yes,Rejected
28,119477,25824,57,808,1,0,phd,No,rural,married,no,Rejected
35,146083,34405,36,799,31,4,high school,No,urban,single,yes,Rejected
64,94160,25474,53,570,30,2,bachelor,No,urban,married,no,Rejected
29,132698,18333,34,739,10,1,phd,No,semiurban,married,no,Approved
26,131560,43864,45,590,36,4,high school,Yes,rural,married,no,Rejected
27,20835,37355,14,338,3,1,high school,No,rural,married,no,Rejected
61,145126,34879,41,323,33,1,phd,No,semiurban,single,no,Rejected
34,38646,9367,45,342,15,2,master,No,rural,single,no,Rejected
55,143777,1722,43,469,30,4,bachelor,No,urban,single,no,Rejected
24,97360,32145,40,639,24,0,bachelor,Yes,urban,married,yes,Rejected
63,57335,38634,20,468,38,4,high school,No,rural,single,no,Rejected
30,89351,11139,13,837,7,4,bachelor,No,rural,married,no,Approved
57,134934,3128,50,771,7,0,master,Yes,urban,married,no,Approved
59,22429,42886,18,442,33,2,high school,Yes,urban,married,no,Rejected
26,61950,21617,57,400,14,4,high school,No,rural,married,no,Rejected
67,80654,29080,16,774,4,0,high school,No,urban,single,no,Approved
44,127422,36285,19,610,18,1,high school,No,rural,single,no,Approved
19,129934,18533,43,359,9,1,phd,No,semiurban,married,no,Rejected
22,139975,33624,29,328,8,0,bachelor,Yes,semiurban,married,yes,Rejected
46,88143,47996,49,830,28,1,high school,No,semiurban,single,no,Approved
54,111186,47947,57,372,39,4,master,No,semiurban,married,no,Rejected
55,124234,28956,29,693,36,0,high school,Yes,urban,married,no,Approved
36,117889,43443,60,693,18,4,phd,Yes,urban,married,no,Approved
25,122326,34077,52,780,12,3,master,Yes,semiurban,married,no,Approved
65,97527,4952,56,772,39,2,master,No,semiurban,single,no,Approved
62,106704,47639,27,612,15,2,high school,No,semiurban,single,no,Approved
18,51099,43460,32,737,29,2,high school,No,urban,married,no,Approved
39,59385,23796,21,623,4,0,high school,Yes,semiurban,married,no,Approved
69,55919,32746,53,386,32,3,high school,No,urban,single,no,Rejected
34,116952,22249,15,658,18,2,master,No,urban,married,no,Approved
24,80782,1015,55,496,18,4,high school,Yes,rural,single,yes,Rejected
42,91116,26957,19,684,16,2,bachelor,No,semiurban,married,yes,Rejected
62,92590,17005,58,417,23,3,bachelor,No,semiurban,married,yes,Rejected
21,109626,22292,30,797,27,4,high school,No,semiurban,married,no,Approved
53,60387,32876,58,761,36,4,high school,No,semiurban,single,no,Approved
23,35823,48046,51,795,21,0,master,No,rural,single,no,Rejected
48,66015,15817,51,546,38,0,high school,No,semiurban,married,no,Rejected
36,122877,26470,20,533,15,1,high school,Yes,semiurban,single,no,Rejected
61,35339,10759,41,716,34,3,master,No,urban,married,no,Rejected
56,149949,49432,28,766,26,4,bachelor,No,urban,married,no,Approved
44,23491,7412,51,781,11,3,master,Yes,urban,single,no,Rejected
27,20706,21504,55,664,27,2,master,No,semiurban,married,no,Rejected
43,117493,43964,26,452,0,2,master,No,urban,married,no,Rejected
36,35728,9507,15,571,38,1,high school,Yes,semiurban,married,no,Rejected
56,26997,22050,17,691,17,4,bachelor,Yes,urban,married,no,Rejected
20,123537,5820,27,846,22,4,bachelor,No,rural,married,no,Approved
62,80408,8835,37,729,21,1,master,No,urban,married,no,Approved
30,78097,28631,48,488,3,2,bachelor,No,semiurban,married,no,Rejected
67,149526,35617,34,551,10,4,bachelor,Yes,urban,married,no,Rejected
45,58523,14587,24,694,17,3,bachelor,No,urban,married,no,Approved
37,141648,35721,58,518,6,4,high school,Yes,rural,single,no,Rejected
45,45163,46499,28,489,20,2,master,No,semiurban,married,no,Rejected
25,37718,7840,38,533,34,4,high school,No,semiurban,single,no,Rejected
58,107508,38834,33,531,36,4,master,Yes,semiurban,married,no,Rejected
56,103767,32440,48,657,29,0,bachelor,No,semiurban,married,no,Approved
18,59619,36183,30,777,16,4,bachelor,No,semiurban,single,no,Approved
20,32126,31636,50,728,32,1,bachelor,No,semiurban,single,no,Rejected
30,109131,3389,46,536,15,1,high school,No,semiurban,married,no,Rejected
45,84926,49979,24,332,14,3,master,Yes,rural,married,no,Rejected
66,60633,1763,25,512,12,4,high school,No,semiurban,married,no,Rejected
42,97654,24925,59,678,38,3,high school,No,semiurban,single,no,Approved
50,23317,27549,42,301,2,2,high school,No,semiurban,married,no,Rejected
55,64980,40023,56,749,23,2,high school,Yes,semiurban,married,no,Approved
70,64115,40941,13,726,22,0,high school,No,semiurban,married,no,Approved
23,81646,24457,57,578,0,0,high school,No,semiurban,single,no,Rejected
61,63158,22423,50,513,31,4,bachelor,No,semiurban,married,no,Rejected
62,75963,11518,48,584,32,4,bachelor,No,rural,single,no,Rejected
49,67631,44020,25,842,29,3,master,No,semiurban,married,no,Approved
62,69316,33360,20,573,1,3,high school,No,urban,married,yes,Rejected
64,125364,46215,21,310,17,4,high school,No,urban,married,no,Rejected
38,79342,48857,18,346,29,4,high school,No,rural,married,no,Rejected
33,35504,29173,39,814,17,0,master,Yes,semiurban,married,no,Rejected
38,88593,10395,57,737,4,0,bachelor,Yes,semiurban,married,no,Approved
28,46660,45835,36,726,4,0,bachelor,Yes,semiurban,married,no,Rejected
54,57196,20207,57,731,7,4,high school,No,semiurban,single,no,Approved
53,85938,39055,39,429,8,3,high school,No,urban,married,no,Rejected
52,28605,47229,13,321,31,1,high school,No,semiurban,married,no,Rejected
36,77388,27639,28,688,13,1,master,No,semiurban,married,no,Approved
37,101297,47170,15,434,12,3,high school,No,semiurban,married,no,Rejected
35,75501,29924,24,831,17,3,phd,No,semiurban,married,no,Approved
64,73309,8433,29,519,3,3,phd,Yes,semiurban,married,no,Rejected
58,47043,31104,14,632,21,0,bachelor,Yes,urban,single,no,Rejected
66,53635,45052,48,429,19,2,phd,No,urban,single,no,Rejected
31,99315,38594,44,331,14,4,high school,No,semiurban,married,no,Rejected
32,100691,4664,52,724,6,0,high school,No,rural,married,no,Approved
48,126514,11528,35,597,12,1,high school,Yes,semiurban,single,no,Rejected
18,53132,29190,19,803,33,4,high school,No,semiurban,married,no,Approved
70,109387,1497,46,656,29,3,high school,No,urban,married,no,Approved
20,35366,8641,13,754,4,1,bachelor,No,rural,married,no,Rejected
33,113944,5643,44,700,0,3,high school,No,semiurban,married,no,Rejected
40,92107,6056,23,754,30,3,bachelor,No,semiurban,married,no,Approved
28,82580,33899,33,333,19,3,high school,No,semiurban,married,no,Rejected
29,135267,6443,24,547,18,4,high school,Yes,urban,married,no,Rejected
27,142362,18241,21,341,28,1,master,Yes,urban,single,no,Rejected
49,77889,47211,28,422,37,1,bachelor,No,rural,single,no,Rejected
33,99553,9712,54,326,9,3,master,Yes,urban,single,no,Rejected
25,59236,9221,16,761,28,0,phd,No,rural,married,no,Approved
55,24150,32346,20,446,30,2,bachelor,No,semiurban,single,no,Rejected
29,131369,16660,24,795,10,0,master,No,semiurban,married,yes,Rejected
41,39423,39915,34,785,22,4,high school,Yes,semiurban,single,no,Rejected
45,24137,12588,41,759,29,2,bachelor,No,rural,married,no,Rejected
70,49992,38372,54,427,24,0,bachelor,No,urban,married,yes,Rejected
25,130540,43220,15,675,15,1,bachelor,No,semiurban,single,no,Approved
45,114438,18942,32,382,22,0,master,No,urban,married,no,Rejected
53,135140,37373,54,834,32,3,master,No,semiurban,married,no,Approved
43,64921,47052,20,822,36,4,bachelor,No,rural,married,no,Approved
25,141225,2607,18,402,27,0,high school,No,urban,married,no,Rejected
67,99369,45477,27,818,26,0,high school,Yes,semiurban,married,yes,Rejected
45,86917,3016,34,661,5,2,bachelor,No,semiurban,single,no,Approved
45,93690,4574,34,555,37,3,bachelor,No,rural,single,no,Rejected
54,54235,47309,42,546,36,2,high school,No,urban,married,no,Rejected
58,98975,8274,16,491,5,4,phd,No,semiurban,married,no,Rejected
53,39122,43703,17,834,24,4,phd,No,rural,single,no,Rejected
44,43956,16748,12,613,12,3,master,No,semiurban,single,no,Rejected
34,83879,21175,59,575,32,2,high school,No,rural,married,no,Rejected
26,78560,40174,39,672,32,3,bachelor,No,semiurban,single,no,Approved
50,141435,12826,29,743,24,2,bachelor,No,semiurban,married,no,Approved
70,102800,18472,35,494,13,1,bachelor,No,semiurban,single,no,Rejected
37,130310,35129,24,557,39,3,high school,No,urban,single,no,Rejected
30,88685,5473,44,659,37,4,bachelor,Yes,semiurban,single,no,Approved
45,44660,24490,21,847,8,2,master,No,urban,single,no,Rejected
65,148029,41087,18,407,17,1,phd,No,urban,married,no,Rejected
46,126196,42435,48,323,14,4,bachelor,No,urban,married,no,Rejected
30,106064,10481,43,764,3,2,phd,No,semiurban,married,no,Approved
63,134440,9520,56,321,33,1,phd,Yes,semiurban,married,no,Rejected
52,21168,27415,33,801,37,4,bachelor,No,urban,married,no,Rejected
23,65124,18570,27,800,16,4,bachelor,No,semiurban,single,no,Approved
35,55897,20798,35,706,6,1,high school,No,rural,single,no,Approved
68,35032,4536,25,629,31,4,bachelor,No,semiurban,married,no,Rejected
22,72797,2773,22,585,22,2,high school,No,semiurban,single,no,Rejected
64,55294,30894,30,446,19,2,high school,No,semiurban,married,no,Rejected
42,63827,44023,34,683,1,4,master,No,semiurban,married,no,Rejected
19,23516,36326,45,310,20,0,master,No,urban,married,no,Rejected
27,39751,6079,51,575,11,1,high school,No,semiurban,married,no,Rejected
47,50373,26838,24,602,26,0,bachelor,No,semiurban,married,yes,Rejected
67,142026,22804,50,503,9,2,bachelor,No,urban,married,no,Rejected
62,50270,48109,55,644,7,4,bachelor,No,urban,married,no,Approved
22,30386,20675,39,565,20,3,high school,No,semiurban,single,no,Rejected
50,121859,26594,51,321,21,3,master,No,rural,married,yes,Rejected
18,84817,43749,27,835,12,0,high school,No,rural,single,no,Approved
35,85184,37292,39,395,39,0,high school,No,semiurban,single,no,Rejected
49,134316,9998,15,744,11,0,bachelor,No,semiurban,married,no,Approved
64,99693,14697,39,562,16,2,master,No,semiurban,married,yes,Rejected
66,57879,47374,23,682,8,2,phd,No,semiurban,married,no,Approved
28,125056,14429,27,849,39,4,bachelor,No,urban,married,no,Approved
38,69597,49807,60,691,11,2,high school,Yes,semiurban,single,no,Approved
43,59132,8140,47,839,8,4,bachelor,No,urban,married,no,Approved
42,23626,42553,31,391,29,4,phd,No,semiurban,married,no,Rejected
39,105936,15901,37,458,5,0,high school,No,rural,married,no,Rejected
44,122179,24279,37,527,24,3,phd,No,rural,married,no,Rejected
66,123801,29525,33,772,27,0,high school,No,semiurban,single,no,Approved
30,101515,21491,20,671,9,2,master,No,urban,married,no,Approved
50,97065,4280,16,675,27,1,high school,No,semiurban,married,no,Approved
51,75390,35980,28,336,28,2,master,No,semiurban,single,no,Rejected
58,36645,48981,60,336,35,3,high school,Yes,rural,married,no,Rejected
52,111960,30989,45,400,10,2,high school,No,rural,married,no,Rejected
18,74144,9078,13,842,20,3,master,No,urban,married,no,Approved
38,33382,27118,18,489,37,1,bachelor,Yes,urban,married,no,Rejected
65,24025,24985,47,811,25,1,master,No,rural,married,no,Rejected
23,63226,49704,24,389,17,4,bachelor,No,rural,married,yes,Rejected
45,99380,17997,31,305,3,2,phd,No,urban,married,no,Rejected
34,142971,15274,41,438,14,4,high school,No,semiurban,single,no,Rejected
22,138910,1868,41,394,22,0,bachelor,No,semiurban,married,no,Rejected
48,89711,27398,22,685,5,0,phd,No,urban,married,no,Approved
22,116055,17042,42,422,6,0,bachelor,No,rural,married,no,Rejected
55,146189,32820,14,584,14,0,phd,No,semiurban,single,no,Rejected
20,94710,49175,13,665,8,0,master,No,urban,single,no,Approved
70,23443,22246,59,789,29,2,bachelor,No,urban,married,no,Rejected
40,41395,21561,14,624,27,4,bachelor,No,rural,married,no,Rejected
54,30725,17254,26,706,29,4,master,No,semiurban,married,yes,Rejected
70,53461,35512,28,818,7,3,phd,No,rural,married,no,Approved
54,147000,36024,59,376,34,0,bachelor,No,semiurban,single,no,Rejected
27,61115,24996,18,533,34,1,high school,No,semiurban,single,no,Rejected
27,130084,29618,59,783,25,3,high school,No,semiurban,married,no,Approved
36,116887,12859,16,763,29,3,bachelor,No,rural,single,no,Approved
34,103732,24580,45,570,34,2,high school,No,semiurban,single,no,Rejected
38,132145,6423,44,766,37,3,bachelor,No,semiurban,married,no,Approved
31,99790,38857,56,768,10,1,master,No,semiurban,single,no,Approved
26,99557,7608,27,846,19,4,bachelor,No,rural,married,no,Approved
63,131672,43485,48,569,30,3,bachelor,No,semiurban,single,no,Rejected
18,91260,5876,14,677,33,2,high school,No,semiurban,married,no,Approved
68,48690,22038,58,476,11,0,master,Yes,urban,married,no,Rejected
62,21407,29006,59,573,27,1,bachelor,No,semiurban,married,no,Rejected
30,93568,36775,54,326,2,0,high school,Yes,semiurban,single,no,Rejected
21,78560,31810,32,359,4,3,bachelor,No,rural,married,no,Rejected
18,67340,15325,52,516,12,4,high school,No,urban,married,no,Rejected
66,37794,36892,19,569,11,2,bachelor,No,rural,single,no,Rejected
57,39881,2753,33,415,0,1,master,No,urban,single,yes,Rejected
49,106292,30531,16,544,18,4,high school,Yes,urban,married,yes,Rejected
51,125698,18996,28,384,28,1,phd,No,urban,married,no,Rejected
45,114952,4275,48,749,38,2,bachelor,No,rural,married,no,Approved
48,69703,9747,25,835,24,2,bachelor,No,semiurban,married,no,Approved
25,64354,46211,50,388,15,3,high school,No,urban,married,no,Rejected
56,111288,1824,52,848,16,1,master,No,semiurban,married,no,Approved
43,98462,14880,39,806,27,3,bachelor,No,rural,married,yes,Rejected
51,139020,44809,42,707,38,1,master,No,rural,married,no,Approved
20,119301,2081,28,570,4,1,high school,No,semiurban,married,yes,Rejected
67,138764,12517,46,823,0,0,master,No,urban,married,no,Rejected
29,34390,22683,51,793,2,3,phd,Yes,rural,single,no,Rejected
18,124403,17876,33,747,23,1,high school,Yes,rural,married,no,Approved
61,107475,38532,56,842,28,1,phd,No,rural,married,no,Approved
22,47307,9266,59,649,14,2,bachelor,No,rural,married,no,Rejected
47,116364,12183,40,627,3,0,high school,No,semiurban,single,no,Approved
47,114049,22066,21,585,0,2,high school,No,rural,married,no,Rejected
34,138740,13877,29,334,14,3,high school,Yes,rural,married,no,Rejected
65,139991,10982,46,832,23,3,high school,No,rural,single,no,Approved
64,44502,9968,55,787,30,1,high school,No,semiurban,married,no,Rejected
40,115599,27598,27,786,19,4,high school,No,semiurban,married,yes,Rejected
32,42486,15639,60,444,9,2,high school,No,semiurban,single,no,Rejected
54,131813,5674,18,823,10,3,high school,No,rural,married,no,Approved
38,58258,5316,41,445,17,1,high school,No,urban,married,yes,Rejected
31,77716,49082,30,802,33,1,phd,No,urban,single,no,Approved
19,117228,10695,34,826,27,2,phd,No,semiurban,married,no,Approved
28,123920,49582,19,571,37,1,master,No,semiurban,married,no,Rejected
68,101494,32094,28,833,15,0,high school,No,urban,married,no,Approved
56,120552,23187,32,394,23,4,high school,No,semiurban,single,no,Rejected
55,102768,42147,37,746,38,2,high school,Yes,semiurban,single,no,Approved
51,30748,2214,39,714,11,2,high school,No,rural,married,no,Rejected
55,82785,24940,50,556,6,2,phd,No,urban,single,no,Rejected
67,96050,45406,44,561,35,1,master,No,rural,married,no,Rejected
51,42738,26685,51,386,16,1,high school,No,semiurban,single,no,Rejected
35,94231,44481,30,735,3,2,bachelor,No,rural,married,no,Approved
47,93606,16977,40,407,36,2,master,No,rural,married,no,Rejected
32,113301,45839,31,318,32,0,master,Yes,rural,married,no,Rejected
44,61662,36904,31,664,18,3,high school,No,semiurban,married,no,Approved
68,138313,26538,21,678,25,0,high school,Yes,urban,married,no,Approved
51,116297,40386,23,459,10,2,bachelor,Yes,urban,married,no,Rejected
69,102234,39033,44,399,30,1,high school,No,semiurban,married,no,Rejected
55,35123,8965,36,564,0,1,master,No,semiurban,married,no,Rejected
50,120680,10597,36,348,39,2,high school,No,semiurban,married,no,Rejected
41,45616,42476,15,714,35,3,high school,No,semiurban,married,no,Rejected
32,122682,28740,15,358,28,4,high school,No,semiurban,married,no,Rejected
47,31182,7569,20,482,24,4,high school,No,semiurban,married,no,Rejected
59,110369,38981,26,746,17,0,bachelor,No,urban,single,no,Approved
68,118878,12881,37,600,2,3,high school,No,semiurban,married,no,Rejected
34,82013,37996,26,653,17,4,high school,No,semiurban,married,no,Approved
22,51331,33177,37,512,6,3,master,Yes,semiurban,married,no,Rejected
46,66098,38177,39,488,27,1,high school,No,semiurban,married,no,Rejected
21,46128,1590,18,646,16,1,high school,No,urban,married,no,Rejected
27,51556,27119,43,436,24,3,high school,No,semiurban,married,no,Rejected
34,147398,28915,23,329,17,2,high school,Yes,semiurban,married,no,Rejected
27,107505,3708,46,445,39,4,bachelor,No,rural,single,no,Rejected
34,41876,39749,43,767,2,4,high school,Yes,semiurban,married,no,Rejected
37,28949,45989,20,802,24,1,bachelor,Yes,urban,single,no,Rejected
41,71962,23106,25,490,6,0,bachelor,No,semiurban,single,yes,Rejected
22,110054,18131,24,770,9,4,bachelor,No,semiurban,single,no,Approved
51,143984,47553,55,644,18,1,phd,No,semiurban,single,no,Approved
23,91206,7553,44,300,14,1,high school,Yes,semiurban,married,no,Rejected
70,44099,18881,43,409,20,3,bachelor,Yes,urban,married,no,Rejected
19,124871,2379,30,363,20,3,master,No,urban,married,no,Rejected
30,32716,26255,41,352,36,3,phd,No,semiurban,married,no,Rejected
60,72611,41128,27,561,27,0,bachelor,No,rural,single,no,Rejected
60,58885,4770,23,828,31,4,high school,No,urban,married,no,Approved
65,73144,20726,21,601,26,0,high school,Yes,semiurban,married,no,Approved
28,85220,48217,13,533,22,0,high school,No,rural,married,no,Rejected
68,27837,10088,29,372,9,3,phd,No,semiurban,single,no,Rejected
64,69355,35314,24,656,39,1,bachelor,No,semiurban,single,no,Approved
40,67299,39976,40,783,5,2,bachelor,No,urban,married,no,Approved
33,39159,17350,35,305,23,1,bachelor,Yes,semiurban,married,no,Rejected
48,145212,42643,49,436,17,1,high school,No,urban,married,no,Rejected
28,136680,35063,23,703,9,1,high school,No,rural,single,no,Approved
33,136931,16861,40,505,14,1,phd,No,semiurban,single,no,Rejected
25,126802,14973,33,709,33,0,master,Yes,rural,single,no,Approved
21,136375,18769,47,335,7,3,bachelor,Yes,rural,married,yes,Rejected
57,122413,48249,12,529,34,3,high school,No,semiurban,single,yes,Rejected
21,71012,18326,54,526,26,1,bachelor,No,urban,single,no,Rejected
42,79305,37048,51,561,24,2,high school,No,semiurban,married,yes,Rejected
20,107096,47365,45,430,2,4,high school,Yes,rural,single,no,Rejected
49,37106,3786,45,747,20,1,high school,No,semiurban,married,no,Rejected
20,78123,36001,59,485,38,1,bachelor,No,rural,married,no,Rejected
44,131825,2620,44,485,31,2,high school,Yes,rural,single,no,Rejected
46,28720,37303,15,573,20,0,high school,No,semiurban,single,no,Rejected
49,57661,20589,49,651,8,1,master,No,semiurban,single,no,Approved
67,135031,3882,41,712,0,2,master,No,semiurban,married,no,Rejected
68,113898,25524,57,450,3,0,high school,Yes,semiurban,married,no,Rejected
36,113794,10745,31,683,3,0,high school,No,urban,married,no,Approved
38,107318,37665,37,335,25,1,master,No,urban,married,no,Rejected
22,126704,16861,26,625,33,0,master,No,urban,single,no,Approved
35,41120,27171,18,764,26,1,bachelor,No,urban,married,no,Rejected
45,39790,27199,18,765,14,1,bachelor,No,urban,married,no,Rejected
59,78655,3837,40,394,31,3,high school,No,rural,married,no,Rejected
39,79643,9599,34,433,6,4,master,Yes,semiurban,single,no,Rejected
38,113448,16911,45,461,13,4,master,No,urban,married,no,Rejected
23,67374,21553,31,599,22,3,bachelor,No,semiurban,married,no,Rejected
18,62907,40489,26,655,0,1,phd,No,semiurban,married,no,Rejected
22,70071,24813,44,539,31,2,high school,No,urban,single,no,Rejected
58,140507,39255,28,466,25,0,high school,Yes,rural,married,no,Rejected
29,54812,48889,31,439,8,3,high school,Yes,urban,married,yes,Rejected
43,69570,30520,24,438,15,3,high school,No,urban,married,no,Rejected
63,70901,30541,55,534,30,3,master,No,urban,single,no,Rejected
51,80186,1236,35,302,1,3,master,No,rural,married,no,Rejected
66,142066,28350,58,555,31,4,master,No,rural,single,no,Rejected
31,148364,45397,48,670,9,1,high school,No,rural,married,yes,Rejected
43,70251,12549,18,577,24,3,master,No,rural,single,no,Rejected
62,85171,28453,19,815,17,3,high school,No,urban,single,no,Approved
44,56160,36191,34,511,33,3,high school,No,semiurban,married,no,Rejected
26,39156,13906,25,515,28,2,bachelor,Yes,semiurban,married,yes,Rejected
43,96208,15988,15,569,23,2,high school,No,rural,married,no,Rejected
64,99980,28723,32,775,2,0,phd,No,semiurban,single,yes,Rejected
39,92320,34800,57,827,14,1,high school,No,semiurban,married,no,Approved
64,37929,40107,21,363,2,3,bachelor,No,semiurban,married,no,Rejected
47,86606,28430,33,759,30,0,master,No,semiurban,married,no,Approved
60,108442,33535,41,315,9,0,bachelor,No,semiurban,married,no,Rejected
65,120154,3940,41,318,37,1,bachelor,No,rural,single,no,Rejected
34,82559,22793,27,624,21,2,high school,No,rural,married,no,Approved
43,74205,13262,22,392,13,1,high school,No,semiurban,married,no,Rejected
53,130694,45420,33,316,8,0,bachelor,No,urban,married,no,Rejected
18,88475,38710,40,787,17,1,phd,No,semiurban,married,no,Approved
25,84341,7961,36,393,7,2,phd,No,semiurban,married,no,Rejected
66,115377,27499,25,309,37,0,bachelor,No,semiurban,married,no,Rejected
52,62863,41498,25,827,14,1,bachelor,Yes,semiurban,single,no,Approved
69,101837,32283,13,788,14,3,master,No,urban,married,no,Approved
32,85439,1633,24,443,5,3,bachelor,Yes,semiurban,married,yes,Rejected
64,27194,7822,14,814,11,1,master,Yes,rural,single,yes,Rejected
39,91387,26968,41,769,18,1,master,Yes,urban,married,no,Approved
31,141361,40255,29,676,39,2,phd,No,rural,married,no,Approved
43,101914,48899,47,793,4,0,master,No,urban,single,no,Approved
45,86214,20830,32,783,26,1,master,No,semiurban,single,no,Approved
40,116176,6738,30,751,9,0,high school,No,urban,single,no,Approved
31,119292,4098,27,835,13,3,high school,No,semiurban,married,no,Approved
41,49777,30888,39,374,33,0,master,No,urban,married,no,Rejected
19,145355,9097,15,339,14,4,high school,Yes,semiurban,married,yes,Rejected
62,46183,14136,26,601,28,2,high school,Yes,semiurban,married,no,Rejected
43,47445,39244,12,361,25,2,phd,No,semiurban,single,no,Rejected
31,87038,9253,59,802,26,0,bachelor,No,semiurban,married,no,Approved
68,136477,26208,58,544,2,2,high school,Yes,urban,married,no,Rejected
24,107201,5887,27,317,2,0,bachelor,No,urban,married,no,Rejected
20,36198,45411,31,697,34,0,high school,No,urban,married,no,Rejected
64,41411,10492,44,488,34,3,master,No,semiurban,single,no,Rejected
40,70577,36421,28,403,5,0,master,Yes,urban,single,no,Rejected
63,35867,2454,16,643,13,2,master,No,semiurban,single,no,Rejected
60,82501,18522,16,670,25,4,high school,No,urban,single,no,Approved
64,34266,39575,50,332,2,1,high school,No,semiurban,single,no,Rejected
62,59422,4192,24,673,32,2,high school,No,rural,married,no,Approved
35,55208,46580,55,477,12,4,high school,No,semiurban,married,no,Rejected
55,128538,16775,47,311,28,2,master,No,semiurban,single,no,Rejected
52,141544,11402,41,755,8,4,bachelor,No,semiurban,single,no,Approved
68,51213,14074,15,548,31,2,high school,Yes,semiurban,married,no,Rejected
32,27367,16245,34,747,21,1,high school,Yes,semiurban,married,yes,Rejected
42,144158,37527,32,303,21,3,high school,Yes,rural,married,no,Rejected
54,99026,26936,32,535,33,3,master,No,urban,married,no,Rejected
45,55362,28002,17,472,9,1,high school,Yes,urban,single,no,Rejected
27,139377,16683,35,621,24,2,high school,No,urban,married,no,Approved
56,71588,13460,58,670,11,4,high school,No,urban,married,no,Approved
34,58285,31482,42,847,2,0,bachelor,No,urban,single,no,Rejected
56,146683,17447,30,595,18,2,high school,Yes,urban,single,no,Rejected
39,145085,49228,49,699,32,1,master,No,semiurban,married,no,Approved
43,94755,18729,23,357,25,3,master,Yes,urban,single,no,Rejected
61,91846,21545,25,829,12,3,high school,Yes,urban,married,no,Approved
42,56307,29204,23,847,6,2,high school,No,semiurban,married,no,Approved
34,115167,10814,26,707,33,4,phd,No,urban,single,no,Approved
30,100280,14890,30,812,21,1,master,No,rural,married,no,Approved
37,39867,2740,39,363,19,1,high school,No,semiurban,married,no,Rejected
42,76523,31121,51,719,22,4,high school,No,semiurban,single,no,Approved
21,104161,12218,52,445,13,4,high school,No,semiurban,single,no,Rejected
27,26378,7055,16,571,29,2,bachelor,No,semiurban,married,no,Rejected
20,104685,23705,16,316,22,2,phd,No,urban,married,no,Rejected
58,127669,35722,17,397,18,3,bachelor,Yes,urban,married,no,Rejected
62,96958,43000,34,751,38,3,high school,No,semiurban,married,no,Approved
35,47926,7439,14,542,35,4,bachelor,No,semiurban,single,yes,Rejected
64,123215,31921,48,778,5,0,phd,No,urban,single,yes,Rejected
53,118707,34729,44,500,22,0,high school,No,urban,married,no,Rejected
64,33180,24211,54,772,9,0,phd,No,rural,married,no,Rejected
39,112837,31614,32,478,34,1,bachelor,No,rural,single,no,Rejected
51,138070,18601,31,807,20,2,high school,No,semiurban,married,no,Approved
64,56931,28796,12,752,31,4,high school,No,semiurban,single,no,Approved
25,44014,7007,50,569,29,3,high school,No,semiurban,single,yes,Rejected
57,134775,21514,58,533,32,0,bachelor,No,urban,married,no,Rejected
66,116472,18776,28,785,5,3,bachelor,No,semiurban,married,no,Approved
61,99872,3076,40,637,4,2,bachelor,No,urban,married,no,Approved
36,78502,26350,19,747,14,4,high school,No,semiurban,single,no,Approved
59,107736,39964,37,656,24,0,phd,No,urban,single,yes,Rejected
58,25470,17292,39,348,12,0,high school,No,urban,married,no,Rejected
54,116395,32510,45,795,5,4,high school,No,semiurban,single,no,Approved
23,34953,29000,37,645,36,3,high school,No,rural,married,no,Rejected
69,124580,44083,24,592,1,2,high school,No,rural,single,no,Rejected
43,58507,31383,55,449,16,2,phd,No,rural,married,yes,Rejected
51,138961,12785,48,844,23,2,high school,No,rural,married,no,Approved
62,112969,41910,24,559,11,3,high school,No,urban,married,no,Rejected
23,111493,40028,49,621,13,3,bachelor,No,semiurban,single,no,Approved
54,26523,25855,36,376,6,0,bachelor,No,semiurban,single,no,Rejected
50,106923,25281,58,409,25,3,high school,Yes,urban,married,no,Rejected
70,77190,49302,34,846,31,1,high school,Yes,rural,married,no,Approved
39,67761,5841,33,722,28,4,high school,No,urban,single,no,Approved
38,51169,32668,32,693,38,3,master,No,semiurban,married,no,Approved
23,65641,27918,41,534,8,2,bachelor,Yes,rural,married,no,Rejected
23,42990,47152,22,629,13,3,phd,Yes,urban,single,no,Rejected
65,49661,18443,15,624,16,0,high school,No,semiurban,married,no,Rejected
21,33419,33250,44,450,24,4,bachelor,No,semiurban,single,no,Rejected
47,34457,2922,58,845,29,4,master,No,semiurban,single,no,Rejected
28,87600,32976,23,331,28,2,high school,Yes,semiurban,married,no,Rejected
47,123619,12991,20,571,28,4,bachelor,No,rural,married,no,Rejected
48,96102,39869,43,667,17,1,bachelor,No,semiurban,married,no,Approved
41,53085,23733,22,791,30,4,bachelor,No,urban,single,no,Approved
26,117064,3473,48,615,18,2,bachelor,No,rural,married,no,Approved
20,70654,9108,35,667,16,4,bachelor,No,semiurban,married,no,Approved
68,26130,29715,18,379,5,3,master,No,urban,single,no,Rejected
48,125723,49218,19,471,11,0,phd,No,urban,married,no,Rejected
57,22042,43811,44,557,37,3,bachelor,No,urban,married,no,Rejected
54,90134,33210,36,578,2,1,high school,No,urban,single,no,Rejected
53,62982,49978,12,803,34,1,master,Yes,urban,single,no,Approved
41,118422,38317,14,790,32,0,high school,No,urban,married,no,Approved
48,85185,34362,51,636,28,0,high school,Yes,semiurban,married,no,Approved
23,53477,5889,39,820,2,0,bachelor,No,rural,married,yes,Rejected
19,134161,25021,54,625,4,0,bachelor,No,rural,single,no,Approved
37,72709,9212,44,471,13,4,master,No,semiurban,single,yes,Rejected
45,48716,32971,57,383,35,3,phd,No,semiurban,married,no,Rejected
28,98137,4201,12,823,27,1,master,No,rural,single,no,Approved
21,56018,41622,49,780,31,4,phd,No,urban,married,no,Approved
32,28061,40531,38,843,17,0,bachelor,No,semiurban,married,no,Rejected
23,28609,44421,49,717,39,2,high school,No,semiurban,single,no,Rejected
66,55371,25346,46,638,12,2,bachelor,No,rural,single,no,Approved
47,130350,38958,21,619,1,3,bachelor,No,semiurban,married,yes,Rejected
55,103021,14715,23,603,24,1,bachelor,No,rural,married,no,Approved
68,40805,6681,21,571,19,1,bachelor,No,urban,married,no,Rejected
19,27857,37446,45,413,6,3,master,No,urban,married,no,Rejected
32,31620,47870,35,706,10,0,high school,No,semiurban,married,no,Rejected
28,28177,17720,39,325,4,0,high school,Yes,semiurban,single,no,Rejected
25,50111,2667,33,536,28,1,bachelor,No,semiurban,married,no,Rejected
43,140770,29152,56,609,17,1,phd,No,semiurban,married,no,Approved
68,108578,9204,27,532,7,1,high school,No,urban,married,no,Rejected
62,104181,38890,24,848,26,0,phd,No,urban,married,no,Approved
61,109941,25537,47,564,1,2,phd,No,urban,married,no,Rejected
22,147049,12217,47,312,34,3,high school,No,rural,single,no,Rejected
23,31826,49351,54,795,25,3,master,No,semiurban,married,no,Rejected
43,33890,34741,34,615,22,4,high school,Yes,urban,married,no,Rejected
21,102428,21654,25,683,4,4,bachelor,No,semiurban,single,no,Approved
36,137067,2408,43,615,15,2,bachelor,No,urban,married,no,Approved
37,146044,43903,14,555,10,1,phd,No,semiurban,married,no,Rejected
50,78031,19672,38,740,18,2,bachelor,Yes,semiurban,married,no,Approved
37,139440,42506,30,414,15,4,bachelor,No,urban,married,no,Rejected
66,132134,48117,33,598,31,4,bachelor,Yes,semiurban,married,no,Rejected
29,95020,2218,12,423,11,3,high school,Yes,semiurban,married,no,Rejected
64,25495,37145,16,555,1,2,bachelor,No,urban,married,no,Rejected
18,48481,44732,60,346,21,0,phd,No,urban,married,no,Rejected
43,31267,31105,44,762,25,4,high school,No,urban,single,no,Rejected
31,137897,5098,30,649,32,3,bachelor,Yes,semiurban,married,no,Approved
55,125702,8619,47,422,23,1,high school,No,urban,married,no,Rejected
54,26743,12939,17,330,4,2,master,Yes,urban,married,no,Rejected
28,74800,19226,26,354,20,4,high school,Yes,rural,single,no,Rejected
53,123475,26322,47,452,17,0,high school,No,urban,married,no,Rejected
30,68773,17878,44,755,38,4,master,No,semiurban,married,no,Approved
60,77042,7560,35,585,4,0,bachelor,No,rural,single,no,Rejected
20,69476,39278,38,335,7,2,bachelor,No,urban,single,no,Rejected
50,147967,37212,60,555,20,0,master,No,rural,married,no,Rejected
23,112105,30299,22,477,4,0,high school,No,semiurban,married,no,Rejected
67,48552,8543,60,847,12,3,high school,No,semiurban,married,yes,Rejected
27,85242,24946,34,553,18,2,high school,No,semiurban,single,no,Rejected
22,65772,32740,44,807,28,4,bachelor,Yes,semiurban,married,no,Approved
40,63730,46197,52,320,1,1,high school,No,semiurban,single,no,Rejected
27,48948,8253,57,374,36,2,bachelor,Yes,urban,single,no,Rejected
61,96311,14775,58,759,25,2,high school,No,semiurban,single,no,Approved
19,89093,33813,40,477,28,1,high school,Yes,rural,married,yes,Rejected
30,89123,28632,42,681,4,4,high school,No,urban,married,no,Approved
57,36535,49365,12,336,31,3,bachelor,No,urban,married,no,Rejected
19,86490,3057,45,419,37,4,high school,No,semiurban,married,no,Rejected
37,66562,34431,29,300,1,1,high school,No,urban,married,no,Rejected
18,139042,38436,29,610,4,4,master,Yes,semiurban,married,no,Approved
54,145251,19413,17,507,32,2,high school,No,semiurban,single,no,Rejected
26,109080,31225,51,453,34,3,phd,No,semiurban,single,no,Rejected
34,147844,39485,12,614,18,0,bachelor,No,semiurban,single,no,Approved
26,78535,3696,58,606,14,4,high school,No,semiurban,single,no,Approved
28,118991,46968,53,803,34,0,phd,No,semiurban,married,no,Approved
32,61269,17101,41,819,7,3,bachelor,No,urban,married,yes,Rejected
41,100674,9831,15,396,0,0,bachelor,No,semiurban,married,no,Rejected
55,62462,20047,43,789,37,4,high school,No,rural,married,no,Approved
52,23127,6004,21,306,21,1,high school,No,semiurban,single,no,Rejected
47,43147,23705,54,311,16,2,master,No,urban,married,no,Rejected
48,65528,46924,16,813,15,2,high school,No,semiurban,single,no,Approved
66,97095,22509,20,648,0,0,bachelor,No,semiurban,single,no,Rejected
22,133100,38170,16,306,2,2,bachelor,Yes,urban,married,no,Rejected
61,88931,44555,22,799,5,2,high school,No,semiurban,single,no,Approved
67,110925,15662,46,774,2,1,master,Yes,urban,single,no,Rejected
31,86381,39680,38,823,29,0,high school,No,semiurban,married,no,Approved
70,119468,1394,15,356,10,1,high school,Yes,rural,married,no,Rejected
28,131258,48403,21,532,26,1,phd,No,rural,single,no,Rejected
26,83749,37365,50,329,21,3,high school,No,semiurban,married,no,Rejected
51,58672,11524,44,666,5,0,master,No,semiurban,married,no,Approved
29,33731,34097,49,355,37,1,bachelor,No,urban,married,no,Rejected
52,144647,27673,19,309,30,4,bachelor,No,urban,married,no,Rejected
52,74512,18156,60,446,5,2,bachelor,No,semiurban,single,no,Rejected
18,118658,2645,35,663,19,0,high school,No,semiurban,married,no,Approved
57,71024,30049,50,552,10,3,bachelor,No,semiurban,single,no,Rejected
39,136712,10815,44,552,1,1,phd,No,urban,single,no,Rejected
46,121121,2848,52,742,30,4,high school,No,semiurban,married,no,Approved
25,23832,35329,54,639,37,2,high school,No,semiurban,married,no,Rejected
28,52332,34541,30,815,25,2,bachelor,No,rural,single,no,Approved
58,32467,8311,13,652,26,4,high school,No,rural,married,no,Rejected
54,61025,22563,22,622,30,0,master,No,rural,married,no,Approved
31,33107,16203,46,439,23,2,bachelor,Yes,semiurban,single,no,Rejected
47,148347,10290,28,744,12,2,high school,Yes,urban,married,no,Approved
52,97994,35818,53,394,24,2,bachelor,No,semiurban,single,no,Rejected
38,114202,18131,14,719,36,1,high school,No,semiurban,married,no,Approved
54,63481,31143,33,813,24,1,high school,No,semiurban,married,no,Approved
22,22581,25509,46,449,28,2,master,No,rural,married,no,Rejected
36,95118,23244,32,650,30,3,high school,No,semiurban,married,no,Approved
31,144010,37741,36,415,38,2,bachelor,No,rural,married,yes,Rejected
43,71638,27898,50,536,1,0,bachelor,No,urban,single,no,Rejected
21,143714,35383,13,569,11,3,bachelor,No,urban,single,no,Rejected
42,28418,48318,12,590,4,0,high school,No,urban,married,no,Rejected
62,113627,21138,18,733,26,4,master,No,semiurban,married,no,Approved
59,49113,44262,31,308,33,4,phd,No,rural,married,no,Rejected
42,104363,6506,54,774,13,1,bachelor,No,urban,married,no,Approved
35,143607,21605,17,821,6,1,high school,No,semiurban,married,no,Approved
57,83044,14054,47,836,36,1,master,Yes,semiurban,single,no,Approved
25,99955,29231,32,310,35,4,phd,No,urban,married,no,Rejected
56,81030,14861,57,626,9,0,master,No,urban,married,no,Approved
57,31814,12587,46,575,28,3,high school,No,semiurban,married,no,Rejected
31,119340,14515,47,669,15,1,high school,Yes,urban,married,no,Approved
49,30024,22675,19,789,37,4,high school,No,semiurban,single,no,Rejected
68,83288,39622,15,644,20,1,high school,No,urban,married,no,Approved
55,129236,17600,54,667,37,2,high school,No,rural,married,no,Approved
50,77836,28892,27,610,32,3,phd,No,semiurban,married,no,Approved
40,27435,18743,14,784,28,0,bachelor,No,semiurban,married,no,Rejected
32,87084,4774,18,314,16,1,high school,No,semiurban,single,no,Rejected
50,144023,22801,13,303,12,2,bachelor,No,rural,married,no,Rejected
42,90601,38695,12,675,5,2,high school,No,rural,married,no,Approved
34,108416,29853,12,668,1,3,bachelor,No,urban,married,no,Rejected
50,140871,5429,49,764,7,4,high school,Yes,semiurban,married,no,Approved
64,138645,5606,18,832,31,4,high school,Yes,semiurban,married,no,Approved
19,23407,5478,35,436,35,1,high school,No,semiurban,married,yes,Rejected
31,118943,49844,16,662,8,1,bachelor,No,rural,married,no,Approved
70,52940,19280,32,515,22,4,bachelor,No,semiurban,married,no,Rejected
57,25666,41134,39,667,6,0,bachelor,No,semiurban,married,no,Rejected
57,57122,5427,29,416,30,0,master,No,semiurban,single,yes,Rejected
68,138647,47244,35,478,20,2,bachelor,No,rural,married,no,Rejected
56,45092,6361,43,545,0,3,bachelor,No,semiurban,married,no,Rejected
68,149753,26475,56,427,1,0,phd,No,semiurban,single,no,Rejected
23,143402,1641,44,657,39,1,high school,No,rural,married,no,Approved
23,95645,22730,21,377,10,0,high school,No,semiurban,married,no,Rejected
20,121190,22113,20,592,36,3,phd,Yes,rural,single,no,Rejected
24,120468,21011,60,381,17,1,master,Yes,urban,single,no,Rejected
68,149207,43853,44,641,23,3,high school,No,rural,married,no,Approved
25,46505,20659,44,637,18,4,phd,Yes,urban,married,no,Rejected
59,56713,37818,18,395,4,3,high school,No,semiurban,married,no,Rejected
69,74387,38321,15,444,28,3,master,No,semiurban,married,no,Rejected
32,63169,22309,39,820,38,3,high school,No,rural,married,no,Approved
64,93282,19688,34,696,1,1,high school,No,semiurban,married,no,Rejected
46,97511,29176,43,656,16,3,bachelor,Yes,urban,married,yes,Rejected
50,71742,4343,55,485,10,3,master,No,semiurban,married,no,Rejected
69,60522,3056,27,842,36,2,master,No,semiurban,married,no,Approved
47,101132,20192,57,450,12,1,phd,No,rural,married,no,Rejected
56,139622,24476,21,618,28,3,bachelor,No,semiurban,married,no,Approved
44,138764,10416,25,358,31,0,bachelor,No,rural,married,no,Rejected
53,123489,40994,50,309,39,3,high school,No,rural,married,no,Rejected
46,119397,1886,47,423,7,0,high school,No,semiurban,single,no,Rejected
55,23880,9584,45,655,9,4,bachelor,No,semiurban,married,no,Rejected
50,63454,28766,35,645,24,4,master,No,urban,single,no,Approved
54,75711,19830,29,536,10,1,master,Yes,semiurban,married,no,Rejected
44,63539,21289,27,632,27,1,high school,No,semiurban,single,no,Approved
50,128984,12530,52,316,32,4,master,No,urban,single,no,Rejected
21,88321,4591,48,723,38,1,master,No,semiurban,married,no,Approved
39,107985,29342,52,623,25,0,high school,No,semiurban,married,no,Approved
19,34799,22395,36,322,7,0,bachelor,Yes,rural,married,no,Rejected
27,134584,17738,19,758,37,2,bachelor,Yes,semiurban,married,no,Approved
22,124843,3631,35,759,25,1,phd,No,semiurban,married,no,Approved
27,80102,18905,31,820,31,1,high school,No,urban,married,no,Approved
50,70726,20056,59,720,27,2,bachelor,No,urban,married,no,Approved
55,68784,45138,41,702,6,3,high school,No,urban,single,no,Approved
30,140364,24546,31,630,34,0,master,No,semiurban,single,no,Approved
48,133034,36447,29,756,1,3,high school,No,rural,married,no,Rejected
64,63333,38190,15,782,21,2,bachelor,No,semiurban,single,yes,Rejected
53,60828,27014,59,797,21,1,master,No,semiurban,married,no,Approved
62,89526,8463,47,326,2,3,bachelor,No,rural,married,no,Rejected
41,74362,43381,17,696,7,1,bachelor,No,semiurban,married,no,Approved
69,73997,2780,14,487,3,2,high school,No,semiurban,single,no,Rejected
32,143973,27107,29,439,14,4,high school,No,semiurban,married,no,Rejected
46,70341,32587,58,820,38,1,phd,No,semiurban,single,no,Approved
25,39073,43192,51,391,11,3,bachelor,No,semiurban,married,no,Rejected
22,122399,40339,29,376,28,3,master,No,semiurban,married,no,Rejected
46,34549,25968,34,543,8,2,bachelor,No,urban,married,yes,Rejected
64,103795,34593,46,387,39,3,high school,No,rural,single,no,Rejected
21,76920,44923,17,593,19,0,high school,No,semiurban,married,no,Rejected
29,105326,24660,37,394,33,1,high school,No,rural,single,yes,Rejected
62,95515,3395,32,552,25,0,master,No,semiurban,single,no,Rejected
19,149392,37913,35,698,20,2,bachelor,No,semiurban,married,no,Approved
44,40316,32848,26,353,22,0,bachelor,No,rural,single,no,Rejected
48,46183,16779,38,542,17,0,master,No,semiurban,single,yes,Rejected
68,113860,6492,43,409,23,1,bachelor,No,semiurban,single,no,Rejected
68,44624,30722,23,520,28,1,phd,No,urban,single,no,Rejected
53,82515,8111,16,461,37,4,high school,No,semiurban,single,no,Rejected
53,123712,46855,18,334,37,0,phd,No,rural,married,no,Rejected
43,105781,10984,33,336,12,1,master,No,urban,single,yes,Rejected
60,66705,33016,38,669,31,0,high school,No,rural,married,no,Approved
44,109326,28640,26,476,18,0,bachelor,No,urban,single,no,Rejected
22,46756,7792,50,820,16,2,master,No,urban,single,no,Rejected
37,80390,27924,56,574,1,2,bachelor,No,semiurban,single,no,Rejected
28,88369,33577,46,404,17,0,high school,No,rural,married,no,Rejected
27,90821,8711,37,455,38,2,phd,No,semiurban,married,no,Rejected
57,29589,21012,34,635,26,1,bachelor,No,semiurban,single,no,Rejected
55,133012,35333,24,325,13,0,bachelor,Yes,semiurban,single,yes,Rejected
23,34116,37435,37,595,14,2,high school,Yes,urban,married,no,Rejected
25,93181,40227,14,836,7,1,high school,No,semiurban,married,no,Approved
40,64786,5096,40,654,8,0,master,No,urban,married,no,Approved
64,114686,2019,13,368,20,0,bachelor,No,rural,married,no,Rejected
43,143711,25312,39,626,34,2,phd,No,semiurban,married,no,Approved
63,96425,10476,34,450,13,1,bachelor,No,semiurban,married,no,Rejected
60,50286,9254,47,619,26,0,phd,No,urban,single,no,Approved
29,123081,33419,60,751,7,0,high school,No,semiurban,single,yes,Rejected
43,35994,12584,17,411,34,4,high school,Yes,semiurban,married,no,Rejected
30,121039,6965,22,761,17,0,high school,No,urban,single,no,Approved
57,131915,12464,49,661,13,4,high school,Yes,urban,single,no,Approved
35,142961,13439,45,502,7,4,bachelor,No,semiurban,married,no,Rejected
42,110198,38489,28,786,7,1,master,No,semiurban,married,no,Approved
50,124672,42176,14,779,36,3,bachelor,No,rural,married,yes,Rejected
64,46639,33963,55,303,1,4,high school,No,semiurban,single,no,Rejected
57,37205,29440,57,428,16,1,high school,No,semiurban,married,no,Rejected
60,76677,4273,45,325,12,2,high school,No,semiurban,single,no,Rejected
29,52930,16330,33,326,13,4,master,Yes,semiurban,married,yes,Rejected
61,93313,22494,40,341,8,3,high school,No,urban,married,no,Rejected
53,113851,11886,40,363,26,2,phd,No,semiurban,single,yes,Rejected
65,133153,4212,16,324,19,4,bachelor,No,semiurban,married,no,Rejected
21,112509,36523,21,371,37,4,master,No,urban,single,no,Rejected
22,38316,18905,21,781,11,3,high school,No,semiurban,single,no,Rejected
54,47304,23058,20,567,21,0,phd,No,semiurban,single,no,Rejected
25,121839,2080,32,394,36,3,bachelor,No,semiurban,married,no,Rejected
59,116058,33675,24,694,38,1,high school,No,rural,married,no,Approved
66,107876,23007,21,663,30,1,high school,Yes,semiurban,married,no,Approved
45,105366,49269,49,614,12,3,master,No,urban,married,no,Approved
48,33403,18105,22,416,0,3,high school,No,semiurban,married,no,Rejected
26,100052,31279,15,463,37,3,high school,No,urban,married,no,Rejected
68,137478,47815,57,605,39,3,high school,No,semiurban,married,no,Approved
46,104627,18946,42,499,8,3,high school,No,semiurban,single,no,Rejected
31,93495,1639,60,479,38,4,high school,No,urban,married,no,Rejected
57,51932,13502,45,657,9,2,bachelor,No,semiurban,married,no,Approved
58,116090,38958,53,551,28,1,bachelor,No,urban,married,no,Rejected
39,56701,29363,46,598,39,1,master,No,rural,married,no,Rejected
28,23385,4736,50,729,29,2,high school,No,rural,single,no,Rejected
40,141324,17473,50,303,1,3,high school,No,semiurban,single,no,Rejected
18,119226,35019,44,553,17,2,high school,No,semiurban,married,no,Rejected
63,77241,43062,19,395,27,3,master,No,semiurban,married,no,Rejected
54,30367,22087,43,466,31,1,high school,No,semiurban,married,yes,Rejected
38,85030,29489,44,630,23,0,master,Yes,semiurban,married,no,Approved
43,66505,37820,19,361,37,1,high school,No,urban,single,no,Rejected
63,144462,20325,57,473,13,1,bachelor,Yes,rural,married,yes,Rejected
53,53332,1271,25,552,24,0,bachelor,No,semiurban,married,no,Rejected
40,105178,19414,45,760,24,2,high school,No,urban,married,no,Approved
18,96325,25220,19,514,31,4,bachelor,Yes,rural,married,no,Rejected
68,55268,45466,53,538,26,3,bachelor,No,semiurban,single,no,Rejected
57,106486,49657,18,714,31,3,master,Yes,rural,single,no,Approved
32,45563,43425,24,425,30,1,master,No,semiurban,single,no,Rejected
38,125185,10387,32,552,23,0,high school,No,urban,married,no,Rejected
64,56404,12279,58,496,34,1,bachelor,No,semiurban,single,no,Rejected
26,75182,28584,43,712,29,1,high school,Yes,semiurban,married,yes,Rejected
70,52991,45783,22,755,32,2,high school,No,rural,married,no,Approved
26,124601,40809,25,353,32,3,high school,No,semiurban,single,no,Rejected
27,67663,42476,22,638,26,4,high school,No,semiurban,married,no,Approved
69,85886,11857,13,658,32,0,high school,No,rural,single,no,Approved
70,142002,43261,45,450,32,4,bachelor,Yes,rural,married,no,Rejected
43,103848,9052,55,399,3,0,bachelor,Yes,urban,single,no,Rejected
58,44127,17995,58,533,29,3,master,Yes,semiurban,married,no,Rejected
52,77692,14580,28,843,14,2,bachelor,No,urban,married,yes,Rejected
69,114389,19240,25,361,28,4,master,No,urban,married,no,Rejected
42,57500,18910,36,495,27,0,high school,No,rural,married,no,Rejected
43,53785,11216,59,841,31,1,high school,No,rural,married,no,Approved
28,104146,39997,38,405,35,3,phd,No,semiurban,married,no,Rejected
55,109126,47111,19,594,29,2,bachelor,No,rural,single,no,Rejected
19,114979,25911,28,750,37,1,high school,No,urban,single,no,Approved
24,67997,35866,16,833,11,2,high school,No,semiurban,single,no,Approved
35,27170,16438,23,455,2,0,high school,No,urban,married,no,Rejected
44,33303,8865,49,705,14,1,phd,No,semiurban,married,no,Rejected
51,91743,17557,29,674,9,2,bachelor,No,rural,single,no,Approved
44,97852,13211,37,754,21,3,bachelor,No,semiurban,single,no,Approved
34,55187,34268,42,501,22,4,phd,Yes,rural,married,no,Rejected
60,85034,4646,48,751,10,4,bachelor,No,rural,single,no,Approved
61,91776,43816,17,486,15,1,master,Yes,urban,married,no,Rejected
68,21893,24924,52,667,15,3,bachelor,No,semiurban,married,no,Rejected
41,33753,45112,26,639,13,3,bachelor,Yes,urban,married,no,Rejected
42,58090,10910,53,561,5,2,high school,No,semiurban,married,no,Rejected
24,84922,2778,60,842,16,1,master,No,semiurban,married,yes,Rejected
69,96768,46752,37,605,30,3,high school,Yes,semiurban,single,no,Approved
23,79412,20441,23,464,9,2,master,Yes,rural,single,no,Rejected
70,142406,6190,52,387,19,3,high school,No,semiurban,married,no,Rejected
41,76030,16304,58,499,8,1,high school,No,rural,married,no,Rejected
50,37509,40765,25,570,14,3,phd,Yes,semiurban,married,no,Rejected
66,88653,28289,12,350,38,3,bachelor,No,urban,single,no,Rejected
46,56929,45788,28,788,1,3,high school,No,semiurban,married,no,Rejected
60,149626,5747,44,497,3,4,phd,No,semiurban,single,no,Rejected
39,68291,10286,40,322,23,0,bachelor,No,urban,married,yes,Rejected
43,24042,1045,56,522,17,1,high school,Yes,urban,married,yes,Rejected
45,82574,30742,42,520,10,4,high school,No,semiurban,married,no,Rejected
67,57201,8758,19,565,36,0,bachelor,No,rural,married,no,Rejected
38,112282,24437,41,372,25,3,high school,Yes,semiurban,married,no,Rejected
66,34016,20585,24,376,7,3,phd,No,urban,married,no,Rejected
24,45022,34223,27,843,21,4,high school,No,semiurban,married,no,Rejected
34,120962,10854,13,734,4,2,high school,No,rural,married,no,Approved
37,47938,18349,56,364,1,1,high school,No,semiurban,married,no,Rejected
58,63678,31692,29,656,4,0,high school,No,urban,married,no,Approved
66,138171,22348,46,317,34,3,bachelor,Yes,semiurban,married,no,Rejected
37,149638,35296,56,735,31,1,master,No,rural,married,no,Approved
39,121248,36744,30,740,18,3,high school,No,semiurban,single,no,Approved
45,81720,20455,24,308,38,3,high school,No,semiurban,single,no,Rejected
57,125514,14288,15,769,3,3,master,No,urban,single,no,Approved
66,76805,7387,30,647,22,1,high school,Yes,urban,married,no,Approved
24,94323,36289,36,671,18,4,bachelor,No,urban,married,yes,Rejected
18,21986,40293,49,474,25,1,high school,Yes,urban,married,no,Rejected
49,96478,34894,42,814,25,1,high school,No,urban,single,yes,Rejected
30,102994,24016,47,429,6,2,high school,No,semiurban,married,no,Rejected
47,32161,47116,15,592,31,2,high school,No,semiurban,married,no,Rejected
40,40689,41484,50,652,32,4,bachelor,No,semiurban,married,no,Rejected
68,147101,31215,18,523,25,2,high school,No,semiurban,single,no,Rejected
36,114699,17102,27,823,23,4,high school,No,semiurban,married,no,Approved
49,80924,4404,59,808,22,3,bachelor,No,urban,married,no,Approved
47,121311,38260,16,667,37,3,master,Yes,urban,married,no,Approved
46,119273,36111,58,799,25,1,master,Yes,urban,married,yes,Rejected
66,94308,1106,34,389,30,3,high school,No,rural,married,yes,Rejected
62,121128,16195,47,371,5,2,high school,No,urban,married,no,Rejected
46,83745,47009,43,732,30,0,master,No,urban,married,no,Approved
47,146881,28153,35,647,39,1,bachelor,No,urban,married,no,Approved
33,21211,30605,36,562,11,4,master,No,semiurban,married,no,Rejected
57,20229,46343,56,570,16,3,high school,Yes,semiurban,married,no,Rejected
36,138972,38569,39,808,25,1,high school,No,rural,married,yes,Rejected
35,68542,6580,30,807,2,1,master,No,semiurban,married,no,Rejected
18,34345,6400,18,719,14,1,master,No,urban,married,no,Rejected
31,121489,40643,55,371,37,3,high school,No,semiurban,married,no,Rejected
68,51819,31649,52,373,23,4,phd,No,semiurban,married,no,Rejected
64,67779,31496,28,802,29,1,high school,No,urban,married,no,Approved
67,102421,21637,13,445,35,1,master,Yes,semiurban,single,no,Rejected
19,112244,42424,27,345,26,1,bachelor,No,semiurban,married,no,Rejected
45,85584,40015,50,404,21,3,bachelor,Yes,urban,married,no,Rejected
66,39950,7177,29,408,1,2,bachelor,No,urban,single,no,Rejected
67,35173,8269,50,616,6,4,high school,Yes,urban,married,no,Rejected
47,137743,15974,12,420,15,1,high school,No,rural,single,no,Rejected
55,78032,15037,14,798,23,1,bachelor,No,semiurban,single,no,Approved
68,135074,19756,32,342,29,1,high school,No,semiurban,married,no,Rejected
21,119273,17167,41,398,0,3,bachelor,No,urban,married,no,Rejected
18,48036,24218,22,610,26,2,bachelor,No,urban,single,no,Rejected
25,143885,26167,33,513,8,1,high school,No,urban,married,no,Rejected
46,132857,44148,58,762,6,1,bachelor,No,urban,single,no,Approved
56,91356,7617,36,722,4,3,high school,Yes,semiurban,married,no,Approved
20,34292,22534,14,688,29,4,high school,No,rural,single,no,Rejected
49,23052,26459,41,411,26,4,master,Yes,semiurban,single,no,Rejected
27,64377,21542,35,571,9,2,bachelor,No,rural,married,yes,Rejected
27,109317,1303,56,401,24,4,high school,No,semiurban,single,yes,Rejected
36,87838,30756,47,509,17,1,high school,No,semiurban,single,no,Rejected
63,87819,13683,34,321,6,3,bachelor,No,semiurban,married,no,Rejected
51,133689,33695,19,458,30,1,high school,No,rural,single,no,Rejected
50,128103,12025,15,642,31,1,phd,Yes,rural,married,no,Approved
40,35620,21890,50,699,10,2,master,No,semiurban,single,no,Rejected
45,50461,19715,54,753,9,4,high school,No,rural,married,no,Approved
49,40750,5561,42,442,21,4,master,No,semiurban,married,no,Rejected
67,118426,33847,40,696,30,4,high school,No,rural,married,no,Approved
24,108719,37531,47,835,13,1,bachelor,Yes,semiurban,married,no,Approved
46,29472,28407,24,440,2,3,high school,No,semiurban,single,no,Rejected
25,89263,22580,52,539,23,3,high school,No,semiurban,single,no,Rejected
18,132036,11169,20,591,13,1,master,No,semiurban,married,no,Rejected
20,77602,18116,32,381,15,0,bachelor,No,urban,married,no,Rejected
41,45523,37744,14,470,27,1,bachelor,No,urban,single,no,Rejected
40,50766,23043,36,825,34,4,high school,Yes,semiurban,married,no,Approved
25,123262,3124,36,841,39,1,phd,No,semiurban,single,no,Approved
64,86060,40420,23,409,1,0,high school,No,semiurban,married,no,Rejected
54,29079,39051,40,511,33,1,bachelor,No,urban,married,no,Rejected
20,28399,8176,22,737,17,4,high school,No,rural,single,no,Rejected
68,80726,26774,22,621,6,2,master,No,semiurban,married,no,Approved
50,112906,19676,60,383,37,3,high school,No,urban,married,no,Rejected
45,36532,46177,37,675,6,0,high school,No,semiurban,married,no,Rejected
64,142689,25760,25,352,3,2,bachelor,Yes,semiurban,single,no,Rejected
25,102357,46087,27,795,15,3,master,No,urban,single,no,Approved
51,63162,1997,21,555,5,2,high school,No,rural,married,no,Rejected
52,23749,44769,42,519,19,1,bachelor,Yes,rural,married,no,Rejected
49,31353,38432,42,399,30,1,high school,No,urban,single,no,Rejected
41,132313,14117,47,428,18,3,master,No,urban,married,yes,Rejected
31,48477,12231,21,518,21,3,bachelor,No,semiurban,single,no,Rejected
49,44570,30751,37,776,20,1,bachelor,No,rural,single,no,Rejected
63,106373,8440,31,757,17,1,bachelor,Yes,semiurban,married,no,Approved
60,31437,20911,55,321,31,3,high school,No,semiurban,married,no,Rejected
33,58104,44986,20,628,33,3,master,No,rural,married,yes,Rejected
21,83370,16608,26,779,26,3,bachelor,No,semiurban,married,no,Approved
69,24551,30665,20,638,37,4,high school,No,semiurban,married,no,Rejected
54,88359,28157,18,478,29,4,high school,No,semiurban,married,no,Rejected
38,74880,29779,37,720,32,1,master,Yes,urban,single,yes,Rejected
31,32916,30968,35,781,26,4,bachelor,No,rural,married,no,Rejected
48,146150,28387,23,348,22,0,high school,No,semiurban,married,no,Rejected
65,100703,5090,31,329,18,1,phd,No,semiurban,married,no,Rejected
35,61445,25945,25,384,30,0,high school,No,semiurban,married,no,Rejected
24,67636,41239,33,801,3,2,bachelor,No,urban,married,no,Approved
27,93927,4743,27,845,18,0,bachelor,No,urban,married,no,Approved
24,98194,31924,40,628,37,2,phd,No,semiurban,single,no,Approved
50,49685,11196,43,733,39,0,high school,Yes,rural,single,no,Rejected
40,71134,27279,30,548,21,2,bachelor,No,semiurban,single,no,Rejected
38,108916,40776,46,433,8,2,bachelor,No,semiurban,married,no,Rejected
36,127967,4324,54,664,30,1,high school,No,urban,single,no,Approved
65,114455,42400,43,724,9,3,phd,No,rural,married,yes,Rejected
36,147763,20641,31,714,9,3,master,No,semiurban,married,no,Approved
53,87847,28482,51,811,29,1,master,No,urban,married,no,Approved
46,59993,33994,31,684,9,2,master,No,urban,married,no,Approved
35,64333,15863,19,687,35,3,master,No,rural,married,no,Approved
19,128574,49795,46,748,17,3,bachelor,No,semiurban,married,yes,Rejected
18,78865,38486,53,602,18,0,high school,No,urban,married,no,Approved
64,99096,39440,24,398,22,4,master,Yes,urban,married,no,Rejected
22,69756,25111,52,605,3,1,bachelor,No,rural,married,no,Approved
37,142863,49030,17,341,11,4,bachelor,No,urban,married,no,Rejected
28,81192,4199,58,767,23,2,bachelor,Yes,semiurban,married,no,Approved
59,80686,39038,27,739,12,0,bachelor,No,semiurban,single,no,Approved
19,68733,46518,16,626,3,3,phd,No,urban,married,yes,Rejected
20,124089,8897,56,332,26,0,master,Yes,semiurban,married,no,Rejected
40,45993,42432,45,711,37,1,high school,No,rural,single,no,Rejected
29,50492,15892,17,413,38,2,bachelor,No,semiurban,married,no,Rejected
37,40981,9271,44,807,7,0,bachelor,No,semiurban,single,no,Rejected
22,44143,38926,26,355,25,0,high school,No,semiurban,married,no,Rejected
54,97603,25815,26,651,33,0,phd,No,rural,married,no,Approved
55,109452,46612,25,628,8,3,high school,No,urban,single,no,Approved
47,80277,34357,50,845,9,2,bachelor,No,semiurban,single,no,Approved
26,127044,10552,16,569,0,3,phd,No,semiurban,married,no,Rejected
51,131957,17267,37,495,7,0,master,No,semiurban,married,no,Rejected
70,69990,19268,59,712,9,3,bachelor,No,semiurban,married,no,Approved
61,148406,49927,28,378,24,3,phd,No,semiurban,married,no,Rejected
52,82888,15263,54,382,30,1,master,No,semiurban,married,no,Rejected
69,89351,6399,58,436,38,4,phd,No,urban,married,no,Rejected
39,117372,30811,27,838,2,4,bachelor,No,urban,single,no,Rejected
61,69999,30006,46,605,38,1,bachelor,No,semiurban,married,no,Approved
41,123013,42271,49,610,37,1,master,No,rural,married,no,Approved
34,122811,2076,34,687,34,3,high school,Yes,semiurban,single,no,Approved
27,124879,8235,24,848,7,3,master,Yes,urban,married,no,Approved
47,90309,24221,44,805,0,2,phd,No,semiurban,married,no,Rejected
63,32446,17417,40,687,4,4,bachelor,No,semiurban,married,no,Rejected
40,50733,33539,57,592,26,3,high school,No,semiurban,married,no,Rejected
49,139156,35609,45,478,25,2,high school,No,rural,single,no,Rejected
34,96000,38249,45,728,25,4,high school,No,semiurban,single,no,Approved
67,68632,34902,38,823,10,2,bachelor,Yes,urban,married,no,Approved
68,41576,24645,26,611,33,2,bachelor,No,rural,married,no,Rejected
34,23320,22682,20,379,1,1,phd,No,semiurban,married,no,Rejected
31,30750,46907,37,313,20,0,phd,No,rural,married,no,Rejected
26,123002,24401,14,353,25,0,high school,No,urban,married,no,Rejected
57,73463,8771,47,746,11,0,master,No,semiurban,married,no,Approved
19,46572,42335,58,364,8,2,bachelor,No,urban,single,no,Rejected
62,138361,9915,16,671,22,3,high school,No,urban,married,no,Approved
42,37948,14898,31,802,4,0,phd,No,urban,married,no,Rejected
56,146898,2913,31,395,8,3,high school,No,rural,married,no,Rejected
26,136528,38065,16,832,9,4,master,No,urban,married,no,Approved
39,58826,28068,21,559,9,0,bachelor,No,semiurban,married,no,Rejected
60,109051,2942,27,547,13,2,bachelor,No,rural,single,no,Rejected
63,47867,21388,36,426,35,1,master,Yes,urban,single,no,Rejected
21,80231,18715,55,798,9,2,bachelor,No,rural,married,no,Approved
43,86262,1337,36,345,36,3,master,No,semiurban,married,no,Rejected
46,111356,48024,41,567,37,4,bachelor,Yes,semiurban,married,no,Rejected
62,146340,24450,25,841,21,2,phd,Yes,semiurban,single,no,Approved
51,92233,11057,33,393,22,1,bachelor,No,urban,married,no,Rejected
40,64678,28713,54,615,15,1,high school,Yes,urban,married,no,Approved
54,127561,9983,39,370,10,4,master,No,semiurban,married,no,Rejected
28,32963,20995,41,748,34,0,bachelor,No,semiurban,married,no,Rejected
23,84360,37468,30,666,19,2,master,No,urban,married,no,Approved
35,69434,27092,49,709,36,2,master,Yes,semiurban,married,no,Approved
38,86617,13145,53,390,4,1,bachelor,No,semiurban,married,no,Rejected
59,40269,39886,31,808,35,3,master,No,semiurban,married,no,Rejected
53,137569,24489,46,827,12,2,bachelor,No,semiurban,single,no,Approved
58,96312,32036,33,409,16,1,high school,Yes,semiurban,single,no,Rejected
55,117352,30613,26,388,25,3,bachelor,No,semiurban,single,no,Rejected
51,99732,29484,22,571,19,0,master,Yes,semiurban,married,no,Rejected
34,137658,3673,45,546,38,0,high school,Yes,semiurban,married,no,Rejected
54,127648,35890,35,660,32,1,master,No,rural,married,no,Approved
42,101494,12977,17,677,29,1,bachelor,No,semiurban,single,no,Approved
55,108905,24466,28,505,15,0,high school,No,semiurban,married,no,Rejected
29,97225,42018,39,644,6,1,bachelor,Yes,semiurban,married,no,Approved
40,102867,28009,42,754,29,4,high school,No,urban,single,no,Approved
70,57528,4688,47,366,1,2,high school,No,semiurban,single,no,Rejected
59,144597,4748,20,342,11,4,master,Yes,rural,married,no,Rejected
39,98972,40110,21,528,39,3,high school,No,semiurban,married,no,Rejected
38,85602,14665,32,743,0,1,bachelor,No,urban,single,no,Rejected
44,116261,37898,45,533,2,1,bachelor,No,semiurban,married,no,Rejected
48,110748,21641,42,498,7,3,phd,No,urban,married,no,Rejected
23,143193,33500,40,796,25,2,master,No,semiurban,single,no,Approved
44,146277,36797,54,331,39,0,high school,No,urban,married,no,Rejected
57,53332,20230,54,563,10,4,phd,No,semiurban,married,no,Rejected
51,144481,46950,22,412,20,2,bachelor,No,rural,married,no,Rejected
29,110937,26046,44,758,4,0,high school,No,semiurban,married,no,Approved
62,149529,37803,57,575,39,0,high school,Yes,semiurban,married,no,Rejected
70,98929,48895,12,445,25,1,phd,Yes,semiurban,married,no,Rejected
24,89206,36667,32,656,20,3,bachelor,Yes,rural,married,yes,Rejected
27,111137,10638,34,305,8,1,phd,No,semiurban,single,no,Rejected
62,22251,21827,20,639,16,3,high school,No,rural,married,no,Rejected
34,65717,22173,12,793,36,1,bachelor,No,urban,single,no,Approved
43,119108,14222,32,407,1,4,high school,No,rural,married,no,Rejected
38,47027,38010,33,370,39,1,bachelor,No,rural,married,no,Rejected
45,117382,19095,15,639,27,4,master,No,urban,married,no,Approved
63,106551,2439,12,399,26,2,high school,No,semiurban,married,no,Rejected
19,29583,39381,21,626,39,2,high school,No,semiurban,married,no,Rejected
60,70387,21014,26,332,0,1,bachelor,No,urban,single,no,Rejected
18,43104,6375,47,442,10,2,high school,No,semiurban,married,no,Rejected
68,32224,24487,40,543,38,0,bachelor,No,semiurban,married,no,Rejected
70,80624,42645,57,516,17,4,high school,No,urban,single,no,Rejected
53,76058,26702,16,733,26,3,master,No,semiurban,married,no,Approved
68,124320,21600,40,353,9,4,high school,Yes,semiurban,married,yes,Rejected
43,116372,3466,58,450,35,1,master,No,urban,single,no,Rejected
46,49299,41592,58,354,20,2,master,No,urban,single,no,Rejected
38,98572,46097,38,816,27,2,high school,No,semiurban,married,no,Approved
28,105469,45398,36,747,0,0,high school,Yes,semiurban,married,yes,Rejected
57,97928,47971,27,334,13,2,phd,No,semiurban,single,no,Rejected
28,149518,7928,27,418,19,1,bachelor,No,urban,single,no,Rejected
53,93474,23480,47,496,8,1,high school,No,semiurban,married,no,Rejected
66,24141,10111,36,813,26,3,high school,No,semiurban,single,no,Rejected
56,43350,41888,52,721,3,4,high school,No,semiurban,married,yes,Rejected
57,95082,30489,12,816,36,4,bachelor,No,semiurban,married,no,Approved
52,90871,44832,16,438,17,4,bachelor,No,rural,married,no,Rejected
51,25077,10404,52,343,30,3,master,No,semiurban,single,no,Rejected
64,66015,34639,31,518,38,3,master,No,semiurban,single,no,Rejected
41,91147,13582,16,557,9,3,high school,No,semiurban,married,no,Rejected
39,79180,1863,47,812,8,0,high school,No,urban,single,no,Approved
22,60857,48651,40,676,27,3,master,No,urban,single,no,Approved
50,121196,45913,59,588,27,2,bachelor,No,rural,married,no,Rejected
53,79840,28684,45,769,12,0,phd,No,rural,single,no,Approved
64,145463,4055,59,402,17,2,master,No,semiurban,married,no,Rejected
37,79902,13186,29,448,11,4,high school,No,rural,married,no,Rejected
36,25577,3682,13,383,7,1,bachelor,No,semiurban,single,no,Rejected
52,40002,46650,27,325,22,4,high school,Yes,rural,single,no,Rejected
69,70711,39046,40,474,4,3,bachelor,No,rural,married,no,Rejected
60,59451,47573,44,721,6,1,master,Yes,rural,married,no,Approved
34,119811,22832,27,645,14,4,bachelor,Yes,rural,married,no,Approved
62,69103,17997,46,601,2,0,high school,No,semiurban,married,no,Rejected
60,48647,35640,58,597,17,3,master,Yes,semiurban,married,no,Rejected
51,54831,12346,54,434,37,4,high school,No,semiurban,single,no,Rejected
26,138330,41491,53,354,25,1,high school,No,rural,married,no,Rejected
43,120304,47639,28,355,37,2,bachelor,No,rural,married,no,Rejected
19,116498,49714,15,673,32,4,master,No,urban,single,yes,Rejected
70,148949,8189,60,638,20,0,bachelor,Yes,semiurban,married,no,Approved
26,133870,46520,15,756,16,1,high school,Yes,urban,married,no,Approved
26,115119,45333,36,654,1,4,bachelor,No,urban,married,yes,Rejected
57,86830,22770,44,431,24,2,high school,Yes,semiurban,single,no,Rejected
34,100632,40710,25,792,18,3,high school,No,semiurban,married,yes,Rejected
18,56833,48498,35,409,37,3,bachelor,No,semiurban,married,no,Rejected
42,132394,45151,22,425,24,3,high school,No,semiurban,married,no,Rejected
60,112864,1244,36,595,38,1,high school,No,urban,married,no,Rejected
57,44398,33788,39,478,3,2,high school,Yes,semiurban,married,no,Rejected
59,144633,30805,18,496,2,2,high school,No,semiurban,married,yes,Rejected
42,81554,14917,60,400,33,4,master,Yes,semiurban,single,no,Rejected
56,70755,47489,47,482,9,3,master,No,semiurban,married,no,Rejected
52,37706,6767,21,308,26,1,master,No,urban,married,no,Rejected
20,42340,29390,60,712,25,3,high school,No,semiurban,single,no,Rejected
67,84994,11247,47,403,26,3,phd,No,rural,married,no,Rejected
54,83884,4515,42,425,0,4,bachelor,No,semiurban,married,no,Rejected
61,104361,35678,30,845,19,4,master,No,semiurban,married,no,Approved
61,37482,23266,29,569,24,4,phd,No,urban,married,no,Rejected
68,74225,11750,60,765,9,0,bachelor,No,rural,single,no,Approved
47,78849,30583,17,417,0,0,high school,No,semiurban,single,no,Rejected
55,94854,9076,39,391,15,1,bachelor,No,urban,married,no,Rejected
51,61256,19006,18,784,10,1,high school,Yes,urban,married,yes,Rejected
29,129545,16051,49,386,3,4,high school,No,urban,single,no,Rejected
36,128721,5314,23,533,34,2,high school,No,urban,married,no,Rejected
54,101110,29670,52,423,12,1,bachelor,Yes,semiurban,married,no,Rejected
61,133606,36221,45,502,20,0,high school,No,semiurban,married,no,Rejected
66,34650,3015,36,331,14,0,master,No,rural,married,no,Rejected
34,66118,11236,28,656,9,3,high school,No,semiurban,single,no,Approved
27,48930,36568,44,762,37,4,bachelor,No,semiurban,single,yes,Rejected
66,105707,42791,34,393,10,2,high school,No,urban,married,no,Rejected
64,149030,45652,20,821,31,4,master,No,semiurban,married,no,Approved
29,120400,27367,17,707,32,0,bachelor,Yes,semiurban,married,yes,Rejected
33,31801,17352,13,399,19,2,high school,No,rural,married,no,Rejected
41,71360,46650,49,543,35,1,master,No,semiurban,married,no,Rejected
36,107908,11346,20,357,29,3,high school,No,urban,single,no,Rejected
25,36559,26156,14,656,9,0,master,No,rural,single,no,Rejected
48,52334,15035,27,790,14,3,bachelor,No,rural,single,no,Approved
38,125473,17108,36,619,28,4,high school,No,semiurban,married,no,Approved
34,33288,3853,35,318,0,2,bachelor,Yes,rural,single,no,Rejected
40,42398,19620,58,656,20,4,high school,Yes,rural,married,no,Rejected
54,96230,5176,40,416,14,3,bachelor,No,rural,single,no,Rejected
33,32191,35923,55,435,2,0,master,No,semiurban,married,no,Rejected
23,38051,26920,51,595,32,3,master,No,semiurban,single,no,Rejected
25,81715,7829,37,824,37,0,master,No,urban,married,no,Approved
42,30737,35654,49,400,18,3,bachelor,No,urban,married,no,Rejected
35,85140,40239,46,679,3,4,bachelor,Yes,rural,single,no,Approved
42,45251,26130,34,454,11,3,master,No,semiurban,married,no,Rejected
29,70975,46357,15,404,24,1,master,No,urban,married,no,Rejected
32,25147,9391,53,825,33,4,master,No,semiurban,married,no,Rejected
43,70508,20324,25,427,16,3,phd,No,semiurban,single,no,Rejected
58,72224,47118,58,700,5,3,phd,No,semiurban,single,no,Approved
62,39643,41667,50,828,11,2,high school,No,semiurban,married,no,Rejected
43,58967,1306,18,849,14,4,high school,No,semiurban,single,no,Approved
64,118850,36843,19,423,16,2,bachelor,Yes,urban,married,no,Rejected
49,123535,31543,53,659,0,4,phd,No,rural,married,no,Rejected
27,60733,8244,30,363,13,0,high school,No,urban,single,no,Rejected
33,104003,7611,13,401,1,4,master,No,semiurban,married,no,Rejected
24,54808,23706,58,576,3,4,master,No,semiurban,single,no,Rejected
34,139222,20076,12,526,1,3,phd,No,semiurban,single,no,Rejected
40,87288,47902,53,322,25,1,bachelor,No,semiurban,single,no,Rejected
43,78959,34043,49,363,39,4,high school,Yes,urban,single,no,Rejected
38,21849,6271,24,456,32,2,high school,Yes,rural,married,no,Rejected
39,88178,8331,53,689,38,1,phd,No,semiurban,married,no,Approved
24,87136,12553,55,448,5,4,phd,No,semiurban,married,no,Rejected
31,80740,32340,35,662,29,1,master,No,semiurban,single,no,Approved
32,132255,12573,43,763,21,0,phd,Yes,semiurban,married,yes,Rejected
70,106322,22409,41,698,26,1,high school,No,urban,single,no,Approved
24,64565,21434,17,704,18,0,bachelor,Yes,semiurban,married,no,Approved
26,40183,25464,49,431,9,1,high school,No,semiurban,married,no,Rejected
68,135306,43840,44,496,5,1,master,No,semiurban,single,no,Rejected
65,21132,49785,55,334,25,2,high school,Yes,urban,married,no,Rejected
25,58259,21662,34,719,2,2,high school,Yes,urban,single,no,Rejected
67,116612,19228,21,676,2,3,master,No,semiurban,married,no,Rejected
40,83668,8386,57,698,5,1,master,No,semiurban,single,no,Approved
46,148355,7862,26,519,9,0,phd,Yes,semiurban,married,no,Rejected
35,58563,41108,34,816,37,1,bachelor,No,urban,married,no,Approved
48,112227,27252,47,641,12,4,high school,No,semiurban,single,no,Approved
47,128835,10487,12,715,37,0,bachelor,No,urban,single,no,Approved
69,30931,48829,19,755,11,4,phd,No,semiurban,married,no,Rejected
56,147156,41403,14,596,26,3,bachelor,No,urban,married,no,Rejected
52,93169,15604,25,630,7,4,master,No,semiurban,married,no,Approved
35,149457,18427,28,638,4,3,high school,No,urban,married,no,Approved
59,70639,28201,45,597,35,3,high school,Yes,semiurban,single,no,Rejected
56,142536,4042,58,611,37,3,phd,No,semiurban,single,no,Approved
34,123313,11386,17,354,29,4,high school,Yes,urban,single,no,Rejected
31,78901,12692,16,833,36,3,bachelor,No,semiurban,married,no,Approved
48,120417,16225,57,404,28,3,high school,No,urban,single,yes,Rejected
41,21044,17693,52,474,21,2,bachelor,No,rural,married,no,Rejected
52,66691,7661,51,593,13,1,high school,No,rural,married,no,Rejected
61,120735,44021,40,674,9,3,bachelor,No,rural,married,no,Approved
62,44363,19261,46,749,10,0,phd,No,rural,married,no,Rejected
51,66694,28378,29,744,34,0,high school,No,rural,married,yes,Rejected
20,21582,22219,51,359,22,2,bachelor,No,rural,married,yes,Rejected
54,99910,12937,59,691,7,4,high school,Yes,urban,single,no,Approved
60,86844,1794,41,689,20,4,bachelor,No,urban,married,no,Approved
57,41301,48366,26,511,36,4,bachelor,No,rural,married,no,Rejected
43,94329,7786,26,834,27,3,bachelor,No,semiurban,married,no,Approved
40,21620,37782,27,539,30,4,high school,Yes,rural,single,no,Rejected
61,82224,41160,44,787,27,4,high school,No,rural,single,no,Approved
56,76655,46313,21,421,26,1,bachelor,No,rural,married,no,Rejected
32,115419,39121,30,552,39,3,phd,No,semiurban,married,yes,Rejected
66,57534,37175,48,440,20,3,high school,No,urban,married,no,Rejected
21,140050,28032,14,751,8,0,bachelor,Yes,semiurban,single,yes,Rejected
46,123496,27427,47,452,28,0,bachelor,No,semiurban,married,no,Rejected
39,59390,18358,15,607,14,1,high school,Yes,rural,married,no,Approved
42,91629,30790,22,616,32,2,bachelor,No,rural,married,no,Approved
30,75856,21621,52,828,36,3,master,No,rural,single,no,Approved
35,69252,49821,44,595,35,0,bachelor,No,semiurban,married,yes,Rejected
50,75809,29365,39,644,27,4,high school,No,semiurban,single,no,Approved
33,42259,14189,43,581,9,3,master,No,rural,married,no,Rejected
62,40655,12213,27,507,22,3,high school,No,semiurban,married,no,Rejected
59,53005,8248,20,395,27,3,high school,No,rural,married,no,Rejected
61,51629,5369,22,751,33,0,bachelor,No,urban,married,no,Approved
19,43610,9050,17,672,4,1,high school,No,semiurban,married,no,Rejected
52,77184,29605,60,372,17,0,high school,No,rural,single,no,Rejected
59,41602,39183,38,632,5,4,bachelor,No,urban,married,no,Rejected
51,105945,16398,23,692,22,4,master,No,semiurban,married,no,Approved
47,31110,41883,33,405,27,2,bachelor,Yes,urban,married,no,Rejected
30,26073,34055,51,400,12,0,bachelor,Yes,semiurban,married,no,Rejected
30,120846,4195,59,658,24,0,master,No,semiurban,married,no,Approved
35,100818,26451,48,628,6,2,phd,No,semiurban,married,no,Approved
49,30195,8450,32,694,1,2,high school,No,semiurban,single,no,Rejected
49,21537,3925,44,334,15,3,bachelor,No,semiurban,married,no,Rejected
52,37138,15515,28,456,1,3,high school,No,semiurban,single,no,Rejected
56,64328,6310,40,572,35,4,master,No,semiurban,married,yes,Rejected
63,145138,32817,51,695,1,1,master,No,semiurban,married,no,Rejected
69,66202,28408,21,506,37,4,high school,No,semiurban,single,no,Rejected
46,60164,45528,29,605,9,0,bachelor,No,semiurban,married,yes,Rejected
66,146545,48664,58,835,13,1,master,No,rural,married,no,Approved
46,109743,20280,24,761,26,3,bachelor,No,semiurban,married,no,Approved
70,74659,18105,38,551,14,2,master,No,semiurban,single,no,Rejected
61,106155,19547,21,566,20,2,master,Yes,semiurban,single,no,Rejected
33,69692,11774,43,508,11,4,master,No,semiurban,married,no,Rejected
61,140198,16457,52,838,32,0,bachelor,No,urban,single,no,Approved
64,44845,43311,56,802,39,0,phd,No,rural,single,no,Rejected
27,109846,4980,14,813,21,2,bachelor,Yes,semiurban,married,no,Approved
47,123435,21886,33,447,37,4,high school,No,semiurban,married,no,Rejected
42,50562,12576,38,382,17,4,bachelor,Yes,urban,married,no,Rejected
56,48036,32891,14,341,1,3,high school,No,rural,married,no,Rejected
37,80752,37181,44,455,28,3,high school,No,urban,married,no,Rejected
22,94233,34262,13,752,6,3,master,No,rural,single,yes,Rejected
18,103049,1947,22,583,30,1,phd,Yes,urban,single,no,Rejected
47,128575,1022,57,487,17,4,master,No,semiurban,single,no,Rejected
66,88681,2128,21,773,8,4,high school,No,semiurban,married,no,Approved
20,47818,14986,50,806,7,3,bachelor,No,semiurban,single,no,Rejected
62,50544,33322,44,432,32,2,phd,No,semiurban,married,no,Rejected
31,82532,49929,18,570,4,3,phd,No,urban,married,no,Rejected
47,98636,17160,26,372,13,1,phd,No,urban,single,no,Rejected
67,77705,10808,37,735,12,2,bachelor,No,semiurban,single,no,Approved
21,40104,30612,22,592,10,4,master,No,semiurban,married,yes,Rejected
35,144336,22725,49,736,19,1,master,Yes,semiurban,single,no,Approved
54,147904,7998,38,359,22,1,high school,No,urban,married,no,Rejected
42,89603,40950,50,626,26,2,high school,No,rural,married,no,Approved
65,122499,24418,18,481,14,3,master,Yes,semiurban,single,no,Rejected
18,79025,19040,12,733,29,3,high school,No,rural,single,no,Approved
70,116264,21557,21,818,15,0,high school,No,urban,single,no,Approved
63,52317,22825,32,382,39,2,high school,No,rural,married,no,Rejected
32,51416,9998,26,327,17,3,high school,No,rural,married,no,Rejected
26,62012,37080,41,565,22,1,high school,No,semiurban,married,no,Rejected
32,125585,47097,41,582,35,3,high school,No,urban,single,no,Rejected
66,88045,16802,19,696,37,3,high school,No,semiurban,married,no,Approved
41,41400,12167,35,682,7,1,master,No,semiurban,married,yes,Rejected
21,68270,36092,30,618,38,2,high school,Yes,semiurban,single,no,Approved
29,92069,43407,14,492,28,0,bachelor,No,urban,married,no,Rejected
54,139415,14338,26,526,11,3,bachelor,No,semiurban,married,yes,Rejected
54,69833,11753,47,750,17,3,master,No,semiurban,single,no,Approved
60,83644,6984,17,481,18,3,high school,No,semiurban,married,no,Rejected
23,100206,19895,53,626,35,2,high school,No,semiurban,single,no,Approved
56,89468,48910,59,502,32,1,high school,Yes,semiurban,single,no,Rejected
63,132899,44831,29,701,4,1,phd,Yes,semiurban,married,no,Approved
41,79473,1362,49,771,38,1,bachelor,No,semiurban,married,no,Approved
28,65809,4454,30,478,27,1,high school,No,semiurban,married,no,Rejected
30,58328,22004,60,317,25,1,master,No,semiurban,married,no,Rejected
51,56784,37023,41,762,20,1,high school,No,semiurban,married,no,Approved
42,43723,18601,24,845,22,3,high school,No,semiurban,single,no,Rejected
24,80646,6349,50,702,20,3,bachelor,Yes,semiurban,married,no,Approved
69,86255,40963,23,692,10,1,bachelor,Yes,semiurban,married,no,Approved
21,20074,11047,45,599,38,1,bachelor,No,rural,married,no,Rejected
25,144173,8750,23,650,15,2,high school,No,semiurban,married,no,Approved
37,46498,30393,55,486,32,2,master,No,semiurban,married,yes,Rejected
46,85522,23463,35,646,26,4,bachelor,No,urban,married,yes,Rejected
70,116881,10399,15,708,0,3,high school,No,semiurban,married,yes,Rejected
68,40541,14686,47,370,15,1,master,No,urban,single,no,Rejected
62,65929,41803,59,626,4,3,phd,No,semiurban,single,yes,Rejected
63,143199,35275,25,511,17,4,high school,Yes,semiurban,married,no,Rejected
27,120453,23787,28,608,33,2,bachelor,No,semiurban,married,no,Approved
60,46028,15776,60,407,24,4,bachelor,No,rural,married,no,Rejected
51,49545,30527,14,476,33,0,master,No,urban,single,no,Rejected
43,99569,40351,49,726,14,2,high school,No,urban,married,no,Approved
58,51673,37695,34,830,3,3,bachelor,No,urban,married,no,Approved
66,50974,16797,24,717,3,2,master,No,rural,single,yes,Rejected
20,78899,37999,20,547,24,4,high school,Yes,urban,single,no,Rejected
23,43097,6302,32,508,12,1,bachelor,No,rural,single,no,Rejected
22,122511,39059,52,515,24,4,bachelor,No,rural,married,no,Rejected
22,113144,1908,19,737,2,4,master,No,rural,married,no,Rejected
64,84824,16123,28,610,34,1,master,No,rural,married,no,Approved
40,43525,13877,27,682,8,3,high school,No,urban,married,no,Rejected
66,77804,15239,27,570,13,3,high school,Yes,semiurban,married,yes,Rejected
26,35043,22435,39,420,21,2,master,No,semiurban,married,no,Rejected
52,61846,28313,27,706,8,4,master,No,semiurban,married,no,Approved
37,97261,36354,57,544,23,2,high school,Yes,semiurban,married,no,Rejected
66,122240,43103,57,365,22,1,bachelor,No,semiurban,single,no,Rejected
59,127611,49408,25,527,36,0,master,No,rural,married,no,Rejected
52,70227,18715,57,436,14,3,high school,Yes,semiurban,single,no,Rejected
67,73028,24235,55,493,35,1,high school,No,semiurban,single,no,Rejected
35,57383,27129,49,788,13,3,bachelor,Yes,semiurban,single,no,Approved
34,49483,11534,31,653,19,2,master,No,semiurban,single,no,Rejected
41,27265,35574,56,456,38,0,bachelor,No,semiurban,married,no,Rejected
20,42763,44060,59,775,35,4,high school,No,urban,married,no,Rejected
49,95652,18189,52,315,26,3,phd,Yes,rural,single,no,Rejected
52,35733,21531,45,377,16,4,high school,No,urban,married,yes,Rejected
55,132196,11967,40,351,25,2,bachelor,Yes,urban,married,no,Rejected
30,111038,17455,14,813,3,3,bachelor,No,urban,single,yes,Rejected
64,57420,1027,21,803,2,2,high school,Yes,rural,single,no,Rejected
42,141480,9660,31,360,18,4,bachelor,No,urban,married,no,Rejected
26,128777,26339,13,431,39,2,high school,No,urban,married,no,Rejected
21,29247,40823,38,681,38,2,bachelor,No,urban,married,no,Rejected
31,43840,10616,43,842,6,2,bachelor,No,urban,single,no,Rejected
54,85149,11440,21,709,35,1,master,No,semiurban,single,no,Approved
51,41058,37600,51,454,18,1,phd,No,rural,single,yes,Rejected
28,135229,49738,28,350,11,3,high school,No,semiurban,married,no,Rejected
58,54929,14107,44,394,19,2,phd,No,urban,married,no,Rejected
20,104171,29646,17,822,37,2,phd,Yes,rural,single,no,Approved
45,111164,47545,50,823,11,2,high school,No,semiurban,single,yes,Rejected
46,51362,27251,58,654,28,1,phd,No,urban,single,no,Approved
26,106489,16954,29,344,29,4,bachelor,No,semiurban,married,no,Rejected
20,104664,17943,20,504,19,2,master,No,urban,married,no,Rejected
42,67356,41725,19,730,3,0,phd,No,urban,married,no,Approved
51,97597,46434,36,555,1,3,master,No,semiurban,married,no,Rejected
29,147880,21215,42,547,29,1,bachelor,Yes,urban,single,no,Rejected
59,26041,11110,53,832,22,4,bachelor,No,urban,married,no,Rejected
26,98209,41112,15,340,5,0,bachelor,Yes,semiurban,married,no,Rejected
32,147037,22555,31,758,17,2,high school,No,semiurban,married,no,Approved
57,81954,17462,39,576,21,1,high school,No,rural,married,no,Rejected
42,81869,14696,51,494,36,2,bachelor,No,semiurban,single,yes,Rejected
22,41059,2031,12,370,3,3,master,No,urban,married,no,Rejected
28,119864,24765,51,569,10,1,master,No,urban,married,no,Rejected
51,64722,48858,55,634,34,0,phd,No,semiurban,single,no,Approved
41,37548,16816,34,607,10,4,high school,Yes,semiurban,married,no,Rejected
32,35078,18868,58,726,33,4,bachelor,No,semiurban,single,no,Rejected
55,25419,11437,24,498,8,3,bachelor,No,rural,married,no,Rejected
25,55490,16453,27,375,30,4,high school,No,rural,single,no,Rejected
22,96086,23222,37,824,31,4,high school,No,semiurban,married,no,Approved
65,135158,15258,42,529,34,3,high school,No,semiurban,married,no,Rejected
43,78760,35318,12,384,10,0,phd,No,semiurban,married,no,Rejected
35,50337,13977,28,461,16,1,phd,No,semiurban,single,no,Rejected
23,21468,38450,27,696,35,1,master,No,urban,married,no,Rejected
54,44309,48207,48,670,1,3,bachelor,No,semiurban,married,no,Rejected
65,86344,19213,21,514,23,2,high school,No,semiurban,married,no,Rejected
30,110283,37519,49,300,14,3,phd,No,rural,single,yes,Rejected
45,92255,46682,55,676,27,3,high school,No,urban,married,no,Approved
22,147006,11223,42,711,2,3,bachelor,No,rural,single,no,Rejected
30,101899,49166,21,499,28,3,high school,No,semiurban,single,no,Rejected
34,48718,40369,60,482,12,4,phd,No,urban,married,yes,Rejected
67,114337,21843,45,709,21,4,high school,No,rural,single,no,Approved
57,128895,4856,17,697,30,0,high school,No,urban,married,no,Approved
62,57841,13661,39,515,6,3,master,No,semiurban,married,no,Rejected
49,93548,16591,39,648,25,1,high school,No,semiurban,married,no,Approved
46,103565,7182,24,340,30,2,phd,No,rural,married,no,Rejected
68,66660,8970,52,302,37,4,high school,No,urban,married,no,Rejected
20,126553,48922,23,393,37,1,phd,No,rural,married,no,Rejected
57,70281,35862,51,358,3,4,bachelor,No,urban,married,no,Rejected
51,133451,31755,13,706,34,0,bachelor,No,semiurban,married,no,Approved
57,136041,45863,19,317,32,2,phd,Yes,urban,married,no,Rejected
44,20767,20416,53,793,2,4,bachelor,No,urban,single,no,Rejected
30,23895,14672,20,807,18,2,bachelor,No,rural,married,no,Rejected
62,78026,18932,19,631,8,2,high school,Yes,rural,married,no,Approved
50,138142,47996,14,468,18,1,high school,Yes,semiurban,married,no,Rejected
23,62968,9559,20,505,18,4,master,No,rural,married,no,Rejected
41,60097,1064,24,820,25,2,high school,No,semiurban,married,no,Approved
36,35332,4299,20,804,12,3,high school,No,semiurban,married,no,Rejected
33,34621,5849,42,645,21,2,bachelor,No,urban,married,no,Rejected
57,96870,6639,36,603,7,2,bachelor,Yes,semiurban,married,no,Approved
45,38174,12055,55,414,23,4,high school,No,semiurban,married,no,Rejected
50,144357,23058,56,386,25,3,master,No,semiurban,single,no,Rejected
65,119189,30427,19,394,2,2,high school,No,semiurban,single,no,Rejected
58,60502,17980,58,727,6,4,master,No,rural,single,no,Approved
30,56674,11866,42,749,1,4,master,No,semiurban,single,no,Rejected
60,57260,4889,56,840,32,2,high school,No,semiurban,single,no,Approved
62,62498,49226,56,301,11,0,master,No,semiurban,single,no,Rejected
42,87609,32335,42,377,11,0,master,No,semiurban,married,no,Rejected
70,69464,27162,28,623,9,1,master,No,semiurban,single,no,Approved
59,91805,24913,58,397,26,0,bachelor,No,semiurban,married,yes,Rejected
53,84919,25687,30,409,17,0,high school,Yes,semiurban,married,no,Rejected
44,148564,34220,14,756,3,4,phd,No,semiurban,married,no,Approved
55,74469,11995,57,787,39,4,master,No,rural,married,no,Approved
24,37194,3631,41,670,22,2,high school,Yes,urban,married,no,Rejected
22,46811,35954,21,636,20,2,phd,No,semiurban,married,yes,Rejected
60,92377,6967,60,321,35,4,phd,No,semiurban,married,no,Rejected
62,145737,23758,40,604,29,2,high school,No,rural,married,no,Approved
68,63723,22742,51,571,20,4,high school,No,semiurban,single,no,Rejected
48,120336,38116,29,789,22,0,bachelor,No,rural,married,no,Approved
40,95235,27580,23,745,20,2,phd,No,rural,married,no,Approved
59,131041,35227,60,577,7,0,high school,No,urban,single,no,Rejected
27,96298,2942,34,676,38,1,bachelor,No,semiurban,married,no,Approved
49,79238,48664,22,531,12,2,master,Yes,rural,married,no,Rejected
60,148353,29069,20,725,39,4,high school,No,rural,married,no,Approved
70,125433,22806,35,354,21,4,bachelor,No,urban,single,no,Rejected
47,137393,15407,36,740,6,1,high school,No,semiurban,married,no,Approved
56,127092,49390,36,333,23,4,bachelor,No,urban,single,no,Rejected
48,22147,15557,58,628,4,0,bachelor,No,rural,single,no,Rejected
35,118919,17445,20,753,25,4,high school,No,urban,married,no,Approved
53,119251,18878,23,687,9,1,master,No,urban,single,no,Approved
19,58445,18564,22,729,10,3,high school,No,semiurban,married,no,Approved
31,73803,14093,60,775,39,3,bachelor,No,urban,single,no,Approved
30,147253,36556,49,424,37,0,master,Yes,rural,married,no,Rejected
46,81108,27451,39,822,10,3,high school,Yes,urban,married,no,Approved
29,126170,44168,19,781,29,4,high school,No,semiurban,married,no,Approved
56,22013,25086,21,616,3,1,high school,No,urban,married,no,Rejected
19,105617,17489,36,421,1,0,high school,No,rural,married,no,Rejected
49,102410,29004,58,846,12,3,master,No,semiurban,single,no,Approved
30,73502,21471,47,612,38,4,master,No,urban,married,yes,Rejected
63,137116,27284,54,786,16,4,master,No,urban,married,yes,Rejected
44,57755,37693,20,311,22,2,master,Yes,semiurban,married,no,Rejected
66,28733,19292,52,424,9,2,high school,No,rural,married,no,Rejected
58,29479,19433,19,376,12,1,high school,No,rural,married,no,Rejected
34,95361,15568,14,535,38,0,high school,No,rural,married,no,Rejected
57,41304,46424,29,553,28,3,high school,No,semiurban,married,no,Rejected
48,55694,10466,57,705,15,3,bachelor,No,rural,single,no,Approved
51,144232,26521,46,542,2,4,high school,Yes,semiurban,married,no,Rejected
41,125586,37672,28,760,35,3,bachelor,No,semiurban,married,no,Approved
62,101171,16467,47,576,3,1,high school,No,semiurban,single,no,Rejected
52,134151,33019,39,768,35,2,bachelor,No,urban,single,no,Approved
65,106296,11419,26,519,15,4,high school,No,urban,single,no,Rejected
23,29490,17676,30,524,5,0,bachelor,No,rural,single,no,Rejected
36,41252,30255,33,400,27,4,high school,No,rural,married,no,Rejected
47,125290,32514,17,806,35,3,high school,Yes,urban,single,no,Approved
24,26862,44182,58,630,22,1,high school,No,semiurban,married,yes,Rejected
27,130463,23650,18,536,11,0,high school,No,rural,married,no,Rejected
58,89959,23754,55,638,30,4,high school,No,urban,married,no,Approved
49,30450,13165,59,805,11,3,high school,No,rural,married,no,Rejected
51,76022,11683,20,464,31,4,phd,No,rural,married,no,Rejected
45,147898,33556,31,517,24,0,high school,Yes,rural,married,no,Rejected
32,81991,16442,48,675,28,3,phd,No,rural,married,no,Approved
47,60927,5860,22,311,18,2,bachelor,No,rural,married,no,Rejected
54,120377,4729,13,731,21,0,bachelor,No,rural,married,no,Approved
46,108090,32351,33,382,23,2,master,No,rural,married,no,Rejected
39,69853,48168,59,730,32,2,bachelor,No,semiurban,married,no,Approved
21,51826,25346,47,777,35,3,high school,No,urban,married,no,Approved
37,62879,9619,16,668,39,4,high school,No,semiurban,married,no,Approved
49,77265,12164,18,440,15,4,master,No,rural,married,no,Rejected
53,92361,39878,17,755,1,1,high school,No,rural,single,yes,Rejected
67,128956,7955,33,801,7,0,bachelor,Yes,semiurban,married,no,Approved
21,97990,1106,21,702,12,0,phd,No,semiurban,married,no,Approved
44,109787,5754,57,587,29,3,bachelor,Yes,rural,married,no,Rejected
34,106184,45293,51,654,0,3,high school,No,urban,married,no,Rejected
29,60736,22662,57,642,11,1,high school,No,urban,married,no,Approved
39,44530,7408,57,448,6,1,high school,No,urban,single,yes,Rejected
34,98052,41403,31,509,13,2,bachelor,No,rural,married,yes,Rejected
27,67058,2225,39,411,34,1,bachelor,No,urban,married,no,Rejected
18,126080,13196,34,835,27,4,bachelor,No,urban,married,no,Approved
39,94094,5250,46,348,11,2,high school,No,urban,single,no,Rejected
43,94255,16372,12,630,39,1,high school,No,semiurban,single,no,Approved
35,24886,18279,40,664,23,4,phd,No,semiurban,married,no,Rejected
67,146598,45865,20,310,0,4,high school,No,semiurban,married,no,Rejected
31,113721,31193,20,487,16,2,high school,No,urban,single,no,Rejected
64,138623,45823,33,808,37,2,high school,Yes,semiurban,single,no,Approved
46,57387,27868,13,744,27,4,high school,No,semiurban,single,no,Approved
29,41575,39187,27,389,32,3,phd,No,semiurban,single,no,Rejected
53,132260,49481,51,747,23,2,high school,No,rural,married,no,Approved
52,128649,29475,17,331,5,0,bachelor,No,semiurban,married,no,Rejected
69,59643,45552,24,626,20,3,high school,No,semiurban,married,no,Approved
29,30100,3433,44,373,3,0,bachelor,Yes,urban,married,no,Rejected
24,80356,11998,30,550,32,1,master,No,semiurban,married,no,Rejected
46,27856,45343,26,749,9,2,high school,No,urban,married,no,Rejected
28,58169,32133,44,654,35,2,high school,No,semiurban,married,no,Approved
50,48804,35069,21,832,12,4,high school,No,semiurban,married,no,Rejected
23,149557,7858,12,595,35,2,bachelor,Yes,urban,single,yes,Rejected
64,55790,9950,23,597,8,0,bachelor,No,rural,single,no,Rejected
32,50988,9938,54,627,30,3,phd,No,semiurban,married,no,Approved
49,129979,26168,40,601,3,1,high school,No,rural,married,no,Approved
68,96448,33099,28,811,19,3,master,No,semiurban,married,no,Approved
28,58506,6644,15,637,7,0,high school,No,urban,married,no,Approved
40,133430,44846,40,673,26,1,high school,Yes,semiurban,single,no,Approved
43,107904,10260,18,393,35,4,bachelor,Yes,urban,married,no,Rejected
51,87306,48458,55,431,8,2,phd,No,rural,married,no,Rejected
63,32305,37075,24,352,23,2,high school,No,rural,married,no,Rejected
51,29969,17488,16,795,36,4,high school,No,semiurban,single,no,Rejected
46,32404,1395,17,528,39,0,bachelor,Yes,rural,single,no,Rejected
21,28989,11845,45,511,29,4,master,No,urban,married,no,Rejected
34,85305,37059,18,803,25,0,master,No,semiurban,single,no,Approved
52,55983,19394,57,794,3,1,high school,No,semiurban,married,no,Approved
30,130284,29457,39,532,0,3,master,No,urban,married,no,Rejected
58,59462,46906,57,370,19,3,high school,No,semiurban,single,no,Rejected
56,39360,38305,21,488,27,4,bachelor,No,semiurban,single,yes,Rejected
32,105657,43628,15,307,23,2,high school,No,semiurban,married,yes,Rejected
46,46287,22352,14,631,27,4,high school,No,semiurban,single,no,Rejected
46,85472,22146,36,315,27,2,phd,No,urban,single,no,Rejected
28,135440,18435,34,392,4,4,bachelor,No,rural,single,no,Rejected
69,128965,40386,38,561,31,4,high school,No,semiurban,single,no,Rejected
49,81313,38491,25,848,29,3,master,No,urban,married,no,Approved
19,54160,20968,49,460,20,2,bachelor,No,urban,single,no,Rejected
64,26789,48605,43,650,15,3,high school,No,urban,married,no,Rejected
31,47181,9539,34,473,7,2,bachelor,No,urban,married,no,Rejected
37,34385,2263,58,616,11,1,bachelor,No,urban,married,no,Rejected
39,102597,14305,51,317,31,1,high school,Yes,rural,single,no,Rejected
28,85641,25398,48,785,24,1,phd,No,semiurban,single,no,Approved
44,64247,44702,14,666,2,0,bachelor,No,semiurban,married,no,Rejected
20,106673,33080,46,650,25,3,master,No,urban,single,no,Approved
34,120250,11265,24,827,35,3,bachelor,No,urban,married,no,Approved
61,25544,33152,45,734,16,1,bachelor,Yes,semiurban,married,no,Rejected
45,135783,28724,35,569,26,4,high school,Yes,semiurban,single,no,Rejected
46,33275,31624,12,367,21,3,bachelor,No,semiurban,married,no,Rejected
38,125289,35119,23,329,37,2,master,No,urban,single,no,Rejected
64,83248,40958,19,615,34,3,high school,No,semiurban,single,yes,Rejected
33,54550,30389,30,463,6,3,bachelor,No,urban,married,no,Rejected
54,73693,17650,20,619,2,2,high school,No,semiurban,married,no,Rejected
37,148924,27014,39,313,5,1,master,No,rural,married,no,Rejected
23,39641,11885,25,578,12,1,phd,Yes,urban,single,no,Rejected
36,91749,8434,38,731,14,2,bachelor,No,rural,single,no,Approved
22,144877,31028,29,562,25,3,high school,Yes,semiurban,single,no,Rejected
20,100021,2022,53,821,32,3,bachelor,No,semiurban,single,no,Approved
18,35605,25331,52,471,14,1,master,No,rural,married,no,Rejected
55,123173,3037,17,657,38,0,phd,Yes,semiurban,married,no,Approved
32,70713,9756,44,312,13,1,high school,Yes,semiurban,married,no,Rejected
51,40390,47326,48,531,18,2,master,No,urban,single,no,Rejected
52,95403,18443,53,775,27,0,high school,Yes,semiurban,married,no,Approved
66,78466,35192,36,770,23,0,master,No,urban,single,no,Approved
42,23981,5123,24,459,32,2,master,Yes,semiurban,married,no,Rejected
41,29493,17603,34,560,11,4,master,No,urban,married,no,Rejected
29,91218,1405,47,658,9,1,bachelor,No,semiurban,married,no,Approved
35,91318,43597,44,554,6,3,bachelor,No,urban,single,yes,Rejected
32,135631,19702,32,814,0,1,master,No,urban,married,no,Rejected
61,139238,43719,45,579,14,2,bachelor,No,rural,married,no,Rejected
33,115335,27250,47,416,0,3,high school,No,semiurban,married,no,Rejected
44,127441,42751,28,461,19,4,phd,No,semiurban,married,no,Rejected
25,36984,22442,21,597,1,2,high school,Yes,semiurban,married,no,Rejected
63,145580,18693,34,596,2,1,bachelor,No,semiurban,married,no,Rejected
42,131316,25005,55,657,35,0,high school,No,urban,single,no,Approved
34,42760,45793,13,817,15,2,high school,No,semiurban,married,no,Rejected
46,111529,38697,46,677,28,2,bachelor,No,semiurban,married,no,Approved
70,21524,29988,25,725,35,1,bachelor,No,semiurban,single,no,Rejected
25,138454,33333,58,836,38,4,high school,No,urban,single,no,Approved
32,69402,30992,56,468,2,1,high school,No,semiurban,married,no,Rejected
44,111656,10522,52,814,36,1,high school,No,rural,single,no,Approved
63,85614,46406,13,663,11,4,master,No,semiurban,married,no,Approved
67,55891,42470,30,729,19,4,high school,No,semiurban,married,no,Approved
69,111009,44532,27,382,22,2,phd,No,urban,single,no,Rejected
24,59832,13121,54,629,21,0,high school,No,semiurban,single,no,Approved
20,65836,15219,55,432,31,1,phd,No,semiurban,single,no,Rejected
46,93953,2617,36,756,6,0,bachelor,No,rural,married,no,Approved
61,33362,44016,12,652,21,4,high school,No,urban,married,no,Rejected
70,86745,25276,13,643,1,4,high school,No,urban,married,no,Rejected
41,57921,35351,59,393,13,1,master,No,rural,single,no,Rejected
20,90434,7704,38,681,15,2,phd,No,semiurban,single,no,Approved
37,147717,41756,13,594,23,1,phd,No,semiurban,married,no,Rejected
63,38562,18959,41,497,6,2,bachelor,No,rural,single,no,Rejected
32,84510,29522,21,378,3,3,high school,No,urban,single,no,Rejected
42,96407,10953,30,513,36,2,high school,No,semiurban,single,no,Rejected
47,27610,27567,53,458,4,1,high school,No,urban,single,no,Rejected
31,129381,23560,27,500,1,1,high school,No,semiurban,single,no,Rejected
24,112918,3613,24,321,4,2,bachelor,No,rural,married,no,Rejected
34,35791,37660,59,638,2,0,bachelor,Yes,urban,married,no,Rejected
61,78047,46104,19,541,7,2,master,No,urban,married,no,Rejected
37,120848,40501,42,537,25,3,high school,No,rural,single,no,Rejected
53,123826,38199,56,448,9,3,high school,No,urban,married,no,Rejected
26,87906,25496,36,306,33,0,high school,No,urban,single,no,Rejected
55,39665,18765,50,532,35,3,master,No,urban,married,no,Rejected
65,90246,26721,32,376,11,1,phd,No,semiurban,married,no,Rejected
39,85864,4515,49,788,19,0,high school,No,semiurban,married,no,Approved
70,66451,5454,52,386,28,0,bachelor,Yes,semiurban,married,no,Rejected
70,123883,41537,40,521,13,0,bachelor,No,semiurban,married,no,Rejected
19,106148,23873,17,712,4,2,bachelor,No,rural,married,no,Approved
41,65890,9384,29,501,26,2,high school,No,semiurban,married,no,Rejected
25,26794,14727,60,575,3,0,bachelor,No,semiurban,married,no,Rejected
28,52888,4534,55,520,28,3,high school,No,semiurban,married,no,Rejected
30,26749,34523,46,456,2,1,master,No,semiurban,single,no,Rejected
34,66531,32889,38,480,32,1,high school,No,semiurban,married,no,Rejected
25,135652,26465,16,428,29,2,bachelor,No,rural,married,no,Rejected
38,40608,31593,18,542,35,4,bachelor,No,semiurban,single,yes,Rejected
35,100986,22330,21,471,8,0,master,No,urban,married,no,Rejected
47,89211,9302,21,802,0,4,high school,No,urban,married,no,Rejected
35,140382,13907,39,779,22,1,bachelor,No,semiurban,single,no,Approved
63,103996,25430,47,569,2,2,master,No,semiurban,married,no,Rejected
64,76017,42752,21,720,31,2,high school,No,urban,single,yes,Rejected
48,123947,48153,46,462,23,2,bachelor,No,rural,single,no,Rejected
55,77676,8181,46,323,5,2,high school,No,urban,married,no,Rejected
49,31560,47213,48,796,12,2,master,No,semiurban,single,no,Rejected
28,74401,13875,59,492,14,0,high school,No,urban,married,no,Rejected
62,70468,28219,31,689,29,4,bachelor,No,semiurban,married,no,Approved
42,135884,37182,24,796,11,1,high school,No,semiurban,married,no,Approved
50,52463,16005,22,428,39,1,high school,Yes,semiurban,single,no,Rejected
55,51663,43269,56,842,34,2,bachelor,No,semiurban,married,no,Approved
58,133687,15245,30,335,27,2,bachelor,No,rural,married,no,Rejected
25,88706,7457,39,756,3,2,bachelor,No,semiurban,single,no,Approved
28,78773,7749,49,660,6,3,high school,No,rural,single,no,Approved
39,53123,34064,56,514,15,1,bachelor,No,semiurban,single,no,Rejected
68,114346,10821,15,586,21,2,high school,No,semiurban,single,no,Rejected
41,29718,33761,48,668,24,4,high school,No,semiurban,single,no,Rejected
58,146777,39051,30,768,2,3,master,No,semiurban,married,no,Rejected
34,82637,14119,48,485,21,0,master,No,semiurban,married,no,Rejected
29,20028,8664,25,773,30,3,high school,No,urban,single,no,Rejected
63,82370,30281,42,360,36,3,high school,No,semiurban,single,no,Rejected
49,67599,41279,39,561,21,3,high school,Yes,urban,married,no,Rejected
32,37397,32821,47,410,26,4,master,No,semiurban,married,no,Rejected
33,129198,39233,55,440,1,1,master,No,urban,single,yes,Rejected
39,127323,25647,49,834,21,2,bachelor,No,rural,married,no,Approved
45,65406,46325,30,378,16,4,master,No,urban,single,no,Rejected
37,67657,5382,53,793,19,4,phd,Yes,urban,married,no,Approved
50,87560,17449,12,330,23,2,phd,No,rural,single,no,Rejected
27,143178,18263,34,815,30,3,phd,Yes,semiurban,single,yes,Rejected
57,124143,25643,39,808,7,0,master,No,semiurban,married,no,Approved
49,144745,10408,59,365,4,3,high school,Yes,rural,married,no,Rejected
67,146896,24606,15,809,1,3,high school,No,semiurban,married,no,Rejected
50,33503,28603,52,670,3,1,master,Yes,semiurban,married,no,Rejected
19,74943,47458,29,586,34,3,high school,No,semiurban,married,no,Rejected
50,95839,6069,60,475,33,0,high school,No,urban,married,yes,Rejected
50,102674,20623,58,422,2,4,high school,No,semiurban,married,no,Rejected
58,45345,45440,50,530,19,3,master,No,semiurban,single,no,Rejected
30,138423,17891,36,303,8,4,bachelor,Yes,urban,married,no,Rejected
47,70390,8704,29,711,5,1,high school,No,urban,married,no,Approved
50,115041,29290,17,549,4,0,bachelor,No,rural,married,yes,Rejected
30,79557,28460,30,786,37,2,phd,No,semiurban,married,no,Approved
69,85054,18509,23,644,34,2,bachelor,No,rural,married,no,Approved
43,21906,18269,36,632,30,1,bachelor,No,semiurban,single,yes,Rejected
39,60167,8975,46,752,12,0,high school,No,rural,married,no,Approved
56,27961,45837,12,457,25,4,high school,No,semiurban,married,no,Rejected
19,46140,7565,16,569,21,1,bachelor,Yes,semiurban,single,no,Rejected
55,144098,23467,12,717,31,3,master,No,urban,married,no,Approved
56,139289,5870,19,739,14,4,phd,No,urban,married,no,Approved
43,78701,19909,50,328,10,3,bachelor,No,rural,married,no,Rejected
63,97567,10117,58,634,15,3,high school,No,rural,single,no,Approved
67,100664,2938,54,537,5,4,master,No,semiurban,single,no,Rejected
32,101199,29390,29,452,10,3,high school,Yes,urban,married,no,Rejected
51,149856,45322,57,414,9,2,high school,Yes,rural,married,no,Rejected
59,119764,37000,20,698,15,4,master,No,semiurban,married,no,Approved
61,101218,21128,16,331,11,1,master,No,urban,married,no,Rejected
66,142357,32781,15,831,6,2,master,No,urban,single,no,Approved
57,100729,4465,55,352,38,1,bachelor,No,urban,single,no,Rejected
28,48561,1440,40,494,26,0,master,No,semiurban,single,no,Rejected
20,70568,6413,12,604,23,1,high school,Yes,semiurban,married,no,Approved
23,129349,12663,41,644,14,4,high school,No,urban,married,no,Approved
26,93302,39523,56,381,5,1,master,Yes,semiurban,married,yes,Rejected
23,115380,38780,12,300,18,0,bachelor,No,rural,married,no,Rejected
26,114968,20547,14,466,7,3,high school,Yes,semiurban,single,no,Rejected
56,49504,17126,33,616,35,4,master,No,rural,married,no,Rejected
48,136116,40520,19,482,12,2,master,Yes,rural,married,no,Rejected
49,57146,1005,29,572,32,2,bachelor,No,rural,single,no,Rejected
58,60297,38544,36,672,31,1,bachelor,No,urban,married,no,Approved
67,106394,8038,59,661,27,2,master,No,urban,married,yes,Rejected
29,147173,7414,31,500,39,0,master,No,semiurban,married,no,Rejected
25,145942,23123,42,491,9,2,master,No,semiurban,married,no,Rejected
25,88607,4970,41,640,32,1,bachelor,Yes,semiurban,married,no,Approved
67,36939,12050,27,598,0,2,high school,No,urban,single,no,Rejected
45,110467,3606,13,805,20,3,bachelor,No,urban,single,no,Approved
37,70715,17482,28,439,4,3,high school,Yes,semiurban,married,no,Rejected
64,64460,34293,21,605,0,2,high school,No,urban,married,no,Rejected
24,86576,7337,18,495,20,4,high school,No,rural,married,no,Rejected
28,88222,34948,53,360,24,2,high school,No,rural,married,no,Rejected
37,32666,25451,20,659,19,3,high school,No,urban,married,no,Rejected
33,82119,27265,28,606,8,3,bachelor,No,semiurban,single,no,Approved
21,55321,26714,20,779,15,0,bachelor,Yes,urban,single,no,Approved
23,21779,21875,20,632,27,1,high school,No,semiurban,single,no,Rejected
39,33186,14057,48,382,39,0,bachelor,Yes,semiurban,single,no,Rejected
43,36459,33400,35,633,35,4,bachelor,No,urban,married,no,Rejected
20,106246,6922,50,816,38,1,high school,No,semiurban,married,no,Approved
58,107755,4071,22,773,23,2,bachelor,No,rural,married,no,Approved
59,25057,23025,19,693,15,2,master,No,urban,married,yes,Rejected
31,80663,28503,36,679,13,4,master,No,urban,married,no,Approved
28,38733,24765,57,320,33,3,high school,Yes,semiurban,married,no,Rejected
35,39157,36560,13,476,23,2,master,No,semiurban,married,no,Rejected
29,55030,47612,21,662,10,0,bachelor,Yes,rural,married,no,Approved
40,39613,33782,35,321,35,3,bachelor,No,semiurban,single,no,Rejected
29,128612,19799,59,847,0,2,phd,No,semiurban,single,no,Rejected
30,135080,36453,27,549,11,3,bachelor,No,semiurban,married,no,Rejected
42,103028,28476,30,372,20,1,high school,No,urban,married,no,Rejected
62,106282,17212,42,390,8,2,master,No,urban,married,no,Rejected
68,25188,10428,22,475,38,2,phd,No,semiurban,married,no,Rejected
36,127106,32419,17,425,2,3,phd,No,urban,married,no,Rejected
63,148346,9159,17,503,15,1,phd,Yes,rural,married,no,Rejected
53,49680,25310,43,545,3,0,high school,No,semiurban,married,no,Rejected
62,123361,37868,50,570,25,1,bachelor,Yes,semiurban,single,no,Rejected
25,80119,40142,59,343,12,0,bachelor,No,urban,married,no,Rejected
46,122302,7004,24,847,19,4,high school,No,semiurban,married,no,Approved
70,94400,39289,14,467,18,1,high school,No,urban,married,no,Rejected
49,75718,12412,52,734,26,0,master,No,urban,married,no,Approved
68,56445,12755,46,329,1,3,bachelor,No,semiurban,married,yes,Rejected
61,25796,20017,49,656,9,0,bachelor,No,urban,single,no,Rejected
35,67218,4890,28,790,24,4,bachelor,No,rural,single,no,Approved
23,59131,29840,14,547,18,0,high school,No,rural,married,no,Rejected
35,28123,18175,45,552,14,1,master,No,urban,single,no,Rejected
36,28222,10191,23,681,38,0,bachelor,No,semiurban,married,no,Rejected
39,44074,1151,35,835,23,1,bachelor,No,urban,single,no,Rejected
54,131958,20447,17,718,15,4,high school,No,semiurban,single,no,Approved
49,136088,23751,53,422,16,0,bachelor,No,urban,single,no,Rejected
58,49825,30175,22,593,15,0,high school,No,rural,married,no,Rejected
20,56839,25288,59,442,17,4,high school,No,rural,married,no,Rejected
45,127112,47629,38,810,3,0,bachelor,No,semiurban,married,no,Approved
27,147514,48800,59,356,1,1,high school,No,urban,married,yes,Rejected
68,88322,38367,35,341,30,2,phd,No,semiurban,married,no,Rejected
52,76321,13274,29,420,1,2,bachelor,Yes,semiurban,married,no,Rejected
46,119174,13218,38,642,1,1,bachelor,No,semiurban,married,yes,Rejected
32,122500,24792,52,631,14,0,high school,No,semiurban,single,no,Approved
50,130100,3977,32,755,28,1,high school,No,semiurban,single,no,Approved
24,45988,18226,45,736,33,4,bachelor,No,urban,married,no,Rejected
29,55507,30022,44,640,39,1,phd,No,semiurban,married,no,Approved
66,119244,4793,59,640,31,2,high school,No,semiurban,married,no,Approved
47,118644,2659,29,715,20,3,bachelor,Yes,semiurban,married,no,Approved
38,145788,38930,14,481,29,4,high school,No,rural,married,no,Rejected
48,115251,44473,35,563,23,0,master,No,semiurban,single,no,Rejected
41,43806,17040,12,509,13,1,bachelor,No,semiurban,single,no,Rejected
37,56901,5270,17,822,27,4,high school,No,urban,single,no,Approved
54,37043,14286,30,481,13,2,bachelor,No,semiurban,single,no,Rejected
21,95761,4603,33,743,33,0,phd,No,urban,single,no,Approved
45,29752,47540,54,550,13,1,bachelor,No,urban,married,no,Rejected
61,88993,18600,19,437,24,1,high school,No,semiurban,single,yes,Rejected
37,62616,3291,16,517,11,0,high school,No,rural,single,no,Rejected
41,72127,14123,20,753,39,3,phd,Yes,semiurban,married,no,Approved
67,94777,4811,58,386,19,3,bachelor,Yes,semiurban,married,no,Rejected
66,20453,14347,32,592,6,4,high school,No,urban,married,no,Rejected
68,95432,32276,39,391,14,1,high school,Yes,semiurban,single,no,Rejected
49,142872,47619,57,507,8,4,phd,No,urban,married,no,Rejected
58,107362,16513,15,503,3,0,bachelor,No,semiurban,married,no,Rejected
53,30976,6142,35,485,30,4,high school,Yes,urban,married,no,Rejected
70,134176,24246,19,384,22,1,high school,No,urban,single,no,Rejected
51,119122,26507,28,455,5,3,phd,No,semiurban,married,no,Rejected
53,90404,27714,45,592,27,3,master,No,rural,married,no,Rejected
19,101932,13194,31,832,11,0,high school,No,urban,married,no,Approved
32,117170,8526,27,460,21,2,bachelor,No,urban,married,no,Rejected
51,97707,20362,21,685,23,4,bachelor,No,urban,married,no,Approved
53,109647,47281,45,784,33,0,master,No,semiurban,married,no,Approved
23,53688,45852,54,802,18,3,high school,No,semiurban,single,yes,Rejected
56,106840,47117,21,455,23,1,high school,Yes,urban,married,no,Rejected
59,137106,48836,41,442,19,1,high school,Yes,semiurban,single,no,Rejected
68,127810,5595,41,583,33,2,high school,No,semiurban,married,no,Rejected
68,124779,31394,36,334,26,2,high school,No,semiurban,single,yes,Rejected
29,113789,16402,57,523,28,3,high school,No,urban,single,no,Rejected
20,116516,28140,54,692,0,2,high school,Yes,semiurban,married,no,Rejected
62,22017,23595,52,707,35,2,master,No,semiurban,married,no,Rejected
35,27957,43723,18,687,38,1,master,Yes,rural,married,no,Rejected
57,134534,47764,58,596,6,4,high school,No,semiurban,single,no,Rejected
38,127724,25911,31,622,19,1,bachelor,No,urban,single,no,Approved
32,24792,26752,28,787,19,1,master,No,rural,single,no,Rejected
50,75982,20405,14,338,24,3,high school,No,rural,married,no,Rejected
52,33237,25220,58,804,20,3,high school,No,urban,married,no,Rejected
43,71586,34953,57,802,8,4,bachelor,No,rural,married,no,Approved
25,101787,37053,51,836,26,0,high school,No,rural,single,no,Approved
53,39252,4447,47,615,27,2,bachelor,Yes,semiurban,married,no,Rejected
65,30707,11662,37,795,24,2,bachelor,No,urban,married,no,Rejected
47,54206,5899,21,416,35,1,high school,No,semiurban,single,yes,Rejected
40,114276,29582,45,641,33,1,bachelor,No,urban,married,no,Approved
59,23543,49828,25,539,1,4,high school,No,semiurban,married,no,Rejected
61,64135,2935,19,744,8,2,high school,No,semiurban,married,no,Approved
31,136469,43213,38,786,18,1,master,No,semiurban,single,no,Approved
31,133824,43042,21,710,14,1,master,No,semiurban,married,no,Approved
19,124647,11335,26,597,20,3,high school,No,rural,married,no,Rejected
54,55031,18669,48,351,15,0,high school,No,rural,married,no,Rejected
22,62929,9545,33,603,1,4,master,No,semiurban,married,yes,Rejected
55,85747,41247,56,587,25,0,master,No,urban,married,no,Rejected
62,77851,39023,42,417,28,0,phd,No,urban,married,no,Rejected
58,75311,19269,13,723,32,4,high school,No,semiurban,married,no,Approved
64,132113,38830,56,508,33,2,high school,No,rural,married,yes,Rejected
31,125331,8066,42,426,26,1,phd,No,semiurban,married,no,Rejected
56,85867,11712,25,592,6,4,high school,No,semiurban,married,no,Rejected
42,108780,16991,21,818,14,1,high school,No,urban,married,no,Approved
37,77196,36790,41,521,16,3,bachelor,No,semiurban,single,no,Rejected
19,93705,22649,47,376,8,0,high school,Yes,urban,married,no,Rejected
56,77894,35315,58,637,12,3,high school,Yes,rural,single,no,Approved
23,107640,31806,51,574,31,0,high school,No,semiurban,single,no,Rejected
34,127437,13210,26,416,1,2,phd,No,urban,married,no,Rejected
42,34591,37972,25,591,31,4,bachelor,No,semiurban,single,no,Rejected
45,117247,41358,42,570,19,2,bachelor,No,urban,single,no,Rejected
19,68893,35136,40,746,18,0,bachelor,Yes,semiurban,married,no,Approved
52,20727,45297,38,456,26,3,bachelor,No,urban,married,yes,Rejected
54,41359,16945,32,483,35,0,master,No,rural,married,no,Rejected
22,63822,30665,20,723,29,2,high school,No,urban,married,no,Approved
18,121547,43477,31,315,10,2,bachelor,No,semiurban,single,no,Rejected
57,135336,14644,46,397,15,3,high school,No,semiurban,single,no,Rejected
29,123399,5917,26,599,25,3,bachelor,No,semiurban,single,no,Rejected
53,132113,20868,35,721,29,2,bachelor,No,urban,married,no,Approved
62,108534,12877,60,606,1,0,high school,No,semiurban,married,no,Rejected
40,30929,14224,27,573,33,0,bachelor,No,semiurban,single,no,Rejected
64,148588,4052,47,560,21,4,master,No,rural,married,no,Rejected
48,80091,28272,22,538,30,2,high school,No,semiurban,single,no,Rejected
28,100378,42150,19,631,20,4,high school,No,urban,married,yes,Rejected
27,43519,31668,14,414,35,2,high school,Yes,urban,married,no,Rejected
20,37393,18316,30,567,39,4,bachelor,No,urban,single,no,Rejected
31,54318,8240,57,311,22,1,bachelor,No,semiurban,married,no,Rejected
33,94531,32559,52,372,25,0,master,No,urban,single,no,Rejected
27,114192,4238,14,705,17,0,high school,No,urban,married,no,Approved
46,67934,44175,47,477,14,1,high school,Yes,urban,married,no,Rejected
27,125796,1565,36,558,33,3,bachelor,No,semiurban,single,no,Rejected
29,130805,22762,47,699,21,1,bachelor,No,semiurban,married,no,Approved
47,101103,6558,22,569,27,0,bachelor,Yes,semiurban,married,no,Rejected
58,48840,17375,27,785,6,2,high school,No,urban,single,no,Rejected
18,138089,26710,28,358,39,4,high school,No,urban,married,no,Rejected
22,109367,12103,53,565,23,0,master,No,rural,married,no,Rejected
37,33265,16174,35,374,34,1,high school,No,urban,married,no,Rejected
25,25424,42490,28,389,12,2,high school,Yes,urban,married,yes,Rejected
60,40625,22793,59,804,12,0,high school,No,semiurban,single,no,Rejected
29,99622,28597,31,656,30,1,master,No,urban,married,no,Approved
18,49187,9753,33,453,18,0,high school,Yes,urban,married,no,Rejected
37,55929,39397,17,517,28,1,high school,No,semiurban,married,no,Rejected
45,81892,7318,18,785,21,1,high school,Yes,urban,married,no,Approved
60,40539,34069,25,839,20,0,high school,No,semiurban,married,yes,Rejected
54,76630,21151,22,429,15,2,master,No,semiurban,married,no,Rejected
64,110639,41274,23,365,29,0,master,No,urban,married,no,Rejected
54,113410,9701,57,443,4,0,phd,No,urban,married,no,Rejected
29,29215,7962,16,679,5,2,high school,Yes,semiurban,married,no,Rejected
54,59385,39197,16,612,20,0,high school,No,rural,married,no,Approved
66,107580,49634,31,706,10,4,high school,No,semiurban,single,no,Approved
66,97462,31041,26,706,23,4,high school,Yes,semiurban,married,no,Approved
61,133396,8248,37,576,27,4,master,Yes,urban,single,no,Rejected
45,117037,20829,44,708,14,1,phd,No,semiurban,married,no,Approved
64,115310,3203,41,613,38,3,high school,No,urban,single,no,Approved
32,45008,26370,35,848,39,0,high school,No,semiurban,married,no,Rejected
23,68928,36247,34,548,18,3,high school,No,semiurban,married,no,Rejected
61,103096,11386,20,760,16,4,master,Yes,urban,single,no,Approved
37,109876,1434,14,698,2,2,bachelor,No,semiurban,married,no,Rejected
67,44976,43998,47,750,2,4,phd,No,semiurban,single,no,Rejected
31,133942,35474,59,770,38,0,bachelor,Yes,semiurban,married,no,Approved
19,144984,25644,18,733,27,3,master,Yes,semiurban,single,no,Approved
26,47626,39493,33,745,30,3,high school,Yes,semiurban,single,no,Rejected
54,118256,19288,25,402,7,1,phd,No,urban,married,no,Rejected
37,120537,4959,59,627,16,2,bachelor,No,rural,single,no,Approved
43,79789,48289,40,545,34,4,bachelor,No,urban,married,no,Rejected
46,24700,12143,27,357,35,2,high school,No,urban,married,no,Rejected
18,129331,40593,59,404,26,0,high school,No,urban,married,no,Rejected
52,83645,40115,45,368,39,1,high school,No,rural,single,no,Rejected
23,140594,46609,21,601,32,4,high school,No,urban,single,no,Approved
54,93396,23540,18,452,10,0,phd,No,semiurban,single,no,Rejected
70,27526,36481,36,836,20,2,master,No,urban,married,no,Rejected
22,123863,30969,38,334,5,1,master,No,semiurban,single,no,Rejected
50,59500,12561,26,314,20,4,master,No,urban,married,no,Rejected
66,88049,23578,43,405,27,2,bachelor,No,semiurban,married,no,Rejected
68,93366,13787,39,373,16,4,high school,Yes,urban,single,yes,Rejected
31,100317,7512,20,584,17,1,high school,No,semiurban,single,no,Rejected
29,79117,11596,18,849,10,1,phd,No,semiurban,married,no,Approved
59,76096,32746,27,496,24,2,high school,Yes,urban,married,no,Rejected
37,27910,20930,37,579,29,4,bachelor,Yes,urban,married,no,Rejected
70,101383,48950,46,452,24,3,bachelor,No,urban,single,no,Rejected
67,91185,31201,28,590,6,0,bachelor,No,semiurban,married,no,Rejected
41,70248,19687,34,441,36,1,phd,No,urban,married,no,Rejected
60,94656,36989,19,611,26,4,high school,Yes,rural,single,no,Approved
51,21951,31183,13,331,25,2,master,No,rural,married,no,Rejected
42,85212,21758,42,325,12,2,bachelor,Yes,urban,married,no,Rejected
67,95701,2082,43,554,23,1,phd,Yes,urban,married,no,Rejected
46,99888,42405,40,355,11,1,phd,No,rural,married,no,Rejected
56,95282,31832,14,592,13,3,high school,No,urban,single,no,Rejected
48,129274,46891,19,529,8,2,high school,No,semiurban,married,no,Rejected
64,114533,46810,13,352,30,4,master,No,semiurban,married,no,Rejected
60,61954,47901,42,400,3,0,high school,No,semiurban,single,no,Rejected
67,109719,18976,60,766,18,0,high school,Yes,rural,married,no,Approved
40,28804,39376,48,566,0,3,bachelor,Yes,semiurban,single,no,Rejected
61,112705,6526,31,301,28,4,bachelor,No,semiurban,married,no,Rejected
55,20595,32086,40,321,5,0,bachelor,No,semiurban,single,no,Rejected
37,49592,22563,28,511,0,0,master,No,urban,married,no,Rejected
40,60643,7472,21,535,24,4,master,No,semiurban,married,no,Rejected
62,143721,3775,52,828,26,4,master,No,semiurban,married,no,Approved
69,82665,16828,33,687,21,1,phd,No,urban,single,no,Approved
33,40823,45776,17,313,16,0,high school,No,rural,married,no,Rejected
67,25972,18974,54,818,28,0,high school,No,semiurban,married,no,Rejected
59,35882,23388,45,521,2,3,high school,No,urban,single,no,Rejected
25,86394,16055,42,702,16,1,phd,No,urban,married,yes,Rejected
67,91055,19615,23,812,1,1,high school,No,semiurban,single,no,Rejected
38,43769,38886,23,586,31,0,bachelor,No,urban,single,no,Rejected
18,45020,23838,27,683,21,2,bachelor,No,rural,single,no,Rejected
25,62748,41728,36,546,38,2,phd,Yes,rural,married,no,Rejected
46,122621,13464,33,390,32,4,phd,No,semiurban,married,no,Rejected
49,105374,41364,38,611,21,1,master,No,semiurban,married,yes,Rejected
55,64912,8240,35,736,3,0,high school,No,rural,married,no,Approved
22,32879,5942,23,342,37,0,high school,No,urban,single,yes,Rejected
64,53798,20622,29,373,12,0,high school,No,semiurban,married,no,Rejected
39,127791,14536,56,615,22,3,high school,No,urban,single,no,Approved
64,109826,2600,58,443,12,2,high school,No,semiurban,married,no,Rejected
51,66073,6700,27,628,19,3,high school,No,semiurban,married,no,Approved
18,95791,39839,15,508,32,0,high school,No,urban,single,no,Rejected
43,86983,11248,23,398,33,0,master,No,rural,married,no,Rejected
60,63005,46291,60,413,37,1,master,No,semiurban,married,no,Rejected
27,114731,18093,44,474,28,1,bachelor,No,rural,married,no,Rejected
47,22850,20355,33,570,31,2,phd,No,rural,single,no,Rejected
67,48400,18177,29,362,10,4,high school,No,semiurban,single,no,Rejected
35,144948,20483,59,703,17,0,high school,Yes,rural,married,no,Approved
34,31953,44815,44,524,20,1,high school,Yes,urban,married,no,Rejected
43,126410,39533,38,460,11,2,phd,Yes,semiurban,married,no,Rejected
25,145155,1026,53,335,38,3,bachelor,No,urban,married,no,Rejected
64,43535,40461,30,680,19,0,phd,Yes,semiurban,married,no,Rejected
57,95536,22706,59,617,6,4,high school,No,semiurban,single,no,Approved
66,95039,25660,25,755,26,2,master,No,rural,single,no,Approved
29,141640,40377,36,568,6,4,high school,No,semiurban,married,no,Rejected
44,101029,43082,45,643,1,0,master,No,semiurban,single,no,Rejected
25,24055,17258,35,339,32,2,phd,No,urban,single,no,Rejected
42,58170,39077,49,713,20,1,phd,No,rural,married,no,Approved
63,145331,33779,34,679,28,4,master,No,semiurban,single,no,Approved
21,117944,25154,16,521,31,3,high school,No,semiurban,married,yes,Rejected
50,127585,30684,55,580,11,3,bachelor,No,rural,married,no,Rejected
18,119976,16389,47,524,12,4,master,No,rural,married,no,Rejected
36,48251,27324,35,756,38,0,high school,No,semiurban,married,no,Rejected
48,24532,28685,47,453,39,0,master,No,rural,married,no,Rejected
33,24924,28195,16,579,2,0,high school,No,semiurban,single,yes,Rejected
31,68037,22797,50,652,38,3,high school,No,semiurban,married,no,Approved
70,98082,47439,17,338,7,3,bachelor,No,semiurban,married,no,Rejected
65,112115,6774,56,788,1,1,bachelor,Yes,urban,single,no,Rejected
22,91621,32633,47,497,5,0,high school,No,semiurban,married,no,Rejected
58,97926,1796,56,575,14,3,high school,No,semiurban,single,no,Rejected
43,98816,41047,15,471,11,3,bachelor,No,rural,married,no,Rejected
45,109654,29389,21,807,31,0,master,Yes,semiurban,married,no,Approved
19,90400,8188,12,704,5,0,high school,No,semiurban,single,yes,Rejected
67,127620,24696,32,570,26,3,phd,No,semiurban,single,no,Rejected
23,119525,3024,51,430,12,4,high school,No,urban,married,no,Rejected
26,121164,8666,50,684,22,3,master,Yes,semiurban,married,no,Approved
50,112385,36985,48,696,9,1,high school,No,semiurban,married,no,Approved
58,113102,7584,14,595,13,2,bachelor,No,rural,married,no,Rejected
42,30702,26462,58,682,2,0,bachelor,No,semiurban,married,no,Rejected
65,126732,28044,42,811,11,1,bachelor,No,semiurban,single,no,Approved
30,35385,6285,38,694,24,4,master,No,urban,married,yes,Rejected
26,29336,8370,28,559,0,2,master,No,urban,married,no,Rejected
70,85421,18903,34,580,31,3,high school,No,semiurban,single,no,Rejected
30,51225,33499,24,655,23,0,master,No,rural,married,no,Approved
48,56021,33368,58,719,8,3,high school,No,rural,married,no,Approved
58,23782,23995,38,491,0,1,master,No,semiurban,married,no,Rejected
28,108877,40624,31,727,38,0,bachelor,No,semiurban,single,no,Approved
21,135454,36200,57,647,9,3,high school,No,urban,married,no,Approved
51,137369,23841,24,728,29,0,bachelor,Yes,urban,married,no,Approved
55,109630,5866,55,691,4,1,phd,No,rural,married,no,Approved
63,69111,14566,35,640,3,3,high school,No,rural,married,no,Approved
21,109402,38822,52,846,7,2,bachelor,No,urban,single,no,Approved
55,139774,42876,14,701,15,4,bachelor,No,semiurban,married,no,Approved
36,142652,29552,54,346,0,3,high school,Yes,semiurban,married,no,Rejected
23,104585,35549,21,724,14,0,bachelor,Yes,urban,married,yes,Rejected
51,62719,25914,12,816,23,3,high school,Yes,rural,married,no,Approved
35,116528,44830,60,627,14,0,phd,No,urban,married,yes,Rejected
30,69037,45542,24,386,5,1,master,No,rural,married,no,Rejected
58,100103,23333,25,814,1,4,phd,Yes,rural,married,no,Rejected
40,129987,16958,44,464,4,0,bachelor,No,semiurban,married,yes,Rejected
36,145695,21954,13,522,38,3,high school,No,rural,single,no,Rejected
62,23513,10638,13,596,33,1,high school,No,urban,married,yes,Rejected
28,135183,35147,50,750,38,2,bachelor,No,semiurban,married,no,Approved
18,33335,10675,52,642,31,3,phd,No,semiurban,married,no,Rejected
41,64140,25054,42,640,28,4,master,No,semiurban,married,no,Approved
24,124126,44034,15,760,28,1,bachelor,Yes,semiurban,single,no,Approved
42,100373,32661,45,691,23,3,master,No,semiurban,married,no,Approved
38,97658,18184,30,836,30,0,phd,No,urban,married,no,Approved
32,54840,48963,48,720,23,0,master,No,rural,married,no,Approved
18,51007,26822,20,680,14,0,bachelor,No,rural,married,no,Approved
29,76947,11929,35,304,11,3,bachelor,No,semiurban,single,no,Rejected
24,126833,6267,24,303,19,4,bachelor,No,rural,married,no,Rejected
32,138637,37025,55,615,3,0,master,No,urban,single,no,Approved
38,140721,13069,41,377,12,3,master,No,urban,married,no,Rejected
36,113220,1981,30,830,9,3,high school,No,rural,married,no,Approved
46,46393,44436,52,654,22,4,bachelor,No,rural,married,yes,Rejected
42,77480,19472,21,332,6,1,master,No,semiurban,single,no,Rejected
50,137243,20336,53,438,11,1,bachelor,No,semiurban,single,no,Rejected
66,108290,26587,55,571,14,3,bachelor,No,semiurban,single,no,Rejected
49,106335,12656,25,495,6,1,high school,No,semiurban,married,no,Rejected
66,124263,28326,51,426,7,2,bachelor,No,semiurban,single,no,Rejected
52,29107,19510,59,648,6,4,bachelor,Yes,urban,married,no,Rejected
61,148181,41831,60,343,3,3,bachelor,Yes,urban,married,no,Rejected
55,25993,19975,31,543,6,1,phd,No,semiurban,married,no,Rejected
43,116341,10665,15,308,29,1,bachelor,No,urban,single,no,Rejected
28,113650,28097,49,378,17,4,master,No,rural,married,no,Rejected
52,123325,26741,55,489,29,0,high school,No,rural,single,no,Rejected
25,144980,7437,50,385,6,1,master,No,semiurban,married,no,Rejected
63,137595,26185,16,784,22,4,bachelor,No,urban,single,no,Approved
31,72066,11375,53,570,36,0,high school,No,semiurban,married,no,Rejected
27,131850,28107,43,812,6,3,high school,No,semiurban,married,no,Approved
19,62942,31484,17,319,37,0,high school,No,urban,single,no,Rejected
63,36138,36629,25,788,28,1,bachelor,No,semiurban,married,no,Rejected
26,138558,46610,17,429,33,3,high school,Yes,semiurban,single,no,Rejected
20,147408,26835,25,306,38,3,bachelor,No,rural,married,no,Rejected
38,64527,30743,23,609,17,0,high school,No,semiurban,married,no,Approved
43,29190,31917,38,772,24,3,master,No,semiurban,married,no,Rejected
25,112259,39995,37,401,26,0,bachelor,No,rural,single,no,Rejected
65,139773,12424,23,637,26,0,high school,No,semiurban,single,no,Approved
19,98422,10643,19,618,11,0,high school,No,rural,married,no,Approved
23,75698,11310,21,812,22,4,phd,Yes,urban,married,no,Approved
45,102315,19951,27,324,16,1,phd,No,semiurban,married,yes,Rejected
70,113710,27568,37,729,6,3,bachelor,No,urban,married,yes,Rejected
46,49086,16233,19,442,23,2,bachelor,No,semiurban,married,no,Rejected
43,37322,14200,52,448,6,1,phd,No,rural,single,no,Rejected
42,128132,22548,56,354,28,2,phd,No,rural,married,no,Rejected
29,145604,11532,40,770,27,0,high school,Yes,rural,married,no,Approved
22,120814,24465,31,662,22,3,bachelor,No,semiurban,single,no,Approved
51,139324,22291,28,508,9,1,master,No,urban,married,no,Rejected
65,103569,43448,30,484,15,2,high school,No,urban,married,no,Rejected
54,105610,31580,28,364,33,2,master,No,urban,single,no,Rejected
32,148921,27149,50,848,24,2,bachelor,No,semiurban,married,no,Approved
61,23435,22346,12,411,1,1,bachelor,No,semiurban,married,no,Rejected
53,121505,11619,40,562,4,4,high school,No,semiurban,married,no,Rejected
32,73331,40918,25,375,13,0,high school,No,rural,single,yes,Rejected
60,48942,2766,28,595,30,3,high school,No,semiurban,single,no,Rejected
65,79635,4549,24,477,39,2,phd,No,urban,single,yes,Rejected
40,49059,19693,40,300,5,1,high school,No,urban,married,no,Rejected
23,77557,32922,45,447,27,2,high school,Yes,rural,single,no,Rejected
63,133457,43402,38,428,8,1,high school,Yes,rural,married,no,Rejected
67,72389,35744,57,812,5,4,bachelor,No,urban,single,no,Approved
61,73014,49328,44,801,16,2,bachelor,No,rural,single,no,Approved
60,52826,13165,40,448,39,2,master,No,semiurban,single,no,Rejected
62,50297,24564,48,568,34,3,phd,Yes,rural,married,no,Rejected
38,63890,36258,50,404,11,1,bachelor,No,semiurban,married,no,Rejected
40,41322,26301,30,765,17,1,bachelor,No,rural,single,no,Rejected
60,55739,45763,57,580,33,4,bachelor,No,semiurban,married,no,Rejected
33,29719,21765,35,706,0,2,bachelor,Yes,urban,married,no,Rejected
64,99553,45787,25,657,14,3,bachelor,No,urban,married,no,Approved
70,28314,8425,58,502,17,0,bachelor,No,semiurban,married,yes,Rejected
32,113831,13857,48,580,21,3,bachelor,No,urban,married,no,Rejected
42,95164,28463,16,556,17,3,high school,No,urban,single,no,Rejected
53,127658,23444,35,393,0,3,bachelor,No,urban,married,no,Rejected
28,97028,42457,45,623,19,3,high school,Yes,semiurban,married,no,Approved
68,56113,37744,42,661,35,2,high school,No,semiurban,single,no,Approved
32,137174,15205,41,650,37,3,high school,No,rural,married,no,Approved
21,35357,1704,20,361,24,1,bachelor,No,rural,single,no,Rejected
38,118865,6452,38,486,15,1,high school,No,rural,married,no,Rejected
30,40365,46617,39,841,19,3,high school,No,semiurban,single,no,Rejected
39,59029,39862,53,603,37,1,high school,No,rural,single,no,Approved
36,21737,4681,37,735,32,2,high school,No,semiurban,married,no,Rejected
51,94632,21522,29,512,6,0,phd,No,rural,married,no,Rejected
31,105474,19300,47,705,22,3,master,No,urban,single,no,Approved
21,98218,10566,19,433,10,1,master,No,rural,married,no,Rejected
65,144606,8501,29,518,32,1,bachelor,No,urban,single,no,Rejected
70,47499,2845,31,720,39,2,phd,No,semiurban,married,no,Rejected
69,130027,40181,43,618,4,2,master,No,semiurban,married,no,Approved
63,130402,41758,40,456,7,0,high school,No,semiurban,single,no,Rejected
44,148692,43396,60,487,16,4,bachelor,No,semiurban,single,yes,Rejected
46,127430,14230,59,775,17,4,bachelor,Yes,semiurban,married,no,Approved
64,66157,18754,29,461,26,4,bachelor,No,semiurban,married,no,Rejected
45,76247,35404,18,428,30,0,master,No,semiurban,married,no,Rejected
52,148411,23564,12,603,3,3,bachelor,Yes,urban,married,no,Approved
25,61034,33362,39,388,1,4,master,Yes,semiurban,married,no,Rejected
33,20294,19227,44,461,4,4,high school,No,semiurban,married,no,Rejected
59,118072,25760,15,335,16,1,phd,Yes,semiurban,married,no,Rejected
53,44596,30723,31,526,38,1,high school,No,urban,married,no,Rejected
47,118185,48475,47,450,31,3,phd,No,semiurban,married,no,Rejected
35,31434,18215,42,346,28,2,bachelor,Yes,rural,married,no,Rejected
19,78382,6538,49,530,15,0,bachelor,No,semiurban,married,no,Rejected
66,58098,22699,39,838,0,4,high school,No,semiurban,single,no,Rejected
30,24655,44085,14,464,11,0,bachelor,No,urban,married,no,Rejected
21,103029,13454,17,365,18,1,master,No,semiurban,single,no,Rejected
43,66228,49217,56,379,8,0,high school,No,semiurban,married,no,Rejected
42,23771,42223,34,439,6,1,high school,No,rural,married,no,Rejected
47,94099,22711,18,699,29,0,high school,No,urban,married,no,Approved
28,140811,16059,47,429,14,1,bachelor,Yes,rural,married,no,Rejected
24,76799,49398,12,745,3,0,high school,No,semiurban,married,no,Approved
48,82257,2286,17,328,5,4,bachelor,No,semiurban,single,no,Rejected
61,37558,35297,35,501,37,4,phd,No,rural,single,no,Rejected
27,119468,43768,48,536,34,3,master,No,urban,single,no,Rejected
56,78436,40423,56,638,1,0,master,No,urban,married,no,Rejected
30,127779,35645,47,698,4,2,bachelor,No,rural,married,no,Approved
48,144891,43709,35,738,7,3,high school,No,rural,single,no,Approved
24,143725,27485,49,588,29,0,high school,No,rural,married,no,Rejected
66,112103,33267,56,551,18,2,high school,No,urban,married,yes,Rejected
59,143400,46823,40,399,29,4,high school,No,semiurban,married,no,Rejected
59,52376,28086,48,721,30,4,bachelor,No,semiurban,married,no,Approved
53,139154,17484,56,317,15,4,master,Yes,rural,married,no,Rejected
37,107458,4087,43,770,37,2,master,Yes,urban,single,no,Approved
21,97924,39596,36,306,21,1,phd,No,rural,married,no,Rejected
24,49332,19675,21,718,32,0,high school,No,semiurban,married,yes,Rejected
18,66737,25680,46,679,21,3,bachelor,Yes,semiurban,married,no,Approved
61,109031,18077,36,807,7,3,master,No,urban,single,no,Approved
62,93970,39174,38,413,36,4,bachelor,No,urban,married,no,Rejected
59,71952,12432,56,810,11,1,high school,No,semiurban,single,no,Approved
64,40991,4491,43,768,4,0,master,No,urban,married,yes,Rejected
30,47472,47126,23,392,24,0,bachelor,Yes,semiurban,single,yes,Rejected
39,79946,47122,15,791,28,3,phd,Yes,semiurban,single,no,Approved
38,125566,4392,53,401,12,3,high school,Yes,rural,married,no,Rejected
39,46849,3268,37,792,25,3,master,No,urban,married,no,Rejected
45,21541,39400,14,835,21,0,high school,No,semiurban,married,no,Rejected
26,149237,37551,28,784,28,3,high school,Yes,urban,married,no,Approved
43,22765,29088,20,778,11,0,bachelor,Yes,semiurban,single,no,Rejected
26,63074,15479,40,466,27,4,bachelor,Yes,rural,married,no,Rejected
32,122795,26465,12,439,8,1,bachelor,No,semiurban,single,no,Rejected
27,49283,49155,29,393,9,3,master,No,rural,married,yes,Rejected
41,121387,23357,52,480,25,0,master,No,rural,single,no,Rejected
59,140044,6969,31,303,35,4,high school,No,urban,single,no,Rejected
25,120161,9981,52,688,39,2,bachelor,No,urban,married,no,Approved
41,20769,22032,45,571,10,4,bachelor,No,semiurban,single,no,Rejected
33,37806,42618,39,431,5,1,high school,No,semiurban,married,no,Rejected
66,110518,25408,59,811,3,4,master,No,semiurban,married,no,Approved
43,22972,25241,46,351,26,3,high school,No,semiurban,single,no,Rejected
44,38256,48940,27,589,23,3,phd,No,urban,married,no,Rejected
54,123903,18402,32,745,4,2,high school,Yes,rural,single,no,Approved
21,145574,26766,24,536,2,0,bachelor,No,urban,married,no,Rejected
67,38653,4657,46,790,6,4,master,No,urban,married,no,Rejected
41,123579,22230,53,579,23,2,high school,No,semiurban,married,no,Rejected
36,106669,19680,43,343,21,3,bachelor,No,semiurban,married,no,Rejected
53,59339,18158,49,658,11,0,high school,No,semiurban,married,no,Approved
56,45757,20195,17,825,34,0,bachelor,Yes,rural,married,no,Rejected
27,123376,43340,49,761,16,1,bachelor,No,semiurban,married,no,Approved
42,62399,36950,49,400,2,3,high school,Yes,urban,single,no,Rejected
35,64013,13979,24,760,10,0,bachelor,Yes,urban,married,yes,Rejected
36,117605,8867,57,567,5,1,bachelor,No,urban,single,no,Rejected
53,34706,16155,50,661,35,1,bachelor,No,urban,married,no,Rejected
27,58231,14006,24,707,16,3,phd,No,rural,married,no,Approved
50,47909,5329,58,336,21,0,bachelor,No,rural,single,yes,Rejected
67,125754,23551,23,767,0,0,bachelor,No,semiurban,single,no,Rejected
22,145777,36865,44,558,2,4,bachelor,No,semiurban,married,no,Rejected
64,96631,2404,39,808,15,0,bachelor,No,semiurban,single,no,Approved
66,77572,38869,14,608,34,1,high school,No,urban,single,no,Approved
52,105879,2369,29,572,13,2,master,No,urban,married,no,Rejected
61,83767,40433,37,409,6,3,high school,No,semiurban,single,no,Rejected
51,46469,19448,51,559,25,2,high school,No,urban,married,no,Rejected
50,21313,36533,13,567,30,0,bachelor,No,rural,single,no,Rejected
38,27847,25175,15,331,23,1,high school,No,semiurban,married,no,Rejected
34,70222,1716,39,476,18,2,high school,No,urban,single,no,Rejected
39,94702,14850,39,403,36,3,high school,No,semiurban,married,no,Rejected
65,29930,2711,36,535,0,4,phd,No,semiurban,married,no,Rejected
54,23285,26801,37,392,24,2,high school,No,semiurban,single,no,Rejected
32,143637,22751,56,500,9,4,high school,No,rural,single,no,Rejected
52,55863,40029,58,334,17,0,master,No,semiurban,single,no,Rejected
45,36704,26173,13,416,0,0,phd,Yes,semiurban,single,no,Rejected
24,38705,7086,53,757,28,3,bachelor,No,semiurban,single,no,Rejected
49,20555,48130,45,770,12,4,phd,No,semiurban,married,yes,Rejected
28,41323,12223,41,698,3,4,master,Yes,urban,married,no,Rejected
27,90968,17220,32,416,11,3,bachelor,No,urban,single,no,Rejected
26,86922,14392,55,661,18,2,high school,No,urban,single,no,Approved
31,73915,21051,48,503,25,3,bachelor,Yes,urban,married,yes,Rejected
30,129543,3246,55,445,37,0,bachelor,No,rural,married,no,Rejected
42,30619,21010,34,743,15,4,high school,No,rural,single,yes,Rejected
19,92390,3822,44,596,24,1,phd,Yes,semiurban,single,no,Rejected
52,148918,25667,13,786,9,1,bachelor,No,semiurban,single,no,Approved
24,128500,18234,38,530,36,0,master,No,semiurban,married,no,Rejected
38,134337,31654,59,502,27,4,master,No,semiurban,single,no,Rejected
35,79274,10669,33,661,27,4,high school,No,semiurban,single,no,Approved
20,93173,22784,45,694,24,3,phd,Yes,semiurban,married,no,Approved
59,41225,30672,27,547,24,2,master,No,semiurban,married,no,Rejected
56,131266,2082,31,739,11,3,bachelor,No,semiurban,married,no,Approved
58,46739,12148,37,695,7,1,master,No,semiurban,single,no,Rejected
66,67708,28494,27,655,35,4,high school,Yes,rural,single,no,Approved
28,148041,41935,17,700,38,2,bachelor,Yes,semiurban,married,yes,Rejected
56,73019,10557,56,540,23,3,high school,Yes,urban,married,no,Rejected
41,96154,45496,55,640,22,2,master,No,semiurban,married,no,Approved
63,122097,37719,34,528,36,1,master,No,semiurban,married,yes,Rejected
36,27373,48445,53,842,10,2,high school,Yes,urban,married,no,Rejected
21,55281,49737,48,838,16,4,high school,Yes,semiurban,single,yes,Rejected
43,40187,42735,19,828,27,2,high school,No,semiurban,married,no,Rejected
55,87863,40536,17,566,2,2,bachelor,No,semiurban,married,no,Rejected
59,117927,15039,48,428,1,3,high school,No,rural,married,no,Rejected
49,127113,3303,33,519,28,2,phd,No,semiurban,single,no,Rejected
56,104085,48931,17,381,33,2,phd,No,urban,married,no,Rejected
62,137996,40925,43,319,13,1,bachelor,No,semiurban,married,no,Rejected
63,59220,19281,28,626,32,2,high school,Yes,urban,married,no,Approved
53,142755,49897,49,336,17,3,master,No,semiurban,married,no,Rejected
57,27642,23209,28,681,28,3,master,Yes,urban,single,no,Rejected
54,99971,29173,48,338,1,4,high school,No,urban,married,no,Rejected
50,75556,43287,34,408,10,1,bachelor,No,urban,married,no,Rejected
53,53760,26190,60,728,30,0,phd,Yes,urban,single,no,Approved
20,58192,34012,60,363,12,4,bachelor,Yes,urban,married,no,Rejected
26,144257,42716,24,474,25,2,phd,Yes,semiurban,married,no,Rejected
25,24381,42783,43,331,33,1,phd,No,urban,single,no,Rejected
50,116583,44787,33,830,9,4,high school,Yes,urban,single,no,Approved
23,39558,21191,18,405,11,3,phd,No,rural,married,no,Rejected
58,50782,3779,33,781,21,1,high school,No,semiurban,married,no,Approved
56,24782,19230,32,505,30,1,high school,No,semiurban,married,no,Rejected
21,111417,47491,17,546,18,2,high school,No,urban,married,no,Rejected
30,74712,24405,25,388,23,1,bachelor,No,urban,married,yes,Rejected
66,125764,13803,27,615,24,1,high school,Yes,semiurban,single,yes,Rejected
19,114945,28825,14,310,34,0,high school,Yes,semiurban,single,no,Rejected
22,39462,14698,20,348,7,2,high school,No,urban,single,no,Rejected
61,80030,35560,58,470,4,1,bachelor,No,semiurban,married,no,Rejected
44,88519,16376,32,442,21,1,master,No,urban,single,no,Rejected
49,76411,19118,41,506,27,0,bachelor,No,semiurban,single,no,Rejected
38,75206,14117,41,762,11,0,master,Yes,urban,married,no,Approved
25,117469,40983,53,808,32,3,high school,No,urban,single,no,Approved
55,66950,38956,53,500,15,2,high school,Yes,semiurban,married,no,Rejected
25,22523,49786,43,304,25,0,high school,No,semiurban,married,no,Rejected
67,80926,48469,34,510,11,1,high school,No,semiurban,single,no,Rejected
20,29677,39049,14,328,22,0,bachelor,Yes,urban,single,no,Rejected
61,95828,23242,12,489,25,4,bachelor,No,semiurban,married,no,Rejected
20,35089,1944,14,487,12,3,high school,No,urban,married,yes,Rejected
39,24581,32695,48,449,22,3,high school,Yes,semiurban,married,no,Rejected
23,31907,2511,18,824,30,2,high school,Yes,semiurban,married,no,Rejected
19,25609,46486,14,665,35,3,master,No,semiurban,married,no,Rejected
40,71153,23502,47,456,26,2,high school,Yes,semiurban,married,no,Rejected
61,70539,25805,60,379,35,4,bachelor,No,semiurban,married,no,Rejected
19,64143,27993,14,572,22,1,high school,No,semiurban,married,no,Rejected
55,42936,9369,15,817,37,4,phd,No,urban,single,no,Rejected
34,70182,45888,42,531,2,2,bachelor,No,urban,married,yes,Rejected
52,128261,47489,13,459,29,2,high school,Yes,urban,married,no,Rejected
51,131259,36383,25,643,31,2,master,No,urban,married,yes,Rejected
40,119524,18997,48,588,14,1,bachelor,No,rural,married,no,Rejected
47,115042,16629,42,504,37,2,master,No,rural,single,no,Rejected
69,33163,32949,13,604,10,4,bachelor,No,urban,single,no,Rejected
25,146686,3840,42,659,1,1,bachelor,No,urban,married,yes,Rejected
39,79758,15051,58,699,25,4,master,No,urban,married,no,Approved
61,66057,28523,54,748,33,1,bachelor,Yes,semiurban,married,no,Approved
53,32537,2774,33,405,0,2,master,Yes,rural,single,yes,Rejected
22,42419,14262,21,381,10,1,high school,No,semiurban,married,yes,Rejected
30,62578,4871,41,641,4,0,master,No,semiurban,married,no,Approved
46,94991,9273,44,720,25,4,bachelor,No,semiurban,married,no,Approved
48,141211,18229,30,348,5,0,bachelor,No,urban,married,no,Rejected
64,142762,28385,57,505,34,0,high school,No,urban,married,no,Rejected
33,94599,43176,36,517,4,2,high school,Yes,semiurban,married,no,Rejected
59,20834,30289,57,735,8,2,bachelor,No,semiurban,married,no,Rejected
47,52214,4260,12,621,27,0,bachelor,No,semiurban,married,no,Approved
33,112934,33019,43,530,18,1,high school,Yes,rural,married,no,Rejected
29,143798,4145,36,786,4,2,high school,No,rural,married,no,Approved
34,120028,32753,52,728,22,4,bachelor,No,urban,married,no,Approved
33,141286,8802,28,583,15,0,high school,No,urban,single,yes,Rejected
29,22413,3263,25,785,6,4,phd,Yes,semiurban,married,no,Rejected
25,29505,27913,56,575,13,4,high school,No,semiurban,married,no,Rejected
37,140681,9155,24,732,21,4,high school,No,semiurban,single,no,Approved
20,122802,1922,49,484,8,0,high school,Yes,urban,married,no,Rejected
33,22105,7695,50,515,22,3,high school,Yes,rural,married,no,Rejected
47,88104,21672,13,396,3,2,master,Yes,rural,single,no,Rejected
62,148303,39526,43,418,25,4,high school,No,urban,married,no,Rejected
40,127634,46344,43,664,5,0,high school,No,semiurban,married,no,Approved
45,134897,20014,51,702,30,3,phd,No,rural,married,no,Approved
68,78408,8816,17,696,16,0,high school,Yes,urban,married,no,Approved
57,57679,26743,36,757,8,2,high school,Yes,semiurban,single,no,Approved
22,136908,41324,14,617,26,0,high school,Yes,semiurban,married,no,Approved
37,134921,49993,29,681,5,1,bachelor,No,urban,single,no,Approved
57,119096,29539,49,441,5,1,master,No,urban,married,no,Rejected
61,99731,31102,54,756,3,4,phd,Yes,semiurban,married,no,Approved
18,132205,39698,14,800,2,0,master,No,semiurban,single,no,Rejected
47,85131,12633,59,622,23,0,master,Yes,semiurban,married,no,Approved
38,84280,24384,16,567,17,4,phd,Yes,urban,single,no,Rejected
37,35762,4512,35,786,31,4,master,Yes,semiurban,single,no,Rejected
23,137798,7066,45,459,20,3,high school,No,semiurban,single,no,Rejected
39,136854,32500,58,313,28,0,bachelor,Yes,semiurban,single,yes,Rejected
35,126830,14207,59,454,31,2,bachelor,No,semiurban,married,no,Rejected
25,78703,21106,50,400,24,2,high school,No,semiurban,married,no,Rejected
56,101434,15322,59,342,11,2,high school,No,semiurban,single,yes,Rejected
49,83079,35828,35,492,8,4,master,Yes,semiurban,married,yes,Rejected
50,41577,47781,47,610,6,4,high school,No,rural,single,no,Rejected
70,21214,20418,39,764,13,4,bachelor,No,semiurban,single,no,Rejected
33,106339,3387,59,462,19,2,high school,No,semiurban,married,no,Rejected
29,68114,9031,60,650,19,3,bachelor,No,urban,married,no,Approved
55,109234,2799,45,533,9,1,high school,No,semiurban,single,yes,Rejected
69,83230,36548,27,702,10,0,bachelor,Yes,semiurban,married,no,Approved
51,143163,34895,47,650,38,1,master,No,semiurban,married,no,Approved
31,52980,25914,18,466,18,0,master,No,urban,married,no,Rejected
53,87194,41133,29,447,18,4,bachelor,No,urban,single,yes,Rejected
50,97806,15635,17,327,5,2,bachelor,No,urban,single,no,Rejected
40,132333,41379,39,558,7,1,master,No,semiurban,single,no,Rejected
67,57792,46414,50,741,0,4,high school,No,urban,single,no,Rejected
62,65807,8535,45,826,22,0,high school,No,urban,married,no,Approved
19,144297,48272,52,510,39,1,high school,No,semiurban,single,no,Rejected
58,145266,43132,40,842,36,1,high school,Yes,urban,married,no,Approved
38,42301,3808,15,744,9,1,phd,No,urban,married,no,Rejected
19,25141,14055,25,752,1,1,bachelor,Yes,semiurban,married,no,Rejected
44,136482,28605,16,703,35,1,bachelor,No,semiurban,single,no,Approved
26,124292,27665,36,365,1,4,bachelor,No,urban,married,no,Rejected
18,142984,33767,50,704,14,0,master,No,urban,married,no,Approved
28,33777,5297,19,734,19,0,high school,No,urban,married,no,Rejected
20,58346,44977,26,527,20,3,bachelor,No,rural,married,no,Rejected
69,74703,21943,30,775,29,2,high school,No,semiurban,married,no,Approved
40,114977,34216,22,767,23,1,master,No,rural,married,no,Approved
43,67819,6008,31,400,1,0,master,No,semiurban,married,no,Rejected
21,48469,22277,47,722,37,2,phd,No,rural,single,no,Rejected
35,23845,17820,29,655,21,2,bachelor,Yes,rural,married,no,Rejected
23,130186,7012,25,438,28,4,high school,No,urban,single,no,Rejected
52,43290,23253,49,430,13,1,master,No,urban,married,no,Rejected
39,132551,30202,36,848,4,3,master,Yes,semiurban,married,no,Approved
60,50699,30236,27,767,23,2,high school,No,urban,married,no,Approved
32,64252,2620,29,779,25,4,high school,Yes,semiurban,married,no,Approved
39,118682,47352,12,410,1,1,high school,No,urban,single,yes,Rejected
54,23293,34716,51,452,33,0,bachelor,No,rural,single,no,Rejected
69,138017,10319,12,541,22,3,master,No,semiurban,single,no,Rejected
59,139496,17575,12,578,34,1,high school,Yes,semiurban,married,no,Rejected
29,129934,13204,32,662,14,4,master,No,semiurban,married,no,Approved
64,77089,12952,36,707,2,4,high school,No,semiurban,single,no,Rejected
66,131964,18787,38,474,11,4,high school,No,semiurban,married,no,Rejected
59,36608,34872,21,434,37,4,high school,No,semiurban,married,no,Rejected
55,148713,30376,23,805,16,4,bachelor,No,semiurban,single,no,Approved
35,86273,1548,39,593,37,3,phd,No,semiurban,married,no,Rejected
62,36619,12640,60,794,26,2,bachelor,No,semiurban,married,no,Rejected
52,98006,27437,43,718,18,2,bachelor,No,semiurban,married,no,Approved
47,135399,23145,44,505,20,0,high school,No,semiurban,married,no,Rejected
41,107908,8903,19,617,39,2,high school,No,semiurban,married,no,Approved
59,101653,19168,53,372,23,4,high school,Yes,urban,married,no,Rejected
47,34779,27863,37,558,23,2,high school,No,semiurban,married,no,Rejected
31,71040,44381,53,657,18,2,bachelor,No,semiurban,married,no,Approved
23,114830,29548,52,447,30,4,bachelor,No,urban,married,no,Rejected
20,76325,9990,13,524,39,3,high school,No,urban,single,no,Rejected
33,135947,12467,46,404,19,4,high school,No,rural,married,no,Rejected
24,41630,24901,45,655,14,2,high school,No,semiurban,married,no,Rejected
69,125575,24301,17,837,39,2,phd,No,semiurban,married,no,Approved
31,135436,38006,42,560,34,0,bachelor,No,semiurban,single,no,Rejected
26,32178,20644,34,369,34,4,bachelor,No,semiurban,single,no,Rejected
32,39935,5367,23,746,32,0,bachelor,No,semiurban,single,yes,Rejected
38,67258,39419,39,746,39,0,high school,No,rural,single,no,Approved
52,42784,17204,26,556,17,1,master,No,rural,married,no,Rejected
19,83722,20755,30,830,16,0,phd,Yes,rural,single,no,Approved
44,43027,3093,23,418,7,2,bachelor,No,urban,single,no,Rejected
19,116544,5001,59,365,19,2,high school,No,semiurban,married,no,Rejected
52,77853,31783,13,544,10,1,bachelor,Yes,semiurban,married,no,Rejected
35,132167,23940,22,356,29,1,bachelor,Yes,semiurban,married,no,Rejected
31,87359,8810,55,343,26,4,master,Yes,semiurban,single,no,Rejected
37,92388,45040,48,823,38,1,high school,No,semiurban,married,no,Approved
35,98608,38322,49,723,13,3,high school,Yes,rural,married,no,Approved
27,96669,27008,36,835,14,2,bachelor,Yes,semiurban,married,no,Approved
42,35111,19901,54,694,11,2,phd,No,semiurban,married,no,Rejected
19,52312,28433,32,749,19,1,master,No,urban,married,no,Approved
42,149321,42465,53,556,16,1,master,No,semiurban,single,no,Rejected
50,44161,23189,47,660,39,2,high school,Yes,semiurban,married,no,Rejected
53,138920,46139,20,679,25,1,master,No,semiurban,married,no,Approved
48,124823,29730,23,742,13,4,high school,No,urban,married,no,Approved
31,145014,10236,21,833,24,1,bachelor,Yes,rural,married,no,Approved
18,87313,47537,57,773,25,1,high school,No,urban,married,yes,Rejected
63,70374,8061,16,456,24,4,phd,No,rural,married,no,Rejected
33,44014,19588,44,388,24,4,high school,No,rural,married,no,Rejected
63,100308,4902,16,501,26,4,master,No,rural,married,no,Rejected
69,66389,35120,27,761,11,2,high school,No,rural,married,no,Approved
20,130163,35364,48,780,19,1,master,No,urban,married,no,Approved
52,38161,42535,48,753,15,4,high school,No,semiurban,single,no,Rejected
58,127800,34447,40,769,24,4,phd,No,rural,married,no,Approved
23,27490,29874,29,679,26,2,bachelor,Yes,urban,single,no,Rejected
42,139547,21096,40,700,17,3,high school,No,semiurban,married,yes,Rejected
30,127197,13020,17,378,9,1,high school,No,semiurban,single,no,Rejected
70,44502,45864,29,685,29,3,bachelor,No,semiurban,married,no,Rejected
51,55757,45153,43,642,0,3,high school,No,rural,single,yes,Rejected
25,61111,42277,53,744,3,4,high school,No,semiurban,married,no,Approved
38,118273,22685,58,351,22,2,bachelor,No,urban,married,no,Rejected
51,103245,39502,42,550,6,1,master,No,semiurban,married,no,Rejected
21,78645,16675,22,628,29,1,high school,No,semiurban,married,no,Approved
42,130218,25365,37,793,25,1,bachelor,No,semiurban,married,no,Approved
32,79055,23276,39,649,0,3,bachelor,No,rural,single,no,Rejected
21,139815,13693,38,758,28,0,phd,No,semiurban,single,no,Approved
62,28998,24513,30,797,24,2,master,No,semiurban,single,no,Rejected
29,48906,24621,56,424,39,0,bachelor,No,semiurban,single,no,Rejected
49,121026,24711,38,503,25,3,master,No,rural,married,no,Rejected
49,90192,41175,31,320,16,4,bachelor,No,semiurban,married,no,Rejected
45,70477,45554,14,661,30,0,high school,Yes,urban,single,no,Approved
30,56901,28785,27,660,7,0,high school,No,rural,single,yes,Rejected
48,111271,3542,50,415,4,2,master,No,semiurban,married,no,Rejected
31,72021,18062,55,354,0,3,phd,No,urban,single,no,Rejected
37,49092,6366,40,591,14,2,phd,Yes,urban,single,no,Rejected
35,21242,27465,26,350,35,4,bachelor,No,urban,married,no,Rejected
46,126843,33286,41,553,6,1,bachelor,Yes,rural,married,yes,Rejected
23,21831,41178,51,791,26,3,high school,No,urban,married,no,Rejected
49,70721,43603,60,524,34,4,high school,No,semiurban,single,no,Rejected
46,48511,14647,12,768,26,4,bachelor,No,semiurban,married,no,Rejected
60,92782,39309,40,402,19,0,master,No,urban,married,no,Rejected
19,117003,44201,41,347,17,2,high school,No,semiurban,married,no,Rejected
40,38302,44315,51,641,39,0,bachelor,No,urban,married,no,Rejected
36,75568,10860,57,532,1,0,bachelor,No,rural,married,no,Rejected
48,23232,11745,43,527,29,1,phd,No,semiurban,married,no,Rejected
68,122062,7818,21,821,37,2,high school,No,semiurban,married,no,Approved
22,124301,15101,38,312,29,1,bachelor,No,rural,married,no,Rejected
36,71507,6028,19,798,6,4,bachelor,No,semiurban,married,no,Approved
51,144277,33725,47,744,38,1,high school,No,semiurban,married,yes,Rejected
27,149999,49566,53,639,12,4,high school,No,rural,single,no,Approved
42,96508,44722,46,623,32,0,high school,Yes,semiurban,married,no,Approved
19,133672,22087,47,456,39,1,bachelor,No,semiurban,married,no,Rejected
28,120128,46538,59,730,29,2,bachelor,No,semiurban,single,no,Approved
67,30683,10438,47,706,29,1,master,Yes,urban,married,no,Rejected
48,43664,19156,36,457,22,4,master,No,urban,single,no,Rejected
32,122364,19548,31,484,23,3,high school,No,semiurban,married,no,Rejected
26,140012,40879,56,790,19,2,phd,No,urban,married,no,Approved
40,53172,25767,28,835,27,4,master,No,urban,single,yes,Rejected
36,103641,39881,34,656,18,3,bachelor,No,urban,married,no,Approved
26,84340,3563,36,661,12,2,high school,Yes,semiurban,single,no,Approved
52,107236,49657,59,523,15,3,high school,No,semiurban,single,no,Rejected
38,31017,9498,60,503,14,0,master,Yes,rural,married,no,Rejected
26,56613,9131,42,307,10,0,bachelor,No,semiurban,single,no,Rejected
45,106130,26107,17,771,11,1,high school,No,semiurban,single,yes,Rejected
63,96920,29793,46,471,21,1,bachelor,No,urban,married,no,Rejected
68,50348,3696,15,395,24,1,high school,No,semiurban,married,no,Rejected
24,36448,24705,51,605,2,1,master,Yes,semiurban,married,no,Rejected
33,29491,24397,31,557,23,3,master,Yes,rural,single,no,Rejected
33,98648,8704,52,773,24,2,high school,No,rural,married,no,Approved
50,141070,17442,12,599,8,2,high school,No,semiurban,single,no,Rejected
21,116557,10765,56,764,27,1,high school,Yes,semiurban,married,yes,Rejected
21,78759,11002,37,627,29,0,high school,No,rural,married,no,Approved
56,64553,12390,45,409,6,4,high school,Yes,semiurban,married,yes,Rejected
57,20968,45436,21,428,10,1,master,No,semiurban,married,no,Rejected
34,20368,19946,34,436,9,1,high school,No,semiurban,married,no,Rejected
54,93960,7641,60,838,2,0,bachelor,No,semiurban,single,no,Rejected
56,55010,34709,35,463,18,4,high school,No,urban,married,no,Rejected
69,74154,46583,24,648,1,3,high school,No,rural,married,no,Rejected
46,55851,40309,40,762,16,3,high school,Yes,rural,single,no,Approved
69,142761,16624,57,803,28,4,bachelor,No,semiurban,single,no,Approved
53,45496,10966,38,450,1,4,high school,No,semiurban,married,no,Rejected
55,143568,24814,42,545,15,3,master,No,semiurban,married,no,Rejected
56,147152,35189,54,409,9,1,high school,No,semiurban,single,no,Rejected
67,50936,6765,21,574,3,1,bachelor,No,urban,single,no,Rejected
54,98858,31222,42,366,25,0,phd,No,urban,married,no,Rejected
69,87005,18223,50,349,23,4,bachelor,No,rural,single,no,Rejected
52,57493,37769,21,814,11,1,bachelor,Yes,rural,single,no,Approved
24,89795,13647,35,525,20,1,high school,No,urban,married,no,Rejected
44,56390,39016,44,805,15,0,master,Yes,urban,married,no,Approved
45,30292,5959,25,454,35,4,bachelor,No,rural,married,no,Rejected
39,112377,28257,46,779,34,0,high school,No,semiurban,married,no,Approved
31,48365,32984,56,410,8,0,high school,No,semiurban,married,no,Rejected
24,37207,23212,45,782,5,3,bachelor,No,semiurban,married,no,Rejected
54,121735,28215,28,573,0,0,high school,No,rural,married,no,Rejected
39,42912,37657,32,454,13,4,master,No,semiurban,married,no,Rejected
22,122455,30057,43,466,23,1,high school,No,semiurban,single,no,Rejected
19,122517,35094,14,318,9,1,bachelor,No,urban,married,no,Rejected
44,100771,39669,26,644,17,3,high school,No,urban,single,no,Approved
38,76572,37126,19,593,8,4,bachelor,No,rural,single,no,Rejected
55,127293,35353,43,761,26,1,high school,No,urban,single,no,Approved
32,119083,14500,49,637,18,0,bachelor,No,urban,married,no,Approved
38,133655,45328,37,751,35,2,phd,No,urban,single,no,Approved
27,129346,17772,41,643,2,2,master,No,urban,single,no,Rejected
40,39276,49586,20,384,37,2,high school,No,semiurban,married,no,Rejected
56,117459,4332,43,688,8,2,bachelor,Yes,rural,married,yes,Rejected
22,25534,23218,22,526,9,0,bachelor,No,urban,married,no,Rejected
18,112005,36588,33,585,8,1,phd,Yes,semiurban,single,no,Rejected
30,121610,16472,45,583,16,3,master,Yes,urban,married,no,Rejected
38,55670,5959,52,408,37,0,high school,No,rural,married,no,Rejected
43,82147,18443,29,434,19,1,high school,Yes,semiurban,married,yes,Rejected
67,118099,46134,30,590,6,4,master,No,rural,married,no,Rejected
62,131695,26874,29,807,3,1,high school,No,urban,married,no,Approved
38,56486,2301,48,328,9,1,phd,No,rural,married,no,Rejected
70,85557,44319,29,693,20,1,phd,No,urban,single,no,Approved
35,54268,25080,23,326,13,0,master,No,urban,married,no,Rejected
54,127338,21683,15,766,24,1,high school,No,semiurban,single,yes,Rejected
62,101335,30656,58,312,16,1,bachelor,No,urban,married,no,Rejected
49,46336,23455,54,744,27,4,bachelor,No,rural,married,no,Rejected
53,23641,5112,38,523,13,4,master,No,semiurban,married,no,Rejected
34,107132,46531,16,762,12,2,high school,No,semiurban,single,no,Approved
52,52959,45542,17,320,33,0,high school,No,urban,married,yes,Rejected
66,33306,17882,24,686,2,1,high school,No,urban,married,no,Rejected
28,66182,33145,34,625,3,2,high school,No,semiurban,single,no,Approved
38,94123,42388,53,766,14,2,phd,No,rural,single,no,Approved
69,76326,33735,36,821,19,0,phd,No,semiurban,married,no,Approved
70,116895,8245,57,524,7,2,master,No,semiurban,single,no,Rejected
43,41498,45599,15,774,4,2,phd,No,urban,married,no,Rejected
21,90198,3105,43,757,1,0,high school,No,rural,married,no,Rejected
51,122630,43513,55,512,27,3,bachelor,No,rural,single,yes,Rejected
69,127369,22711,26,780,21,2,bachelor,No,urban,married,no,Approved
65,47197,6630,37,479,8,4,bachelor,Yes,semiurban,single,no,Rejected
35,40719,4206,53,837,27,2,high school,No,urban,married,no,Rejected
57,110201,19953,22,826,0,0,master,No,rural,single,no,Rejected
52,128775,36396,20,321,35,0,bachelor,Yes,urban,married,no,Rejected
58,45032,11068,22,644,1,3,master,No,semiurban,single,no,Rejected
46,79624,14394,13,320,37,3,master,No,semiurban,married,no,Rejected
69,98177,2067,56,707,25,4,high school,No,urban,married,no,Approved
46,61964,16245,38,786,30,4,high school,No,urban,single,no,Approved
55,50028,10859,37,827,18,2,master,Yes,semiurban,single,no,Approved
59,131030,30164,19,715,30,3,bachelor,No,urban,married,no,Approved
38,74646,40410,32,571,8,4,master,Yes,semiurban,married,no,Rejected
59,101187,16377,32,504,2,2,high school,Yes,semiurban,married,no,Rejected
30,28536,37834,19,597,37,1,master,No,semiurban,married,no,Rejected
66,137399,34715,12,407,5,2,master,No,urban,married,no,Rejected
58,76747,21773,49,451,6,4,high school,No,urban,married,yes,Rejected
34,65712,34939,24,312,24,2,bachelor,Yes,semiurban,married,no,Rejected
26,26273,49599,20,378,24,1,high school,No,urban,married,no,Rejected
58,91820,7114,39,468,0,4,high school,Yes,semiurban,single,no,Rejected
18,145342,33939,17,548,21,2,bachelor,No,semiurban,married,no,Rejected
19,111228,13818,58,420,19,4,high school,No,semiurban,single,no,Rejected
65,94353,10335,34,686,12,2,master,No,semiurban,single,no,Approved
46,114491,43819,59,738,39,0,master,No,semiurban,married,no,Approved
50,112091,7209,47,571,20,4,master,No,rural,single,no,Rejected
27,105914,44148,28,599,22,4,high school,No,rural,single,no,Rejected
67,70830,4577,20,772,32,4,high school,Yes,urban,married,no,Approved
57,126718,9380,23,457,8,4,master,No,semiurban,married,no,Rejected
38,37127,5076,33,526,28,2,master,No,semiurban,married,yes,Rejected
45,135150,33925,23,720,31,3,high school,Yes,semiurban,married,no,Approved
28,103488,41545,17,323,10,2,high school,No,urban,single,no,Rejected
51,31539,42205,55,837,35,1,high school,No,urban,single,no,Rejected
25,66761,12095,20,839,28,0,master,Yes,semiurban,single,no,Approved
39,66219,49047,48,427,30,2,master,No,urban,single,no,Rejected
25,34692,20179,14,393,13,2,high school,No,semiurban,single,no,Rejected
66,103656,40968,45,720,24,4,bachelor,No,semiurban,married,no,Approved
32,33334,29400,19,571,25,1,high school,No,urban,married,no,Rejected
34,48615,19761,21,783,21,4,master,No,semiurban,married,no,Rejected
40,27903,48615,58,304,8,4,master,No,semiurban,married,yes,Rejected
41,48527,42809,52,456,32,3,master,No,rural,married,no,Rejected
62,35629,2810,53,351,22,0,bachelor,No,rural,single,no,Rejected
36,141690,22574,54,542,34,3,high school,No,urban,single,no,Rejected
22,78008,29562,20,719,19,4,master,No,semiurban,married,no,Approved
49,103276,41663,25,724,32,0,master,No,rural,married,no,Approved
61,119318,19510,48,379,34,2,bachelor,No,semiurban,single,no,Rejected
18,46708,7953,38,653,29,1,high school,No,semiurban,married,no,Rejected
40,30860,40091,52,592,29,3,high school,No,urban,married,no,Rejected
54,37438,23131,43,415,21,1,high school,No,semiurban,married,no,Rejected
25,87300,27883,15,828,0,4,high school,No,semiurban,single,no,Rejected
30,149263,39373,13,779,14,0,high school,No,semiurban,single,yes,Rejected
25,91545,6891,44,587,24,2,high school,Yes,semiurban,married,no,Rejected
40,40842,36844,32,776,19,0,phd,No,urban,single,no,Rejected
60,80213,19728,12,324,6,1,bachelor,No,semiurban,married,no,Rejected
18,62372,34387,55,730,15,1,high school,No,semiurban,married,no,Approved
62,134316,12094,22,577,22,2,high school,No,semiurban,married,no,Rejected
68,118971,3407,12,616,20,2,phd,No,semiurban,married,no,Approved
41,88906,13644,57,657,0,0,bachelor,No,rural,single,no,Rejected
52,58744,36772,22,575,19,3,phd,No,urban,married,no,Rejected
41,136082,21298,18,643,18,0,master,Yes,semiurban,single,no,Approved
34,77442,44446,13,730,5,1,high school,No,semiurban,married,no,Approved
22,149070,37807,26,738,37,0,master,No,rural,single,no,Approved
37,105990,35072,19,761,31,4,bachelor,No,semiurban,married,no,Approved
38,141670,39398,58,569,0,0,bachelor,Yes,urban,married,no,Rejected
57,126917,29669,37,730,29,0,master,No,urban,married,no,Approved
48,123903,31161,51,320,15,4,master,Yes,urban,married,no,Rejected
63,23650,8282,53,442,26,1,master,No,semiurban,married,no,Rejected
53,65117,27539,46,652,17,2,master,No,urban,single,no,Approved
28,111244,4307,57,764,12,0,bachelor,No,urban,single,no,Approved
69,128198,18745,52,767,27,3,bachelor,No,urban,married,no,Approved
32,72772,40433,52,812,9,2,master,No,semiurban,married,yes,Rejected
36,23190,38062,32,763,13,3,bachelor,Yes,semiurban,single,no,Rejected
24,68113,35555,49,693,28,0,high school,No,rural,married,no,Approved
68,28789,2073,19,357,10,3,bachelor,No,semiurban,married,no,Rejected
45,52125,33683,54,425,26,2,high school,Yes,semiurban,married,no,Rejected
68,118695,26741,43,760,16,3,high school,No,semiurban,married,no,Approved
60,37459,23286,19,351,2,3,high school,Yes,semiurban,married,no,Rejected
22,55418,4599,55,568,30,2,high school,No,semiurban,married,no,Rejected
22,131904,28293,21,395,20,2,high school,No,semiurban,married,no,Rejected
47,67085,16389,34,572,32,2,high school,No,rural,married,no,Rejected
49,38768,45113,15,622,0,2,bachelor,No,semiurban,married,yes,Rejected
25,69961,13318,59,432,5,4,high school,No,semiurban,married,no,Rejected
27,101099,49875,49,388,3,0,high school,No,rural,married,no,Rejected
55,142735,4055,41,304,21,2,master,No,semiurban,married,yes,Rejected
64,47885,18043,52,656,12,1,master,No,urban,single,no,Rejected
49,107421,7320,34,642,29,3,high school,No,rural,single,no,Approved
65,81082,40281,16,503,39,2,master,No,semiurban,married,no,Rejected
45,26895,5642,32,770,25,2,bachelor,Yes,semiurban,married,no,Rejected
34,70311,28158,17,763,38,0,high school,Yes,semiurban,married,no,Approved
48,109494,10321,60,796,38,2,master,No,semiurban,single,no,Approved
25,87067,15432,28,362,6,4,phd,No,semiurban,married,no,Rejected
57,91017,23757,36,538,13,1,bachelor,No,semiurban,single,no,Rejected
42,43932,38234,35,839,25,1,high school,No,semiurban,single,no,Rejected
26,41360,27044,33,497,17,2,high school,No,urban,single,no,Rejected
19,74847,22971,24,329,23,0,high school,No,urban,married,no,Rejected
32,129178,45226,28,508,24,2,high school,Yes,urban,single,yes,Rejected
67,110365,49647,25,362,31,3,high school,No,rural,single,no,Rejected
20,105468,26727,45,356,5,1,bachelor,Yes,urban,married,no,Rejected
66,146065,23559,37,732,15,3,bachelor,No,semiurban,single,yes,Rejected
53,58931,9284,30,607,2,4,bachelor,No,urban,single,no,Rejected
21,75823,44526,37,765,20,1,high school,No,semiurban,single,yes,Rejected
31,58032,18665,14,406,31,1,high school,Yes,rural,married,yes,Rejected
58,135919,28476,13,600,1,4,bachelor,No,urban,married,no,Rejected
58,101426,11991,39,345,19,3,phd,No,semiurban,married,no,Rejected
42,38807,20561,13,376,10,2,bachelor,No,urban,single,no,Rejected
67,31767,5511,33,468,17,0,bachelor,No,urban,married,no,Rejected
27,28071,11796,18,428,10,3,high school,No,urban,single,no,Rejected
38,73413,4881,15,567,34,4,high school,No,semiurban,married,no,Rejected
53,46149,16668,60,718,35,4,bachelor,Yes,semiurban,married,no,Rejected
29,35540,36181,49,460,37,4,bachelor,No,semiurban,married,no,Rejected
44,121212,35312,50,357,11,1,high school,Yes,semiurban,married,no,Rejected
57,90248,29106,31,683,30,2,high school,No,rural,married,no,Approved
19,141443,28222,17,809,35,1,high school,No,urban,married,no,Approved
30,111737,16729,20,729,29,1,high school,No,rural,married,no,Approved
70,130494,5784,42,639,3,1,phd,No,semiurban,married,no,Approved
49,138571,39394,37,325,1,4,high school,No,rural,married,no,Rejected
48,105435,38282,47,671,12,3,phd,Yes,semiurban,married,no,Approved
33,39787,34913,37,335,25,0,bachelor,No,semiurban,married,no,Rejected
49,40982,10102,39,830,28,0,bachelor,No,semiurban,married,yes,Rejected
49,139696,45266,16,566,35,2,bachelor,No,urban,single,no,Rejected
51,42606,39218,21,731,27,2,bachelor,No,urban,married,no,Rejected
28,147560,18950,29,318,7,4,bachelor,No,semiurban,single,no,Rejected
27,30150,5507,26,638,4,0,high school,No,semiurban,married,no,Rejected
32,105929,47303,44,439,31,3,high school,No,semiurban,single,no,Rejected
34,137423,38016,16,366,29,4,bachelor,No,urban,married,no,Rejected
57,122795,14523,48,829,13,2,high school,No,semiurban,married,no,Approved
35,132223,25667,51,668,9,4,high school,No,urban,single,no,Approved
26,66936,4992,33,560,9,2,phd,No,semiurban,married,yes,Rejected
42,113286,42290,33,502,5,0,master,No,urban,single,no,Rejected
57,28593,9027,33,709,15,4,master,No,rural,married,no,Rejected
31,37358,23144,26,379,25,1,bachelor,No,semiurban,married,no,Rejected
42,102143,26530,28,412,20,2,high school,No,rural,single,no,Rejected
67,57381,45740,56,436,35,1,high school,No,urban,single,no,Rejected
39,141465,16305,39,488,29,2,phd,Yes,urban,single,no,Rejected
69,110347,44561,33,576,4,1,master,No,urban,married,no,Rejected
47,48074,22731,32,402,9,0,high school,No,semiurban,married,no,Rejected
37,40595,21673,53,406,30,0,master,No,rural,married,no,Rejected
38,64194,34297,28,472,10,3,master,No,semiurban,married,no,Rejected
61,69377,26842,16,630,37,3,bachelor,No,semiurban,married,no,Approved
49,46853,24827,29,490,6,3,master,No,urban,married,no,Rejected
68,93719,38502,28,524,11,4,high school,No,urban,married,no,Rejected
63,40661,47666,15,622,7,2,bachelor,No,semiurban,married,yes,Rejected
66,70493,27173,18,807,27,4,bachelor,No,semiurban,married,no,Approved
38,138724,19909,36,847,15,3,bachelor,Yes,semiurban,married,no,Approved
52,126705,32007,48,433,2,2,phd,No,semiurban,married,no,Rejected
49,56495,13985,51,336,36,4,master,No,rural,married,no,Rejected
47,33703,23525,51,392,31,0,high school,No,urban,married,no,Rejected
56,73080,47757,54,374,20,2,high school,No,rural,married,no,Rejected
66,50815,36510,20,482,17,3,bachelor,No,urban,single,no,Rejected
29,49565,38403,30,758,10,0,high school,No,semiurban,married,no,Rejected
58,83321,38193,20,708,7,2,high school,No,semiurban,married,no,Approved
64,137491,42429,34,506,11,4,bachelor,No,urban,married,no,Rejected
35,78453,4830,42,544,1,3,bachelor,No,semiurban,single,yes,Rejected
38,108478,1533,43,632,21,4,master,No,semiurban,married,no,Approved
30,128522,48018,42,824,8,0,high school,No,rural,married,no,Approved
38,53161,21946,28,593,13,0,high school,No,urban,married,no,Rejected
25,75991,24504,59,572,14,0,high school,Yes,rural,married,no,Rejected
63,134296,46015,50,678,10,2,bachelor,No,semiurban,married,no,Approved
57,127339,29255,33,325,12,3,master,No,urban,married,no,Rejected
63,29716,37855,46,843,27,0,high school,No,semiurban,single,yes,Rejected
24,127099,42721,41,390,24,4,high school,No,urban,married,no,Rejected
40,53349,47061,51,775,36,3,high school,No,semiurban,married,no,Approved
61,67098,42850,48,487,5,4,master,Yes,rural,married,no,Rejected
49,128435,36123,37,494,36,4,high school,No,urban,single,no,Rejected
28,20132,35723,17,833,32,0,high school,Yes,urban,married,no,Rejected
39,71990,36739,45,384,24,3,high school,No,semiurban,single,no,Rejected
39,133288,6539,43,376,22,1,master,No,semiurban,married,no,Rejected
60,88921,8493,36,629,7,2,high school,No,semiurban,married,no,Approved
42,56538,36604,24,682,16,1,high school,Yes,semiurban,married,no,Approved
39,120572,22311,49,732,30,2,high school,No,urban,married,no,Approved
45,119279,38707,49,676,25,3,high school,No,semiurban,married,no,Approved
46,125909,4644,13,640,10,0,bachelor,No,rural,married,no,Approved
30,27213,21445,16,476,29,3,high school,No,semiurban,single,no,Rejected
35,144693,36934,22,725,10,1,bachelor,No,semiurban,married,no,Approved
19,64223,10511,22,723,2,4,phd,No,urban,married,no,Rejected
46,111655,1183,35,473,39,2,master,No,semiurban,married,no,Rejected
38,88371,10475,25,705,39,2,high school,No,semiurban,married,no,Approved
32,88274,20230,56,381,20,1,high school,No,urban,married,no,Rejected
69,127853,27008,41,320,34,0,master,No,semiurban,married,no,Rejected
44,24134,12332,51,697,27,3,bachelor,No,semiurban,single,yes,Rejected
67,111428,48941,58,629,21,1,phd,No,urban,single,no,Approved
48,59601,43756,55,524,17,3,phd,No,semiurban,married,no,Rejected
32,93889,5722,46,701,22,0,bachelor,No,urban,single,no,Approved
68,35690,16194,32,737,25,4,high school,No,semiurban,married,no,Rejected
40,21909,27631,16,571,34,3,high school,No,semiurban,married,no,Rejected
41,111239,28912,49,579,28,0,master,No,semiurban,single,no,Rejected
61,100032,18166,13,522,10,1,bachelor,No,semiurban,single,no,Rejected
30,32062,47840,51,808,0,4,bachelor,No,semiurban,single,no,Rejected
39,95386,16976,48,641,15,4,bachelor,No,urban,single,no,Approved
60,113237,39623,60,341,24,4,bachelor,No,rural,single,no,Rejected
54,54731,47062,45,475,37,2,bachelor,No,urban,single,no,Rejected
50,25153,13046,22,544,17,0,high school,No,semiurban,married,no,Rejected
20,30481,34444,47,552,15,3,bachelor,No,semiurban,married,no,Rejected
36,119270,24634,22,573,18,1,high school,No,urban,single,no,Rejected
40,86425,5090,20,633,15,4,bachelor,No,rural,single,no,Approved
46,83600,46266,17,310,4,4,high school,No,semiurban,married,no,Rejected
47,104981,31008,45,451,26,4,bachelor,Yes,semiurban,single,no,Rejected
56,91997,23107,58,488,5,0,phd,Yes,semiurban,single,no,Rejected
61,124470,46545,48,510,33,1,bachelor,No,urban,single,no,Rejected
64,48205,9382,43,396,15,0,high school,No,semiurban,single,no,Rejected
42,108887,48774,23,638,22,1,high school,No,urban,married,no,Approved
54,101542,10034,56,346,31,3,high school,No,urban,single,no,Rejected
64,64149,9526,43,356,22,2,phd,No,urban,married,no,Rejected
25,69112,25073,28,374,19,1,bachelor,No,urban,married,no,Rejected
59,30940,47698,15,553,18,0,bachelor,No,rural,married,no,Rejected
33,79010,2110,53,469,28,0,high school,No,rural,married,no,Rejected
25,96794,17445,44,445,7,0,master,No,semiurban,single,no,Rejected
18,44485,1386,54,332,28,2,high school,No,rural,married,no,Rejected
61,109299,19584,59,814,17,1,high school,No,semiurban,married,no,Approved
22,144321,46674,54,556,4,1,high school,No,semiurban,single,no,Rejected
20,125584,35451,20,425,11,1,high school,No,rural,single,no,Rejected
18,21067,48801,45,412,9,1,high school,Yes,urban,married,no,Rejected
21,40607,49476,50,641,36,4,bachelor,No,urban,married,no,Rejected
57,129419,31549,41,347,16,4,high school,No,urban,single,no,Rejected
52,81597,7321,31,663,31,0,high school,No,semiurban,married,no,Approved
49,146736,25440,50,697,3,4,high school,No,rural,single,no,Approved
59,94554,32566,34,494,30,1,bachelor,No,rural,married,no,Rejected
51,68521,42446,52,620,25,1,high school,Yes,semiurban,married,no,Approved
60,132482,33521,55,437,11,4,bachelor,No,semiurban,married,no,Rejected
42,35187,45692,46,654,17,3,high school,No,rural,single,no,Rejected
27,122911,24798,34,369,7,0,master,No,urban,married,no,Rejected
38,23985,14565,59,782,31,2,master,No,semiurban,married,no,Rejected
63,63052,24027,50,358,19,0,phd,No,semiurban,married,no,Rejected
56,39563,42500,34,688,39,0,bachelor,No,urban,single,no,Rejected
44,67322,33095,48,650,12,0,bachelor,No,rural,married,yes,Rejected
44,122842,6631,34,638,22,4,bachelor,No,semiurban,married,no,Approved
19,81245,25329,50,735,2,0,master,No,semiurban,single,no,Rejected
58,71514,44020,39,749,34,1,master,No,urban,married,no,Approved
65,38608,46206,30,676,38,0,bachelor,No,semiurban,single,no,Rejected
30,124675,38937,60,690,20,1,bachelor,No,semiurban,single,no,Approved
26,87262,7787,59,780,6,4,high school,No,semiurban,single,no,Approved
69,112118,39000,41,413,25,4,bachelor,No,urban,single,no,Rejected
53,91327,27875,32,471,22,0,master,No,semiurban,single,no,Rejected
39,77225,25514,35,317,31,1,master,No,semiurban,married,no,Rejected
59,93994,23580,32,534,1,1,master,No,semiurban,married,no,Rejected
43,141701,21291,37,609,38,1,bachelor,No,semiurban,married,no,Approved
29,37221,5288,47,580,1,1,phd,No,urban,married,no,Rejected
34,68506,7734,37,495,38,2,phd,Yes,rural,married,no,Rejected
31,40968,18464,44,414,14,4,phd,Yes,semiurban,single,no,Rejected
31,147677,40008,47,696,15,1,bachelor,No,urban,married,no,Approved
51,102606,8814,15,717,25,2,bachelor,No,urban,married,yes,Rejected
70,47937,44154,20,583,7,2,bachelor,No,urban,married,no,Rejected
37,82435,8851,19,627,15,4,high school,No,urban,married,no,Approved
28,69508,2600,13,640,20,3,high school,Yes,semiurban,married,no,Approved
33,146695,7866,40,520,38,0,high school,No,semiurban,married,no,Rejected
68,61831,4692,34,308,10,4,phd,No,urban,single,no,Rejected
48,62933,21373,17,381,23,3,bachelor,Yes,rural,married,yes,Rejected
23,67307,34100,54,593,35,0,phd,No,rural,married,no,Rejected
36,68340,47477,47,674,17,0,high school,No,semiurban,married,no,Approved
54,122951,47877,57,833,22,0,high school,No,urban,single,no,Approved
21,128306,15847,32,714,12,2,high school,No,rural,married,yes,Rejected
64,106338,15507,33,398,38,1,high school,No,semiurban,married,no,Rejected
21,63601,10963,20,681,0,0,master,No,semiurban,married,no,Rejected
37,95956,7106,45,803,6,1,bachelor,No,semiurban,single,no,Approved
27,92178,8333,37,746,20,0,bachelor,No,urban,single,no,Approved
41,105311,49826,12,643,15,2,bachelor,Yes,urban,single,no,Approved
52,48754,32913,47,724,13,0,master,No,semiurban,married,no,Rejected
43,63310,32283,55,605,1,4,high school,No,rural,married,no,Rejected
54,89893,40423,16,447,30,3,phd,No,rural,single,yes,Rejected
55,106799,39076,52,753,38,0,bachelor,No,semiurban,married,no,Approved
38,140007,30815,33,332,8,3,master,No,semiurban,married,no,Rejected
57,68367,21584,15,800,13,3,bachelor,No,semiurban,single,no,Approved
56,33201,26382,59,618,9,2,high school,No,urban,single,no,Rejected
38,22739,2064,13,492,23,3,bachelor,Yes,semiurban,single,no,Rejected
27,33231,42848,27,479,32,2,high school,Yes,semiurban,married,yes,Rejected
55,145610,44883,27,817,33,0,master,No,semiurban,married,no,Approved
63,127814,7820,33,690,19,1,bachelor,No,semiurban,married,no,Approved
21,62495,9512,54,820,27,2,high school,No,semiurban,single,no,Approved
62,41168,37725,12,656,3,3,high school,No,semiurban,single,yes,Rejected
37,52624,20615,26,763,33,3,phd,No,rural,single,no,Approved
34,30635,40776,35,398,3,0,master,No,semiurban,single,no,Rejected
24,29964,49812,15,447,5,2,master,Yes,semiurban,single,no,Rejected
21,47785,18884,29,615,21,0,bachelor,No,semiurban,married,no,Rejected
46,115046,48455,28,481,3,2,master,No,urban,married,no,Rejected
31,102797,18952,18,846,4,1,high school,No,urban,married,no,Approved
20,104790,10711,56,602,10,4,high school,No,urban,single,yes,Rejected
41,96928,21473,21,303,34,0,bachelor,No,urban,married,no,Rejected
54,32336,19249,12,406,18,3,phd,No,semiurban,married,no,Rejected
33,97475,10597,13,374,10,0,bachelor,No,rural,single,no,Rejected
69,47412,22984,60,339,10,2,high school,Yes,semiurban,married,no,Rejected
21,102212,49022,33,418,26,0,bachelor,No,semiurban,single,no,Rejected
41,95379,17388,43,372,1,1,master,No,semiurban,single,no,Rejected
51,65591,48137,40,503,7,2,bachelor,No,semiurban,married,no,Rejected
47,81750,41727,46,395,33,3,master,Yes,urban,single,no,Rejected
35,110648,19782,28,578,39,3,bachelor,No,urban,married,no,Rejected
36,116134,7608,23,442,19,2,high school,No,rural,single,no,Rejected
48,55454,34115,35,414,22,1,master,No,semiurban,single,no,Rejected
36,118537,46180,41,775,14,0,high school,No,urban,married,no,Approved
66,82672,43773,55,432,12,4,master,No,semiurban,married,no,Rejected
63,47228,7500,41,467,30,3,bachelor,Yes,semiurban,married,no,Rejected
36,34429,36342,31,544,13,1,master,No,rural,married,no,Rejected
39,104294,21209,53,576,0,1,phd,No,urban,married,no,Rejected
41,87808,21977,18,558,26,1,bachelor,No,semiurban,married,no,Rejected
62,102886,39040,53,345,32,0,bachelor,No,rural,married,no,Rejected
29,135577,42462,49,645,34,1,master,No,rural,single,yes,Rejected
47,73015,4521,18,536,14,1,high school,No,semiurban,married,no,Rejected
55,108074,2300,60,352,4,2,high school,No,semiurban,married,no,Rejected
70,88936,28075,41,447,36,2,bachelor,No,rural,married,no,Rejected
48,100907,24979,23,832,3,1,high school,No,semiurban,married,no,Approved
53,77378,31802,60,389,19,1,high school,Yes,rural,single,yes,Rejected
36,57310,13225,42,532,38,2,phd,No,semiurban,married,no,Rejected
65,121827,12481,29,350,21,0,bachelor,Yes,semiurban,single,no,Rejected
62,103683,22217,57,693,23,2,master,Yes,rural,married,no,Approved
53,88827,45813,54,513,10,2,master,No,semiurban,single,no,Rejected
47,55256,38153,13,750,5,2,high school,Yes,urban,married,yes,Rejected
66,96428,15755,44,638,26,2,phd,No,urban,married,no,Approved
50,119862,25914,22,650,9,4,master,No,rural,married,no,Approved
35,122994,36592,45,584,38,3,high school,No,urban,single,no,Rejected
69,58889,27269,27,544,9,0,phd,No,rural,married,no,Rejected
66,71428,39732,46,849,25,0,bachelor,No,urban,married,no,Approved
45,130502,25555,44,525,36,1,phd,No,rural,married,no,Rejected
64,57207,20874,32,740,32,4,master,No,rural,married,yes,Rejected
28,70255,37535,31,773,7,1,bachelor,No,rural,married,yes,Rejected
62,125824,47344,19,743,27,0,bachelor,No,urban,married,no,Approved
50,111531,46036,37,711,35,0,high school,No,rural,married,no,Approved
34,25409,8925,44,545,39,1,bachelor,No,semiurban,married,no,Rejected
23,62438,4107,37,799,24,3,high school,No,urban,married,no,Approved
21,130410,21852,48,849,35,1,phd,No,rural,single,no,Approved
37,130238,31183,41,416,12,3,master,Yes,urban,married,no,Rejected
65,115359,28617,42,663,6,3,master,No,urban,single,no,Approved
64,27869,9722,44,503,0,2,bachelor,Yes,semiurban,married,no,Rejected
44,121260,23631,22,650,8,0,high school,No,semiurban,married,no,Approved
32,76862,32622,52,618,27,2,bachelor,No,rural,married,no,Approved
23,107937,8883,16,658,35,0,high school,No,semiurban,married,no,Approved
64,45958,20708,13,816,29,2,high school,No,urban,single,no,Rejected
31,96302,47221,24,788,8,3,bachelor,No,rural,married,no,Approved
28,39768,18197,29,406,29,2,master,No,semiurban,married,no,Rejected
56,116330,22134,37,471,34,4,master,Yes,urban,single,no,Rejected
26,46145,41386,36,818,26,2,high school,No,rural,married,no,Rejected
43,95622,34550,55,827,28,2,master,No,semiurban,married,no,Approved
33,128739,15642,25,619,4,2,high school,No,urban,married,no,Approved
22,46442,21439,16,336,0,4,high school,Yes,rural,single,no,Rejected
69,101948,33243,53,798,4,0,phd,No,rural,married,no,Approved
27,143585,41557,13,564,28,2,high school,No,rural,married,yes,Rejected
67,45596,25583,15,701,16,0,high school,No,urban,married,no,Rejected
20,95791,29349,23,517,36,1,bachelor,No,urban,married,no,Rejected
30,62406,15002,22,629,23,3,high school,No,semiurban,married,no,Approved
60,60524,20523,15,485,26,1,high school,No,semiurban,married,yes,Rejected
66,43332,45749,54,680,8,4,bachelor,No,semiurban,married,yes,Rejected
47,130160,6007,20,508,37,4,master,Yes,semiurban,married,no,Rejected
62,35764,21435,21,587,12,0,bachelor,No,urban,married,yes,Rejected
23,47563,41343,38,387,25,0,high school,Yes,semiurban,married,no,Rejected
34,107675,26093,17,435,10,2,master,No,rural,married,no,Rejected
62,56370,49952,26,457,23,1,phd,No,semiurban,single,no,Rejected
68,25062,12294,53,454,32,0,high school,No,semiurban,married,no,Rejected
70,64645,39405,42,762,5,0,bachelor,Yes,semiurban,single,yes,Rejected
36,142759,46538,33,519,34,0,bachelor,No,urban,married,no,Rejected
59,27244,48310,17,758,15,3,bachelor,No,semiurban,married,no,Rejected
52,26372,11908,44,466,12,0,phd,Yes,urban,married,no,Rejected
63,125409,13699,40,621,10,3,phd,No,urban,married,no,Approved
43,146248,35633,32,811,22,4,bachelor,No,rural,married,no,Approved
68,105501,2376,41,386,1,2,high school,Yes,urban,married,no,Rejected
22,137450,15255,32,844,29,1,high school,Yes,semiurban,married,no,Approved
46,84471,14647,47,574,18,0,bachelor,No,rural,single,yes,Rejected
54,130533,39176,33,440,39,3,bachelor,No,urban,single,no,Rejected
37,36956,9163,57,652,14,0,phd,No,semiurban,married,no,Rejected
66,60473,40051,31,304,32,0,high school,No,semiurban,single,no,Rejected
38,33894,35744,33,681,4,3,bachelor,No,semiurban,married,yes,Rejected
27,130584,7443,51,633,21,0,high school,No,urban,married,no,Approved
22,118918,14324,22,774,26,1,phd,No,urban,single,no,Approved
53,89586,22143,58,329,34,4,phd,No,urban,married,yes,Rejected
23,36709,41363,42,646,18,2,master,No,urban,single,no,Rejected
43,101258,5920,51,792,38,0,high school,No,semiurban,single,no,Approved
21,138428,18375,24,794,6,3,high school,No,rural,married,yes,Rejected
56,35210,38996,29,687,38,1,bachelor,No,semiurban,single,no,Rejected
56,69510,12748,33,552,33,0,master,No,urban,married,no,Rejected
67,122081,29535,28,329,33,4,high school,No,rural,married,no,Rejected
52,58674,16715,49,641,26,4,phd,No,semiurban,married,no,Approved
18,145251,48252,36,586,4,3,master,No,semiurban,single,no,Rejected
41,120025,7450,43,696,3,0,high school,Yes,semiurban,married,no,Approved
53,37733,26010,26,808,6,0,high school,Yes,rural,single,no,Rejected
23,40080,1020,24,543,2,0,bachelor,No,semiurban,single,no,Rejected
58,122200,15717,37,520,20,4,high school,No,semiurban,single,no,Rejected
63,73412,48348,22,455,33,0,high school,No,semiurban,married,no,Rejected
61,144476,43885,24,682,8,0,bachelor,Yes,semiurban,single,no,Approved
48,78971,10664,44,619,19,0,phd,Yes,urban,married,no,Approved
37,59709,2099,48,672,39,0,phd,No,rural,single,no,Approved
41,79846,24225,49,830,11,3,high school,Yes,urban,married,no,Approved
42,85480,3637,12,514,38,4,master,Yes,semiurban,married,no,Rejected
53,131768,42349,50,666,27,2,bachelor,Yes,semiurban,married,no,Approved
38,72960,41512,38,413,32,3,high school,Yes,urban,single,no,Rejected
47,123550,20797,47,499,9,0,bachelor,No,rural,single,no,Rejected
41,61152,41225,43,324,10,2,phd,No,semiurban,married,no,Rejected
61,47250,11807,52,420,6,1,high school,No,semiurban,married,no,Rejected
59,105765,18738,26,302,17,2,high school,No,semiurban,married,no,Rejected
47,137265,7402,42,744,18,3,bachelor,No,semiurban,single,no,Approved
39,68137,5521,17,553,13,4,high school,No,urban,married,no,Rejected
45,102011,9382,36,319,16,3,master,No,urban,married,no,Rejected
24,138922,46460,60,503,22,4,bachelor,No,rural,married,yes,Rejected
52,143360,38121,29,656,18,4,master,Yes,semiurban,single,no,Approved
45,141280,16065,33,427,2,4,high school,No,semiurban,married,no,Rejected
31,66412,20934,42,657,33,1,master,No,semiurban,married,no,Approved
27,63876,15425,47,591,24,2,bachelor,Yes,urban,married,yes,Rejected
33,114547,14111,20,473,30,3,high school,No,rural,married,no,Rejected
33,93664,41799,57,654,38,3,phd,No,rural,single,yes,Rejected
48,70227,16510,14,336,13,4,master,Yes,rural,married,no,Rejected
59,52450,38851,44,609,36,1,high school,No,rural,married,no,Approved
42,104433,9816,38,383,19,1,high school,No,semiurban,married,no,Rejected
30,93704,13317,54,809,31,0,high school,No,semiurban,single,no,Approved
23,26861,3175,12,743,32,1,phd,No,semiurban,married,no,Rejected
61,127294,12341,55,719,30,4,master,Yes,rural,single,no,Approved
26,81914,26654,20,504,6,4,high school,No,rural,married,no,Rejected
62,83888,22608,16,787,4,2,bachelor,No,semiurban,married,yes,Rejected
53,99286,18579,26,387,3,4,high school,No,semiurban,married,no,Rejected
60,81293,31194,20,551,10,2,master,No,rural,married,no,Rejected
37,102524,35837,56,330,18,1,high school,No,semiurban,single,no,Rejected
35,88515,4358,39,720,37,0,high school,No,rural,married,no,Approved
60,43524,19822,24,360,19,3,bachelor,No,semiurban,married,no,Rejected
38,27065,42576,35,525,26,4,master,Yes,semiurban,married,no,Rejected
21,57684,38012,56,634,28,1,bachelor,No,semiurban,married,no,Approved
67,108720,20727,21,410,17,4,phd,No,urban,married,no,Rejected
50,53365,35579,53,790,36,2,phd,No,urban,married,no,Approved
44,78876,32018,33,571,24,1,master,No,urban,married,no,Rejected
24,43704,17555,50,333,19,3,high school,No,urban,single,no,Rejected
23,77857,6906,33,511,5,2,bachelor,No,semiurban,married,no,Rejected
32,25622,41751,48,599,35,1,high school,No,semiurban,married,no,Rejected
35,103797,5063,50,672,14,3,high school,No,urban,married,no,Approved
49,130468,44214,31,424,17,2,master,No,urban,single,no,Rejected
28,113955,9644,21,402,37,3,master,No,semiurban,married,no,Rejected
37,120003,43378,21,419,24,1,bachelor,No,semiurban,married,no,Rejected
41,111141,9142,37,846,19,2,bachelor,No,urban,married,no,Approved
32,114707,32644,36,630,21,0,high school,No,semiurban,single,no,Approved
65,107700,34521,39,608,11,4,bachelor,No,urban,married,no,Approved
24,135404,12564,24,711,39,0,bachelor,No,semiurban,single,no,Approved
38,131733,40619,26,698,32,3,bachelor,No,urban,married,no,Approved
59,99332,6104,17,605,28,1,master,No,urban,married,no,Approved
43,122390,28299,23,462,1,4,phd,No,urban,married,no,Rejected
61,116856,48958,30,364,25,1,bachelor,No,semiurban,married,no,Rejected
31,86201,14421,43,515,31,3,high school,No,semiurban,married,no,Rejected
54,52694,24211,22,325,2,1,bachelor,No,urban,single,no,Rejected
38,109766,12202,49,343,29,2,bachelor,No,semiurban,single,no,Rejected
35,42995,44871,44,389,18,2,master,No,rural,single,no,Rejected
22,112320,43185,13,432,9,3,high school,No,urban,married,yes,Rejected
20,100141,42127,26,460,24,1,bachelor,No,semiurban,single,no,Rejected
40,102999,4685,47,679,18,3,bachelor,No,semiurban,single,no,Approved
43,28419,25661,16,560,20,4,bachelor,No,urban,single,no,Rejected
54,67952,43637,26,682,5,1,bachelor,No,semiurban,married,no,Approved
41,143028,19366,54,668,13,2,bachelor,No,semiurban,married,yes,Rejected
66,53837,38712,21,410,7,0,master,Yes,semiurban,married,no,Rejected
36,90799,25276,28,376,1,2,high school,No,rural,married,no,Rejected
68,68877,16410,45,508,17,1,high school,No,semiurban,married,no,Rejected
42,126255,49239,35,312,21,1,bachelor,No,semiurban,married,no,Rejected
38,65687,10678,21,847,29,1,high school,No,semiurban,married,no,Approved
29,119667,25575,41,324,35,1,bachelor,No,rural,married,no,Rejected
58,57276,42401,14,845,27,4,high school,No,semiurban,married,no,Approved
50,54523,42230,48,439,34,0,high school,No,semiurban,married,no,Rejected
67,86055,14888,14,574,1,2,high school,No,semiurban,married,no,Rejected
70,74615,17727,51,669,35,4,phd,Yes,semiurban,married,no,Approved
21,116642,49971,16,521,17,3,master,Yes,semiurban,married,no,Rejected
59,130040,4081,39,336,8,1,master,Yes,rural,married,no,Rejected
24,30514,24021,55,428,27,2,bachelor,Yes,rural,married,no,Rejected
39,67456,10449,25,615,7,3,bachelor,No,semiurban,single,no,Approved
50,27233,16657,50,622,7,0,high school,No,rural,married,no,Rejected
34,21102,36059,22,732,4,2,high school,No,rural,married,no,Rejected
41,86133,2532,19,517,12,4,master,No,rural,married,no,Rejected
51,66715,38130,48,547,6,3,bachelor,No,urban,married,yes,Rejected
45,105193,17015,19,410,20,2,phd,Yes,urban,single,no,Rejected
60,130545,38756,23,446,28,4,bachelor,No,semiurban,married,no,Rejected
58,124085,7344,26,643,36,1,high school,No,semiurban,married,yes,Rejected
56,129101,42198,30,808,13,2,high school,No,semiurban,married,no,Approved
39,26256,49461,59,804,36,1,phd,Yes,semiurban,married,no,Rejected
66,141946,10106,57,433,3,3,high school,Yes,semiurban,married,no,Rejected
34,128684,35206,39,763,21,3,high school,Yes,semiurban,married,no,Approved
51,84800,48587,18,490,10,3,high school,No,semiurban,married,no,Rejected
23,148900,10652,51,462,33,1,bachelor,No,urban,single,no,Rejected
63,114937,25550,18,755,15,1,high school,No,rural,married,no,Approved
23,61548,7389,41,360,8,4,high school,Yes,semiurban,single,no,Rejected
51,92090,23361,29,304,15,2,bachelor,Yes,urban,single,no,Rejected
18,98200,36847,35,336,38,4,high school,No,semiurban,married,no,Rejected
27,62367,40063,17,759,15,1,high school,No,semiurban,married,no,Approved
38,148845,14703,15,516,30,2,high school,No,semiurban,married,no,Rejected
22,133815,19642,14,438,30,3,high school,No,semiurban,single,no,Rejected
19,109922,42326,60,398,12,4,bachelor,No,urban,single,no,Rejected
39,90382,37509,58,563,4,4,high school,No,semiurban,married,no,Rejected
65,147602,14881,17,523,38,4,bachelor,No,semiurban,single,no,Rejected
19,146270,16414,37,310,17,1,high school,No,urban,single,no,Rejected
27,146320,15329,55,626,19,2,master,Yes,rural,married,no,Approved
51,46205,23831,49,649,1,3,bachelor,No,semiurban,single,no,Rejected
33,45570,42091,22,678,39,1,master,Yes,rural,single,no,Rejected
65,50255,8588,40,530,29,3,bachelor,No,semiurban,married,no,Rejected
68,41182,1903,31,440,9,0,high school,Yes,semiurban,single,no,Rejected
56,59373,45416,21,348,10,0,bachelor,No,rural,married,no,Rejected
39,63019,43723,37,750,28,3,master,Yes,semiurban,single,no,Approved
29,82619,36572,59,790,39,0,master,No,semiurban,single,no,Approved
41,36043,18610,38,504,15,2,high school,No,urban,married,no,Rejected
64,65532,35052,25,708,27,2,high school,Yes,urban,married,no,Approved
57,121290,34457,47,706,16,1,master,No,semiurban,single,no,Approved
55,85936,22527,23,350,37,3,bachelor,Yes,semiurban,single,no,Rejected
27,39239,38550,34,474,14,1,bachelor,Yes,semiurban,married,no,Rejected
52,30416,30011,32,560,30,2,bachelor,No,semiurban,married,no,Rejected
68,23412,38275,19,779,6,2,high school,No,rural,single,no,Rejected
66,101976,35764,50,522,29,2,bachelor,Yes,urban,married,no,Rejected
49,44406,33004,20,568,35,4,master,No,semiurban,married,no,Rejected
24,21875,25064,35,617,25,0,master,No,semiurban,married,no,Rejected
38,139231,29702,42,684,10,1,high school,No,urban,single,no,Approved
37,57066,21165,36,518,5,1,master,No,semiurban,single,no,Rejected
43,122072,9631,28,353,28,2,high school,No,semiurban,married,no,Rejected
21,25752,22852,53,499,27,4,phd,No,urban,single,no,Rejected
63,106753,5507,40,638,14,1,bachelor,No,semiurban,single,no,Approved
69,98025,1527,14,604,28,1,master,Yes,semiurban,single,yes,Rejected
39,21353,29981,32,544,5,4,bachelor,Yes,semiurban,single,no,Rejected
32,46986,36764,19,507,11,2,phd,No,rural,single,no,Rejected
57,106907,37235,25,810,15,4,phd,No,semiurban,married,no,Approved
38,124901,48540,50,558,37,0,high school,Yes,semiurban,married,yes,Rejected
32,34691,34471,27,679,8,1,bachelor,No,urban,married,no,Rejected
39,89847,1662,29,462,21,0,bachelor,Yes,urban,married,no,Rejected
69,68075,25940,42,640,32,1,high school,No,semiurban,married,no,Approved
45,30794,42882,22,829,25,0,phd,No,semiurban,single,no,Rejected
31,88470,7256,49,333,39,1,high school,No,semiurban,married,no,Rejected
44,36406,29432,31,622,6,2,high school,No,semiurban,single,yes,Rejected
58,95930,9367,57,480,31,3,high school,No,urban,married,no,Rejected
57,135897,47228,56,646,39,4,bachelor,No,semiurban,single,no,Approved
45,46872,39065,15,491,23,1,master,No,urban,married,no,Rejected
43,61708,26511,31,545,38,4,bachelor,Yes,semiurban,married,no,Rejected
66,135492,9573,42,544,37,1,high school,No,rural,single,no,Rejected
19,126629,16582,31,432,36,3,high school,No,semiurban,single,no,Rejected
42,40800,6378,22,496,18,2,phd,No,urban,single,no,Rejected
20,63397,14500,12,646,4,2,high school,Yes,semiurban,married,no,Approved
25,143313,1305,55,348,29,4,phd,No,semiurban,married,yes,Rejected
61,57909,22881,29,363,24,3,phd,No,semiurban,single,yes,Rejected
50,41352,5697,50,403,29,4,bachelor,Yes,semiurban,single,no,Rejected
59,121975,8222,55,512,24,2,phd,No,semiurban,married,no,Rejected
69,113848,8933,44,816,8,0,high school,No,urban,single,no,Approved
52,125596,18849,47,418,26,4,phd,No,urban,married,no,Rejected
23,35438,25236,29,541,23,1,high school,No,urban,married,no,Rejected
56,108921,45231,58,579,39,2,bachelor,No,urban,married,no,Rejected
69,64999,34170,42,723,37,1,bachelor,No,rural,married,no,Approved
40,38482,13901,46,662,14,3,bachelor,No,semiurban,married,yes,Rejected
42,52471,7940,50,605,37,2,high school,No,semiurban,married,no,Approved
67,67279,49790,49,785,25,2,master,No,semiurban,single,no,Approved
60,129413,20054,26,613,29,4,master,No,semiurban,single,no,Approved
36,126748,41863,58,812,10,4,phd,No,urban,married,no,Approved
22,74213,44610,17,466,28,1,bachelor,No,semiurban,married,no,Rejected
68,133909,5544,19,693,14,4,bachelor,No,semiurban,married,yes,Rejected
28,33026,26318,51,362,8,0,phd,No,semiurban,single,no,Rejected
29,127625,7074,33,571,28,2,phd,Yes,semiurban,married,no,Rejected
27,105184,40618,12,336,14,3,bachelor,No,semiurban,single,no,Rejected
25,25435,34518,24,315,16,2,master,No,rural,single,no,Rejected
41,28493,26444,35,642,15,1,bachelor,Yes,semiurban,single,no,Rejected
45,92227,21446,32,645,21,4,high school,No,urban,married,no,Approved
58,79321,29543,56,838,39,2,master,No,semiurban,married,no,Approved
53,22763,25789,54,532,10,4,master,No,semiurban,married,no,Rejected
54,40389,2617,15,715,37,1,high school,No,rural,married,no,Rejected
38,51498,36298,18,566,24,4,high school,No,urban,single,no,Rejected
25,83755,4333,23,625,29,3,bachelor,No,semiurban,married,yes,Rejected
26,121545,41002,24,742,1,1,master,No,semiurban,married,no,Rejected
64,55825,23152,55,375,0,2,high school,No,semiurban,single,no,Rejected
32,36934,25091,27,546,37,2,master,No,semiurban,married,no,Rejected
65,25574,1511,17,612,36,3,bachelor,Yes,urban,single,no,Rejected
63,58179,48314,25,642,8,0,high school,No,semiurban,married,no,Approved
57,21587,38850,59,481,4,4,high school,No,semiurban,married,no,Rejected
35,62782,17636,42,698,23,2,phd,No,semiurban,married,no,Approved
59,124224,21517,47,540,26,3,high school,No,urban,married,no,Rejected
37,74412,32786,48,591,29,4,high school,No,rural,married,no,Rejected
23,80561,9820,52,353,14,1,high school,No,semiurban,married,no,Rejected
29,97224,37244,46,444,8,3,high school,No,semiurban,married,no,Rejected
19,24409,10178,21,655,36,1,high school,No,semiurban,married,yes,Rejected
24,147159,2725,28,776,29,1,high school,Yes,semiurban,single,no,Approved
33,91319,19477,53,321,14,1,bachelor,No,semiurban,married,no,Rejected
20,119016,47533,41,630,19,4,bachelor,No,semiurban,married,no,Approved
62,46751,35469,55,591,24,0,high school,Yes,semiurban,single,no,Rejected
20,58174,9496,18,535,8,1,master,No,urban,single,no,Rejected
44,142678,13270,29,328,21,2,high school,No,urban,married,yes,Rejected
67,76572,11472,30,459,12,4,phd,No,urban,married,no,Rejected
60,81416,21724,26,829,36,4,high school,Yes,urban,single,no,Approved
57,32041,31416,50,849,27,1,master,Yes,urban,single,no,Rejected
55,43227,36575,55,400,13,2,high school,No,urban,single,no,Rejected
50,55201,16654,33,589,29,3,bachelor,No,semiurban,single,no,Rejected
45,56069,12078,50,676,38,4,high school,No,semiurban,married,yes,Rejected
18,102190,29030,53,472,4,1,high school,No,rural,married,no,Rejected
25,46370,8572,41,642,11,1,bachelor,No,semiurban,married,no,Rejected
54,115018,18408,31,490,34,0,bachelor,No,urban,single,no,Rejected
49,145342,20359,43,738,0,0,master,No,semiurban,married,no,Rejected
65,147173,9698,53,642,0,3,bachelor,No,semiurban,single,yes,Rejected
60,31586,5856,36,424,19,3,high school,No,semiurban,single,no,Rejected
54,70231,28527,34,659,33,3,phd,No,semiurban,married,yes,Rejected
21,145758,40492,16,802,33,3,bachelor,Yes,rural,married,no,Approved
47,25322,10245,52,472,23,1,high school,No,urban,single,no,Rejected
23,85294,44634,41,693,27,1,phd,No,semiurban,married,no,Approved
63,99468,43864,59,760,10,1,phd,Yes,rural,married,no,Approved
36,49299,29946,50,419,7,2,high school,No,semiurban,single,no,Rejected
49,110715,38355,38,572,34,3,high school,Yes,urban,married,yes,Rejected
26,90793,38690,53,657,15,2,high school,No,rural,married,no,Approved
29,66501,38814,48,685,15,4,bachelor,No,urban,single,no,Approved
28,77134,32645,18,618,5,4,master,No,rural,married,no,Approved
63,131672,20278,16,560,19,1,master,No,urban,married,no,Rejected
33,29777,8203,26,580,10,4,bachelor,No,urban,married,no,Rejected
18,31249,49171,53,628,7,1,high school,No,urban,married,no,Rejected
62,140902,22658,19,423,19,3,high school,No,semiurban,single,no,Rejected
70,41390,43596,20,775,31,2,phd,No,semiurban,single,no,Rejected
38,40369,16797,22,577,32,1,phd,Yes,semiurban,single,no,Rejected
47,32881,33806,33,392,5,0,high school,No,semiurban,single,no,Rejected
30,29587,31958,45,846,27,0,high school,No,semiurban,single,yes,Rejected
51,113800,7265,46,427,7,3,high school,No,rural,married,no,Rejected
21,94327,7598,24,831,13,2,high school,No,urban,married,no,Approved
45,127009,36183,22,466,2,1,high school,No,urban,single,no,Rejected
55,107911,18142,43,535,1,3,high school,No,semiurban,married,no,Rejected
48,108147,27998,53,331,21,2,high school,Yes,semiurban,married,no,Rejected
44,127562,26890,26,530,32,0,master,No,urban,married,no,Rejected
22,27833,29878,49,490,20,1,phd,No,semiurban,married,no,Rejected
42,137574,15306,12,807,5,2,phd,No,urban,married,no,Approved
20,67013,48345,57,756,39,4,bachelor,No,semiurban,single,no,Approved
50,137341,12885,35,554,6,1,master,No,urban,single,no,Rejected
21,147785,45145,54,578,5,4,bachelor,No,rural,married,no,Rejected
42,83620,44826,51,355,7,3,high school,No,urban,single,no,Rejected
37,35754,8443,33,405,23,2,bachelor,No,semiurban,married,no,Rejected
51,127584,32839,14,491,26,2,high school,No,rural,single,no,Rejected
43,98113,18084,25,577,27,2,high school,Yes,urban,married,no,Rejected
22,116631,24911,13,843,4,2,bachelor,No,urban,married,yes,Rejected
52,106784,5383,43,474,18,1,high school,Yes,semiurban,married,no,Rejected
45,55282,27777,59,384,8,4,master,No,semiurban,single,no,Rejected
46,56737,35361,49,515,24,4,phd,No,semiurban,married,no,Rejected
26,137972,15758,44,313,12,3,high school,No,semiurban,single,no,Rejected
69,117427,30521,57,336,36,3,high school,Yes,rural,married,no,Rejected
55,44124,21529,53,326,1,2,high school,No,semiurban,married,yes,Rejected
67,90102,24091,17,369,39,0,phd,No,urban,married,yes,Rejected
23,22196,40794,52,453,13,0,high school,No,semiurban,married,no,Rejected
36,81527,32381,50,737,30,2,bachelor,No,urban,single,no,Approved
61,116651,36380,36,570,5,4,high school,Yes,semiurban,married,no,Rejected
28,135477,31932,45,840,24,3,high school,No,urban,single,no,Approved
19,105395,45097,22,373,38,1,master,No,semiurban,single,no,Rejected
64,31345,2908,57,448,30,0,bachelor,No,semiurban,married,yes,Rejected
61,144544,40722,48,805,37,3,master,Yes,semiurban,married,no,Approved
61,54077,48953,52,309,15,0,bachelor,No,semiurban,married,no,Rejected
26,86400,31358,18,801,26,4,bachelor,No,rural,married,no,Approved
38,32055,31412,57,361,29,4,master,No,rural,married,no,Rejected
41,123693,19174,59,687,3,2,master,No,semiurban,married,no,Approved
51,105283,16496,33,531,38,2,master,No,semiurban,single,no,Rejected
39,64484,3928,59,827,15,0,bachelor,No,urban,single,yes,Rejected
20,97514,31632,50,849,35,0,master,No,semiurban,single,yes,Rejected
29,110135,33309,21,744,6,3,high school,No,urban,single,no,Approved
45,55771,10280,32,620,20,2,phd,Yes,semiurban,married,no,Approved
47,132478,41449,17,382,1,4,high school,Yes,semiurban,married,no,Rejected
43,77654,22635,60,733,7,3,high school,Yes,urban,married,yes,Rejected
65,66540,27957,12,316,26,3,bachelor,No,urban,single,no,Rejected
38,103151,37895,45,668,1,1,high school,No,rural,single,no,Rejected
45,126263,5963,25,554,5,4,bachelor,No,semiurban,married,no,Rejected
43,130284,28521,47,755,3,3,high school,No,semiurban,married,no,Approved
50,137399,33615,38,832,20,1,phd,No,semiurban,married,no,Approved
38,124885,45529,20,691,0,2,master,No,semiurban,single,no,Rejected
52,142393,47322,17,619,37,4,bachelor,Yes,rural,married,no,Approved
69,49377,22695,42,519,11,2,bachelor,No,urban,single,yes,Rejected
51,115567,10357,28,713,26,1,high school,No,rural,married,no,Approved
58,69573,26176,54,331,13,4,master,No,semiurban,married,no,Rejected
68,62733,19409,47,315,14,0,high school,No,rural,married,no,Rejected
64,149344,1987,32,708,23,0,high school,No,rural,married,no,Approved
35,31760,2965,38,472,17,0,phd,Yes,semiurban,married,no,Rejected
28,133226,41084,52,478,16,3,bachelor,No,rural,married,no,Rejected
40,119250,32318,39,796,8,0,high school,No,semiurban,single,no,Approved
65,45762,27015,27,403,17,3,master,No,urban,single,no,Rejected
39,70986,30191,46,616,17,3,master,Yes,rural,married,yes,Rejected
34,54332,47814,47,480,4,1,bachelor,No,urban,married,no,Rejected
22,60100,1868,46,431,8,0,high school,Yes,semiurban,married,no,Rejected
61,24944,38146,56,454,34,4,bachelor,No,semiurban,married,no,Rejected
28,68825,49231,30,658,0,3,master,Yes,semiurban,married,no,Rejected
47,33877,30032,32,534,8,1,high school,No,semiurban,married,no,Rejected
32,49990,29305,44,464,31,3,high school,No,urban,single,no,Rejected
44,149065,23640,34,726,19,4,bachelor,No,semiurban,married,yes,Rejected
52,128443,19318,17,787,12,4,bachelor,No,semiurban,single,yes,Rejected
50,119612,14246,43,512,39,0,phd,No,rural,married,no,Rejected
37,137674,34844,33,456,10,3,master,No,urban,married,yes,Rejected
33,135074,33602,14,374,25,4,phd,No,urban,married,no,Rejected
51,75283,22584,46,734,39,2,bachelor,No,urban,married,no,Approved
19,144041,16169,27,477,10,4,master,Yes,semiurban,married,no,Rejected
52,23258,26968,53,611,24,4,high school,No,urban,married,no,Rejected
57,140809,7385,36,426,39,3,high school,No,semiurban,single,no,Rejected
45,51629,9222,28,676,24,4,bachelor,Yes,semiurban,married,no,Approved
64,57579,26444,50,644,19,1,master,No,urban,married,no,Approved
56,42958,39248,24,524,10,4,bachelor,No,rural,single,no,Rejected
23,59465,41545,39,316,9,2,bachelor,No,urban,married,no,Rejected
26,105853,6362,22,796,2,4,high school,No,semiurban,married,no,Rejected
37,35775,34718,21,772,38,0,high school,No,semiurban,married,no,Rejected
18,96575,9250,50,610,26,3,master,No,semiurban,married,no,Approved
25,114633,3818,35,436,34,2,high school,No,semiurban,single,no,Rejected
40,54207,37368,49,774,39,1,bachelor,No,semiurban,married,yes,Rejected
20,42553,45109,35,516,30,4,master,No,semiurban,married,no,Rejected
21,129938,16053,44,495,20,4,high school,Yes,semiurban,single,no,Rejected
42,73632,28426,28,500,21,1,high school,No,rural,married,no,Rejected
64,20055,48101,55,665,18,4,bachelor,Yes,urban,married,yes,Rejected
55,138012,40023,47,827,13,0,high school,No,semiurban,single,no,Approved
32,108697,25892,46,699,36,2,bachelor,No,urban,married,no,Approved
38,52873,44675,17,824,22,4,bachelor,No,semiurban,single,no,Approved
52,121505,30361,27,513,25,1,high school,Yes,urban,single,no,Rejected
70,100720,17007,56,640,39,1,master,Yes,rural,married,no,Approved
70,86205,15241,39,628,11,2,phd,No,semiurban,married,no,Approved
63,98199,45858,52,418,0,0,phd,No,semiurban,single,no,Rejected
69,45318,46073,43,724,33,2,bachelor,No,urban,single,no,Rejected
31,53734,24902,37,672,18,4,high school,No,semiurban,married,no,Approved
53,102227,25506,22,478,22,0,bachelor,Yes,urban,single,no,Rejected
29,38522,18562,36,731,6,0,high school,No,urban,single,no,Rejected
34,31656,21239,42,701,6,1,bachelor,No,urban,married,no,Rejected
56,35893,14065,32,693,0,0,high school,No,rural,married,no,Rejected
26,131393,46415,56,378,17,4,high school,No,semiurban,married,no,Rejected
52,36493,42291,14,723,7,4,master,No,semiurban,single,no,Rejected
30,23632,39805,23,417,24,4,high school,No,semiurban,single,no,Rejected
32,115872,34295,51,667,28,3,master,No,semiurban,married,no,Approved
35,108648,19443,57,405,22,0,bachelor,No,semiurban,married,no,Rejected
68,81779,10290,52,404,28,0,master,No,semiurban,married,no,Rejected
50,58452,1211,36,602,0,4,bachelor,No,urban,single,no,Rejected
23,33266,19098,28,447,14,1,high school,No,semiurban,married,no,Rejected
44,141187,20072,49,449,14,0,bachelor,No,rural,married,no,Rejected
40,136603,44290,47,555,27,3,master,No,rural,single,no,Rejected
44,81607,20650,47,381,35,0,high school,Yes,semiurban,married,no,Rejected
51,36940,16115,30,315,39,2,high school,Yes,urban,single,no,Rejected
63,44003,6149,55,492,31,3,bachelor,No,semiurban,married,no,Rejected
55,147880,42992,13,373,12,1,high school,No,urban,married,yes,Rejected
31,118408,18716,28,576,20,3,bachelor,No,urban,married,no,Rejected
53,54815,33188,41,360,38,3,high school,No,urban,single,no,Rejected
70,50869,14621,58,835,37,0,phd,No,urban,single,no,Approved
25,69297,7820,21,834,8,3,high school,Yes,urban,single,no,Approved
52,80107,48529,46,642,19,4,phd,Yes,semiurban,single,no,Approved
36,102793,43800,47,694,19,3,high school,No,urban,single,no,Approved
47,36682,31399,44,557,7,0,bachelor,No,urban,single,no,Rejected
31,39622,15002,12,497,13,4,high school,No,urban,married,no,Rejected
37,50408,44098,29,352,19,1,master,No,semiurban,married,no,Rejected
66,28837,46511,15,570,34,2,high school,No,semiurban,single,no,Rejected
42,84210,29750,58,500,20,3,master,No,semiurban,married,no,Rejected
57,35407,27074,38,695,21,4,bachelor,No,rural,single,no,Rejected
41,49309,18310,36,677,5,4,high school,No,rural,married,no,Rejected
31,91918,18006,39,834,26,1,high school,No,semiurban,single,no,Approved
43,113190,10671,33,387,3,1,master,Yes,rural,married,no,Rejected
55,38895,45345,53,697,3,2,high school,No,urban,single,yes,Rejected
40,141284,28894,36,481,27,2,bachelor,No,urban,married,no,Rejected
39,119087,27193,28,582,26,0,bachelor,No,semiurban,married,no,Rejected
65,106912,11222,55,832,16,2,high school,No,urban,married,no,Approved
36,20370,24786,23,489,38,2,master,No,semiurban,married,no,Rejected
63,134212,32509,27,504,37,4,high school,No,semiurban,married,no,Rejected
68,20486,1386,48,343,28,3,bachelor,No,urban,married,no,Rejected
20,43762,2634,27,599,39,3,bachelor,No,urban,married,no,Rejected
59,46613,41878,28,578,6,2,high school,No,semiurban,married,no,Rejected
36,132804,5133,42,684,7,0,high school,No,urban,married,no,Approved
26,23196,43144,26,610,32,0,bachelor,Yes,semiurban,married,no,Rejected
45,127856,39349,24,827,31,3,bachelor,No,rural,married,no,Approved
37,138975,35735,51,573,34,1,high school,No,semiurban,single,no,Rejected
62,114937,22952,38,781,17,4,high school,No,semiurban,married,no,Approved
24,120565,25816,32,750,15,2,high school,No,semiurban,single,no,Approved
31,96349,22529,13,831,17,4,bachelor,Yes,semiurban,married,no,Approved
26,84839,6767,19,830,37,2,high school,Yes,semiurban,single,no,Approved
36,61916,42521,53,824,24,2,master,Yes,semiurban,married,no,Approved
64,28572,19383,18,316,33,3,high school,No,rural,married,no,Rejected
69,133312,5901,21,329,3,4,master,No,rural,single,no,Rejected
31,48225,43889,15,769,4,4,high school,Yes,semiurban,married,no,Rejected
55,65853,15633,54,603,13,1,high school,No,semiurban,married,no,Approved
70,69390,20163,52,392,0,1,bachelor,No,semiurban,married,no,Rejected
53,52275,11707,47,461,21,4,high school,No,urban,married,yes,Rejected
57,92379,23576,46,627,20,1,high school,No,rural,married,no,Approved
34,21105,19061,54,553,12,1,phd,No,urban,single,no,Rejected
47,136074,46101,14,739,35,2,high school,No,urban,married,no,Approved
26,79896,45706,29,843,28,3,high school,No,semiurban,married,no,Approved
50,63209,12548,57,419,37,2,high school,No,semiurban,married,no,Rejected
69,117175,16115,54,813,8,1,phd,Yes,semiurban,single,no,Approved
42,62487,10843,35,848,32,2,high school,No,semiurban,married,no,Approved
31,38051,37945,43,396,21,2,high school,No,semiurban,married,no,Rejected
28,114244,40979,45,669,16,0,high school,No,semiurban,single,no,Approved
70,120995,41641,13,716,22,2,master,No,semiurban,single,no,Approved
52,142444,4841,13,556,35,2,bachelor,No,semiurban,single,no,Rejected
58,97400,7416,21,427,5,3,bachelor,No,semiurban,married,no,Rejected
31,120300,11633,34,658,38,4,master,No,semiurban,married,no,Approved
47,86961,38653,26,455,28,0,bachelor,Yes,semiurban,married,no,Rejected
58,80156,1594,23,356,26,0,phd,No,urban,married,no,Rejected
21,134682,15393,54,375,4,0,bachelor,No,semiurban,married,no,Rejected
21,77175,36380,28,457,8,0,high school,No,semiurban,single,no,Rejected
45,26849,46056,29,384,23,3,high school,Yes,semiurban,single,no,Rejected
25,121551,23743,25,621,18,4,master,No,semiurban,single,no,Approved
19,38976,32971,28,608,32,3,high school,No,rural,married,no,Rejected
58,119794,5861,26,829,29,0,bachelor,No,semiurban,married,no,Approved
63,135912,38534,23,583,39,4,master,No,urban,married,no,Rejected
39,137275,37126,27,341,3,3,high school,Yes,urban,single,yes,Rejected
58,76866,15846,43,433,31,4,master,No,urban,single,no,Rejected
33,137752,27177,34,703,0,3,bachelor,No,urban,married,no,Rejected
46,67078,34682,49,792,33,4,high school,No,semiurban,married,no,Approved
66,142492,19228,45,521,20,3,bachelor,Yes,semiurban,married,yes,Rejected
65,51113,35763,45,528,30,0,bachelor,No,rural,single,no,Rejected
47,135520,25009,27,751,13,0,master,No,semiurban,married,no,Approved
29,35401,1094,45,605,25,0,bachelor,No,semiurban,single,no,Rejected
52,32884,42452,51,418,21,3,master,No,semiurban,married,no,Rejected
28,104360,16100,18,623,33,4,bachelor,No,semiurban,married,no,Approved
63,57563,33917,44,458,32,4,bachelor,No,urban,married,yes,Rejected
67,54414,18430,15,538,12,1,high school,No,rural,married,no,Rejected
38,36142,36571,54,695,31,2,high school,No,urban,married,no,Rejected
38,132610,25974,18,619,7,0,bachelor,Yes,rural,married,no,Approved
22,135128,32129,29,488,21,0,bachelor,No,semiurban,single,yes,Rejected
65,91492,48234,15,608,19,0,phd,No,urban,married,no,Approved
37,99464,21860,60,548,20,1,bachelor,No,semiurban,married,no,Rejected
54,95257,8276,22,837,33,1,bachelor,No,semiurban,single,no,Approved
20,96693,1551,54,805,29,1,high school,No,urban,married,no,Approved
61,55135,49248,31,693,5,0,bachelor,Yes,semiurban,single,no,Approved
50,92232,9486,22,705,34,4,master,No,urban,married,no,Approved
70,47862,18527,26,480,26,0,high school,No,semiurban,single,no,Rejected
26,25190,10745,57,320,19,1,high school,Yes,semiurban,married,no,Rejected
26,90199,42128,28,454,37,1,bachelor,No,semiurban,married,no,Rejected
21,125366,13997,45,493,39,2,high school,No,urban,married,no,Rejected
52,24331,19330,59,523,13,3,bachelor,No,rural,married,no,Rejected
34,144184,41078,23,698,9,2,bachelor,Yes,semiurban,married,no,Approved
51,72186,39585,53,579,14,2,high school,No,semiurban,married,no,Rejected
41,64648,25829,39,309,39,0,high school,No,semiurban,single,no,Rejected
49,48549,44336,59,675,2,3,master,No,rural,married,no,Rejected
18,101782,9070,46,771,14,3,high school,No,semiurban,married,no,Approved
25,45761,2320,19,451,30,0,high school,No,urban,single,yes,Rejected
62,23262,24507,38,423,10,4,high school,No,semiurban,married,no,Rejected
40,131624,39921,33,723,38,0,high school,Yes,semiurban,married,no,Approved
64,71259,7589,35,822,18,4,bachelor,No,urban,married,no,Approved
57,92572,28459,13,812,14,4,master,No,semiurban,single,no,Approved
29,144720,16589,42,470,37,3,high school,No,rural,single,no,Rejected
29,73472,37375,33,424,19,0,bachelor,Yes,semiurban,single,no,Rejected
63,107858,44085,12,474,21,0,high school,No,semiurban,married,no,Rejected
64,104667,44200,25,803,6,3,bachelor,No,semiurban,married,no,Approved
32,24677,34168,36,684,13,2,master,No,urban,married,no,Rejected
58,93508,27732,47,405,3,0,high school,No,semiurban,married,no,Rejected
36,100865,32511,47,827,8,1,high school,No,rural,married,no,Approved
43,122568,23426,52,337,38,1,master,No,urban,single,no,Rejected
69,121437,31982,14,694,24,0,master,No,urban,single,no,Approved
46,129916,17746,16,776,34,4,master,No,urban,single,no,Approved
39,70617,29514,12,766,36,3,bachelor,No,rural,married,no,Approved
57,106029,4851,30,804,26,4,bachelor,No,semiurban,married,no,Approved
38,38595,20796,44,614,27,1,high school,No,urban,married,no,Rejected
68,107459,11498,53,584,23,1,bachelor,No,semiurban,single,no,Rejected
55,80148,33852,41,763,32,3,bachelor,Yes,semiurban,married,no,Approved
37,66926,35592,23,563,32,1,master,No,rural,married,no,Rejected
46,95271,45845,21,728,15,2,high school,No,semiurban,married,no,Approved
68,54457,16930,45,664,22,1,bachelor,No,semiurban,married,no,Approved
21,62531,46317,27,480,10,4,bachelor,No,urban,single,yes,Rejected
24,93263,43881,51,543,39,4,bachelor,No,urban,single,no,Rejected
45,93300,48900,57,612,18,2,bachelor,No,semiurban,married,no,Approved
45,148027,42590,40,375,33,4,master,No,semiurban,married,no,Rejected
21,83171,22159,26,561,22,4,master,No,semiurban,married,no,Rejected
39,139229,30536,59,530,9,4,high school,No,semiurban,married,no,Rejected
29,146159,25252,22,679,36,0,master,Yes,rural,single,no,Approved
62,138229,25003,55,608,0,2,bachelor,No,semiurban,single,no,Rejected
20,65771,41186,45,687,1,2,bachelor,No,urban,single,yes,Rejected
39,113135,36139,47,624,21,1,high school,No,urban,married,no,Approved
61,86354,40836,41,755,16,2,high school,No,urban,married,no,Approved
19,132743,23205,46,811,23,3,phd,No,rural,single,no,Approved
41,133381,31523,20,642,20,2,bachelor,No,semiurban,single,no,Approved
51,57289,45627,29,815,39,3,bachelor,No,semiurban,married,no,Approved
44,53892,8464,30,741,28,4,master,No,urban,single,no,Approved
58,91196,18110,50,848,13,3,high school,No,semiurban,married,no,Approved
18,149662,47316,15,561,7,0,bachelor,Yes,semiurban,married,no,Rejected
25,115057,8121,17,762,29,4,bachelor,No,urban,married,no,Approved
40,58409,10840,44,526,21,3,bachelor,No,semiurban,married,no,Rejected
55,135817,38080,43,822,22,4,high school,Yes,urban,married,no,Approved
23,54470,41768,27,488,39,0,phd,No,urban,single,no,Rejected
39,38385,10461,22,508,12,4,high school,No,urban,married,no,Rejected
42,43296,21927,33,312,27,4,high school,Yes,rural,married,no,Rejected
35,138566,25398,47,461,29,2,bachelor,No,urban,married,yes,Rejected
34,81716,34086,34,792,4,1,bachelor,No,semiurban,single,no,Approved
29,109152,16329,37,734,9,3,master,No,urban,married,no,Approved
23,46382,16791,42,304,38,1,master,No,semiurban,single,no,Rejected
43,96675,15372,40,501,8,0,bachelor,Yes,urban,married,no,Rejected
44,141019,49703,16,715,13,0,high school,No,rural,single,no,Approved
25,117596,28354,49,311,37,4,master,Yes,semiurban,married,yes,Rejected
36,42419,49469,36,696,9,1,high school,No,rural,married,no,Rejected
59,113321,45018,45,640,32,3,high school,Yes,semiurban,married,no,Approved
18,101238,22537,23,672,10,3,high school,No,semiurban,married,no,Approved
46,145032,35370,33,677,39,4,bachelor,No,semiurban,married,no,Approved
62,114753,26405,20,524,5,3,high school,No,urban,single,yes,Rejected
66,59291,42815,31,481,16,2,high school,No,rural,married,no,Rejected
52,32397,24703,40,596,35,1,bachelor,No,urban,married,no,Rejected
57,126415,16234,55,606,5,0,high school,No,urban,married,no,Approved
31,77888,8532,40,730,9,3,high school,No,semiurban,single,yes,Rejected
52,55169,41134,56,417,4,3,high school,Yes,urban,married,no,Rejected
65,82182,36416,38,651,18,3,master,No,urban,married,no,Approved
62,112476,7903,28,345,6,4,phd,No,semiurban,married,no,Rejected
37,62249,19242,16,526,23,0,high school,No,urban,single,yes,Rejected
66,48341,14788,56,655,18,1,bachelor,No,urban,married,no,Rejected
30,95603,36249,24,593,10,3,phd,No,semiurban,married,no,Rejected
55,66144,35588,53,539,2,2,high school,Yes,urban,married,no,Rejected
66,81772,30513,26,647,29,4,master,No,semiurban,single,no,Approved
63,99360,44039,26,440,37,1,phd,Yes,semiurban,married,no,Rejected
66,33444,20542,29,503,5,3,high school,No,semiurban,single,no,Rejected
25,65647,33294,13,568,34,1,high school,No,semiurban,married,no,Rejected
60,143662,4684,34,612,21,4,phd,No,urban,single,no,Approved
37,134416,24795,54,717,10,2,high school,No,rural,married,no,Approved
50,118843,4651,24,436,7,3,high school,No,rural,single,no,Rejected
43,30974,11431,54,650,26,2,bachelor,No,semiurban,single,yes,Rejected
56,132150,11131,15,460,28,4,high school,No,semiurban,married,no,Rejected
38,58383,25091,58,472,7,2,phd,No,rural,married,no,Rejected
70,145548,25845,36,429,22,4,high school,No,semiurban,single,no,Rejected
66,114826,25491,22,378,28,2,high school,Yes,semiurban,married,no,Rejected
59,101552,5830,59,356,15,1,master,No,semiurban,married,no,Rejected
60,117648,29640,53,699,34,1,master,No,urban,single,no,Approved
58,114049,8334,23,662,7,4,phd,No,semiurban,married,no,Approved
26,22956,48387,24,634,7,1,bachelor,No,urban,single,no,Rejected
41,28077,10304,20,433,32,2,phd,Yes,urban,single,no,Rejected
54,56490,48647,56,313,4,2,bachelor,Yes,rural,married,no,Rejected
66,130363,18032,49,582,36,3,master,Yes,semiurban,married,no,Rejected
58,144713,26755,17,720,16,4,high school,No,semiurban,single,no,Approved
34,123391,48353,54,426,21,1,phd,No,urban,single,no,Rejected
41,128642,1016,54,517,13,4,bachelor,No,urban,married,no,Rejected
38,75612,9308,21,788,37,1,high school,No,semiurban,married,no,Approved
68,120474,30654,34,559,31,3,high school,No,semiurban,single,no,Rejected
56,56159,40244,26,517,13,2,master,Yes,semiurban,single,no,Rejected
58,59710,6942,56,788,19,2,master,No,rural,married,no,Approved
56,103536,3693,34,742,21,0,high school,No,rural,married,no,Approved
30,33806,16562,51,398,29,4,bachelor,No,rural,married,no,Rejected
28,133096,7259,48,481,32,1,master,No,semiurban,single,no,Rejected
63,98345,49347,45,468,4,0,high school,No,urban,single,no,Rejected
36,100391,43236,27,532,17,4,high school,No,rural,single,no,Rejected
28,127412,5942,56,392,6,1,master,No,rural,single,no,Rejected
30,114924,48419,52,771,28,3,high school,Yes,semiurban,single,no,Approved
63,26458,37556,58,815,8,4,high school,No,urban,single,no,Rejected
62,55524,1371,43,384,6,1,high school,No,urban,married,no,Rejected
18,26853,28383,49,818,6,2,master,No,semiurban,married,no,Rejected
57,60477,24404,51,680,5,4,high school,Yes,semiurban,married,no,Approved
61,52222,8120,57,706,39,1,high school,No,urban,married,no,Approved
36,38320,6702,16,531,26,2,high school,No,rural,married,no,Rejected
29,114154,9347,28,550,3,2,high school,No,semiurban,single,no,Rejected
25,72243,36429,33,384,0,0,high school,No,semiurban,married,no,Rejected
25,65615,40419,50,618,5,1,high school,No,semiurban,married,yes,Rejected
70,37352,26040,52,492,30,0,high school,No,semiurban,single,yes,Rejected
62,92833,38646,59,599,0,0,high school,No,rural,married,no,Rejected
29,113476,46859,29,657,4,3,high school,No,urban,married,no,Approved
65,134560,38083,39,752,18,0,bachelor,No,semiurban,single,no,Approved
50,23203,23542,24,805,4,0,phd,Yes,semiurban,married,yes,Rejected
62,59267,43733,53,364,4,3,bachelor,No,urban,married,no,Rejected
43,57941,9308,12,521,30,3,master,No,semiurban,single,no,Rejected
56,102809,40242,30,765,6,4,phd,No,urban,single,no,Approved
45,45368,35142,45,371,14,0,high school,Yes,rural,single,no,Rejected
22,97186,45163,15,773,12,2,bachelor,No,semiurban,married,no,Approved
25,50984,31690,54,318,11,3,bachelor,No,rural,married,no,Rejected
42,61941,8393,14,821,18,1,high school,No,rural,single,no,Approved
44,92918,5403,52,714,12,4,bachelor,No,rural,married,no,Approved
63,72683,4546,21,663,26,4,bachelor,Yes,semiurban,single,no,Approved
40,146409,37745,39,827,37,0,master,No,rural,married,yes,Rejected
47,20801,29893,45,379,32,2,master,No,urban,married,no,Rejected
62,126538,10388,50,489,5,3,high school,No,urban,single,no,Rejected
64,132201,42756,58,447,12,1,high school,No,urban,single,no,Rejected
40,67965,37660,30,742,12,0,high school,No,urban,married,no,Approved
66,105269,24708,53,564,12,2,high school,No,urban,married,no,Rejected
64,142693,25726,57,808,19,0,bachelor,No,semiurban,married,no,Approved
37,29969,15008,47,600,35,0,high school,Yes,semiurban,single,yes,Rejected
35,55969,37017,54,765,36,4,phd,No,semiurban,married,yes,Rejected
35,102269,1111,14,664,8,1,high school,No,semiurban,single,no,Approved
19,52449,18545,34,698,16,1,high school,No,rural,married,no,Approved
21,111679,41168,28,792,34,1,master,Yes,rural,married,no,Approved
47,45705,3379,18,841,17,1,bachelor,No,semiurban,married,no,Rejected
50,80303,31237,37,779,24,3,bachelor,No,urban,married,no,Approved
53,48363,46948,54,467,14,3,bachelor,No,semiurban,single,no,Rejected
35,50720,22810,29,390,22,1,high school,No,semiurban,married,no,Rejected
54,29972,42120,57,599,0,2,master,No,urban,married,no,Rejected
36,53351,18809,57,473,37,3,bachelor,No,urban,married,no,Rejected
64,131023,9469,17,672,17,3,high school,No,urban,married,no,Approved
45,56145,28967,42,323,0,2,high school,No,semiurban,married,no,Rejected
57,107948,10748,40,500,38,1,master,No,semiurban,single,no,Rejected
37,109614,24424,20,306,9,0,high school,No,semiurban,married,no,Rejected
66,108116,21976,46,305,30,3,master,Yes,semiurban,single,no,Rejected
50,76235,24914,28,460,37,0,bachelor,No,rural,single,no,Rejected
29,34855,31067,23,547,6,0,high school,No,semiurban,married,no,Rejected
68,56169,43875,47,465,37,2,high school,Yes,semiurban,married,no,Rejected
32,66404,13942,59,727,7,1,master,No,urban,married,no,Approved
58,39569,20491,35,444,33,0,bachelor,No,semiurban,married,no,Rejected
56,145074,5533,21,810,8,1,high school,No,semiurban,married,no,Approved
19,149006,24583,41,842,24,4,bachelor,No,urban,single,no,Approved
46,74437,38049,40,808,26,1,bachelor,No,urban,married,no,Approved
58,68506,28821,50,519,6,2,high school,Yes,rural,married,no,Rejected
27,45738,31261,21,375,31,2,bachelor,Yes,urban,married,no,Rejected
19,26772,38536,50,618,8,4,bachelor,Yes,rural,married,no,Rejected
68,110410,30945,39,337,16,2,high school,No,urban,married,no,Rejected
28,39731,18384,29,813,34,1,master,No,semiurban,married,no,Rejected
30,30131,29410,52,545,15,1,master,Yes,semiurban,married,no,Rejected
27,86324,13198,28,439,1,1,high school,No,urban,married,no,Rejected
31,74097,30354,22,557,30,2,high school,No,semiurban,single,no,Rejected
35,101720,8169,12,680,15,1,bachelor,No,semiurban,single,no,Approved
68,116433,41129,28,777,32,3,high school,No,rural,married,no,Approved
26,22889,32909,47,484,20,4,master,No,rural,single,yes,Rejected
56,29569,4830,47,602,16,3,bachelor,No,semiurban,single,no,Rejected
45,107193,22404,57,793,34,1,phd,Yes,urban,married,no,Approved
20,95677,28757,20,463,6,2,bachelor,Yes,urban,married,no,Rejected
37,105192,36650,56,502,28,4,high school,No,urban,married,no,Rejected
23,143757,34766,39,707,10,3,bachelor,Yes,rural,single,no,Approved
44,107154,16942,59,509,29,1,bachelor,No,semiurban,single,no,Rejected
70,97470,33419,44,400,17,2,master,No,urban,married,no,Rejected
19,128073,17668,14,745,15,1,master,No,semiurban,married,no,Approved
46,108822,17246,19,667,5,3,bachelor,Yes,rural,married,no,Approved
55,146019,25996,17,538,1,3,high school,No,semiurban,married,yes,Rejected
20,27612,4065,17,590,9,4,bachelor,No,rural,married,no,Rejected
33,71644,11467,40,671,3,2,high school,Yes,rural,single,no,Approved
47,52069,45844,48,730,9,0,high school,No,semiurban,married,no,Approved
57,101741,22007,23,579,8,1,high school,No,rural,married,no,Rejected
19,47331,3543,20,766,23,2,high school,No,semiurban,single,no,Rejected
34,75897,29702,52,615,4,0,master,No,semiurban,single,no,Approved
58,33934,29833,60,376,34,2,high school,No,semiurban,married,no,Rejected
29,30095,11033,30,450,3,1,bachelor,No,urban,single,no,Rejected
52,111494,35169,28,695,34,1,bachelor,No,semiurban,married,no,Approved
60,122544,17829,59,795,12,4,master,No,rural,single,no,Approved
18,38706,5522,55,596,36,3,master,No,rural,single,no,Rejected
62,63516,21151,43,706,31,3,master,Yes,rural,married,no,Approved
32,123602,36319,46,586,0,3,bachelor,Yes,rural,married,no,Rejected
43,117008,27543,25,792,10,4,master,No,semiurban,married,no,Approved
54,54629,38584,60,835,25,3,high school,Yes,urban,married,no,Approved
38,66910,31473,27,755,2,2,bachelor,No,semiurban,married,no,Rejected
66,108540,8699,32,791,12,3,phd,No,urban,single,no,Approved
48,144746,3629,23,308,31,3,phd,No,urban,single,no,Rejected
42,40431,41455,35,431,22,1,high school,No,urban,single,no,Rejected
40,76733,11156,45,376,22,4,bachelor,No,urban,married,no,Rejected
41,60088,18441,19,430,29,4,high school,No,semiurban,single,no,Rejected
55,64135,31716,55,711,5,3,master,No,rural,married,no,Approved
45,135786,7834,32,389,6,0,master,No,semiurban,single,yes,Rejected
38,58015,19179,59,797,29,1,high school,Yes,urban,married,no,Approved
60,120038,27219,19,653,36,3,master,No,rural,single,no,Approved
35,51385,38617,39,570,31,0,high school,No,rural,married,no,Rejected
53,90199,16782,27,691,5,2,phd,Yes,urban,married,no,Approved
52,58677,16827,21,731,34,1,phd,No,semiurban,married,no,Approved
62,138104,10431,26,771,31,4,high school,Yes,semiurban,married,no,Approved
26,32818,37918,15,607,11,0,bachelor,No,semiurban,married,no,Rejected
70,108222,45057,37,807,3,3,high school,No,rural,single,no,Approved
55,83001,10496,26,354,31,0,high school,Yes,semiurban,single,no,Rejected
47,43977,24331,47,336,34,4,master,Yes,urban,married,no,Rejected
61,69832,40238,43,354,15,2,high school,No,semiurban,single,no,Rejected
51,60931,47025,54,823,14,0,bachelor,No,semiurban,single,yes,Rejected
49,103990,24563,49,762,1,3,phd,No,rural,married,no,Rejected
20,98894,4712,15,777,5,0,high school,No,semiurban,married,no,Approved
20,92204,29531,52,510,13,2,bachelor,Yes,rural,married,no,Rejected
45,65784,46489,20,525,28,0,bachelor,Yes,semiurban,married,no,Rejected
61,126305,33664,46,306,25,2,master,No,semiurban,married,no,Rejected
32,29921,46263,39,839,17,2,master,No,semiurban,single,no,Rejected
58,54959,13420,48,511,3,1,bachelor,No,rural,married,no,Rejected
40,52328,6315,58,488,36,1,master,Yes,semiurban,single,no,Rejected
57,28859,6381,20,374,37,3,phd,Yes,urban,single,no,Rejected
28,144492,10497,13,413,24,3,master,Yes,urban,married,no,Rejected
65,109506,30040,14,450,28,3,bachelor,No,urban,married,no,Rejected
49,94408,33375,55,735,33,2,bachelor,No,semiurban,single,no,Approved
53,143852,14494,59,383,15,2,bachelor,Yes,semiurban,single,no,Rejected
50,104766,32752,16,511,36,1,master,Yes,rural,married,no,Rejected
41,46708,26357,21,760,29,2,bachelor,No,rural,single,no,Rejected
56,38847,17950,39,476,22,1,high school,No,rural,married,yes,Rejected
51,75989,16752,26,611,35,0,high school,Yes,urban,married,no,Approved
45,112641,38390,25,458,27,3,master,Yes,rural,married,no,Rejected
54,145383,5132,57,485,0,3,bachelor,No,urban,married,no,Rejected
24,24922,42598,34,770,7,4,master,No,semiurban,married,no,Rejected
21,89928,29276,24,608,14,1,bachelor,No,urban,single,no,Approved
54,72335,40763,27,545,33,4,high school,No,urban,married,no,Rejected
18,146913,21551,41,683,18,3,high school,No,urban,single,no,Approved
18,33541,27975,51,341,29,4,bachelor,No,semiurban,married,no,Rejected
64,39551,3670,19,584,9,0,high school,No,urban,married,no,Rejected
37,39381,10364,28,599,26,4,phd,No,urban,single,yes,Rejected
36,133319,27296,41,735,19,0,high school,No,semiurban,married,no,Approved
46,75673,25680,28,668,24,3,bachelor,No,semiurban,married,no,Approved
27,121531,19066,46,785,8,2,high school,No,urban,married,yes,Rejected
35,42948,29892,12,735,39,1,high school,No,semiurban,single,no,Rejected
45,112264,11041,60,727,33,4,high school,No,semiurban,married,no,Approved
52,79072,10054,35,480,20,0,master,No,urban,single,no,Rejected
60,87560,12637,59,639,23,3,bachelor,No,rural,single,no,Approved
64,102249,11757,60,790,6,3,high school,No,rural,single,no,Approved
48,22486,42258,36,794,3,2,high school,No,urban,married,no,Rejected
44,86691,28484,13,462,7,3,bachelor,No,semiurban,single,yes,Rejected
28,30082,13329,36,755,12,3,bachelor,No,semiurban,married,no,Rejected
66,122781,34538,25,391,20,2,high school,Yes,semiurban,married,no,Rejected
66,104105,28115,50,404,34,3,phd,Yes,semiurban,married,no,Rejected
55,27086,27038,44,738,4,0,high school,No,semiurban,married,no,Rejected
22,147818,37622,28,797,7,4,master,Yes,rural,married,no,Approved
25,87853,36886,42,627,1,4,high school,No,urban,married,yes,Rejected
51,121925,10901,21,840,23,0,bachelor,No,semiurban,married,no,Approved
65,90027,18374,17,808,15,4,bachelor,No,rural,married,no,Approved
69,35916,47290,50,550,3,3,bachelor,No,semiurban,single,yes,Rejected
29,35248,33806,36,490,29,4,bachelor,No,semiurban,single,no,Rejected
55,88047,18659,49,346,29,4,high school,No,urban,married,no,Rejected
18,44226,49770,48,550,34,3,high school,No,semiurban,single,no,Rejected
48,45025,24453,41,363,12,4,high school,No,semiurban,married,no,Rejected
21,127850,31498,45,619,36,3,bachelor,No,semiurban,single,no,Approved
66,68380,5857,29,823,10,2,master,Yes,urban,married,no,Approved
62,27848,17312,35,591,18,2,high school,No,semiurban,single,no,Rejected
67,34274,2436,60,328,17,4,bachelor,No,rural,married,no,Rejected
22,140092,28569,38,736,16,2,high school,No,semiurban,married,no,Approved
47,74545,25949,38,346,10,4,high school,Yes,semiurban,married,no,Rejected
41,149043,8693,50,716,14,2,high school,No,semiurban,married,no,Approved
20,116494,46986,32,750,7,4,high school,No,urban,single,no,Approved
28,135981,38019,30,373,28,1,high school,No,semiurban,married,no,Rejected
62,55233,10305,50,352,16,0,master,No,semiurban,married,no,Rejected
21,36304,33646,34,532,25,2,phd,No,urban,single,no,Rejected
43,133973,28302,50,499,4,3,master,Yes,rural,single,no,Rejected
44,31294,11590,59,848,3,0,phd,No,urban,married,no,Rejected
63,46425,41430,55,396,23,4,master,No,urban,married,no,Rejected
60,88711,4123,58,348,10,0,high school,No,semiurban,married,no,Rejected
44,126153,5158,26,821,29,3,bachelor,Yes,urban,married,no,Approved
59,130777,9700,54,339,39,3,master,No,urban,married,no,Rejected
68,113311,11531,13,452,34,4,bachelor,No,semiurban,married,no,Rejected
67,29425,28738,46,405,32,2,bachelor,No,rural,married,no,Rejected
23,111549,10879,31,510,35,2,bachelor,No,semiurban,single,no,Rejected
32,113464,6543,39,501,20,1,bachelor,No,urban,single,no,Rejected
70,64990,47748,26,732,37,3,high school,No,semiurban,married,no,Approved
47,126748,48924,27,446,4,1,bachelor,No,urban,single,no,Rejected
59,93746,43348,44,798,4,3,high school,No,semiurban,married,no,Approved
54,88295,19581,58,581,20,1,high school,Yes,semiurban,single,no,Rejected
54,36091,37679,23,609,24,2,phd,No,urban,married,no,Rejected
59,139943,14582,50,350,9,3,bachelor,No,semiurban,married,no,Rejected
54,143102,44888,50,794,18,2,master,No,rural,married,no,Approved
52,20002,31276,54,708,31,0,master,No,semiurban,married,no,Rejected
40,142818,39003,31,572,17,2,high school,Yes,rural,married,no,Rejected
23,70411,5799,40,757,33,3,master,No,semiurban,married,no,Approved
21,60958,26091,54,419,14,0,high school,No,semiurban,married,no,Rejected
35,147829,29234,60,345,23,1,master,Yes,semiurban,married,no,Rejected
26,115696,47993,14,542,4,4,bachelor,No,semiurban,single,no,Rejected
66,40707,25605,59,610,31,3,phd,No,semiurban,married,no,Rejected
46,35248,37534,16,630,8,4,master,No,rural,single,no,Rejected
30,91309,32668,13,310,4,4,high school,No,rural,single,no,Rejected
64,98322,5111,34,723,4,0,master,No,semiurban,married,no,Approved
69,71720,25686,37,347,33,1,bachelor,No,semiurban,single,no,Rejected
34,35037,8015,37,676,6,2,high school,No,semiurban,married,no,Rejected
62,87421,7856,18,307,25,0,master,Yes,urban,married,no,Rejected
49,125364,17490,21,825,0,1,phd,Yes,urban,married,no,Rejected
65,101867,36194,16,669,33,2,high school,No,semiurban,married,no,Approved
39,60612,15497,58,739,25,2,phd,No,semiurban,married,no,Approved
21,108031,24194,23,783,31,1,bachelor,Yes,rural,married,no,Approved
22,33450,45104,43,572,11,2,high school,No,semiurban,married,no,Rejected
54,29491,6316,53,430,5,3,bachelor,Yes,rural,married,no,Rejected
58,137026,39130,42,820,19,3,master,No,rural,single,no,Approved
66,94804,5693,33,413,18,0,bachelor,No,semiurban,married,no,Rejected
30,138446,42758,28,831,15,2,master,Yes,rural,married,yes,Rejected
51,113293,30954,31,798,3,2,master,No,semiurban,married,no,Approved
62,139498,48901,31,638,31,1,master,Yes,semiurban,married,no,Approved
39,127443,22652,54,320,17,3,high school,No,urban,married,no,Rejected
70,26791,15178,19,332,4,4,bachelor,No,semiurban,married,no,Rejected
40,125475,44397,58,432,5,0,high school,No,urban,single,no,Rejected
68,48314,15751,45,325,13,3,bachelor,No,urban,single,no,Rejected
20,71883,1425,60,663,17,1,phd,No,urban,married,yes,Rejected
59,114119,4044,34,391,9,0,high school,No,semiurban,single,no,Rejected
51,135557,12480,49,844,22,4,bachelor,No,semiurban,married,no,Approved
49,107086,44874,39,537,17,0,phd,No,semiurban,single,no,Rejected
62,85629,39997,24,317,3,3,master,No,rural,married,no,Rejected
68,121291,2239,40,573,31,4,high school,No,semiurban,married,no,Rejected
66,131151,7566,19,588,5,1,bachelor,Yes,semiurban,single,no,Rejected
38,29967,20775,22,326,25,0,phd,No,rural,married,no,Rejected
63,101754,37981,58,733,5,3,bachelor,No,semiurban,married,no,Approved
61,63220,4006,56,407,34,1,bachelor,No,rural,married,no,Rejected
38,94163,8025,29,623,4,4,master,No,urban,married,no,Approved
61,24947,20423,36,830,13,0,bachelor,Yes,semiurban,single,no,Rejected
28,59419,40326,60,403,1,2,bachelor,No,urban,single,no,Rejected
56,76131,26174,33,631,39,3,high school,No,semiurban,single,no,Approved
21,108714,27663,56,661,12,3,master,Yes,semiurban,single,no,Approved
68,48876,34952,46,588,4,2,phd,No,semiurban,married,no,Rejected
18,108444,28326,40,743,35,1,phd,No,semiurban,married,no,Approved
45,121448,32139,32,336,35,3,bachelor,No,semiurban,single,no,Rejected
41,39971,48198,18,647,18,1,bachelor,No,urban,married,yes,Rejected
52,82539,9102,23,342,19,4,high school,No,rural,married,no,Rejected
30,118120,47637,47,425,21,2,high school,No,semiurban,married,no,Rejected
64,69228,8116,35,308,30,1,master,No,rural,married,no,Rejected
51,143695,13937,43,825,3,4,high school,No,semiurban,single,no,Approved
28,94495,31161,38,430,2,0,high school,Yes,semiurban,single,no,Rejected
53,141241,5383,43,624,36,3,master,No,semiurban,single,no,Approved
68,48261,21320,43,483,24,2,master,Yes,semiurban,married,no,Rejected
34,126601,5507,43,581,36,0,bachelor,No,urban,married,no,Rejected
52,81260,15735,37,352,3,0,master,No,urban,married,no,Rejected
35,124998,30713,22,832,38,0,bachelor,No,urban,married,no,Approved
57,101371,17519,57,676,6,1,high school,Yes,urban,married,no,Approved
39,104793,3025,29,594,6,3,phd,No,urban,married,no,Rejected
41,23346,20919,50,507,24,2,master,No,semiurban,married,no,Rejected
36,116343,38622,16,776,14,3,bachelor,No,semiurban,married,no,Approved
54,115954,39135,27,368,6,3,bachelor,No,rural,single,no,Rejected
56,76176,36658,22,736,3,3,high school,No,semiurban,single,no,Approved
38,72300,20141,46,600,33,4,bachelor,No,semiurban,married,no,Rejected
25,31340,30696,59,326,18,4,master,No,urban,single,no,Rejected
45,144345,4773,22,405,37,4,high school,No,rural,married,no,Rejected
22,145467,25956,53,310,26,4,bachelor,No,rural,married,no,Rejected
34,53012,16819,34,515,4,3,bachelor,No,semiurban,married,no,Rejected
54,55393,2528,45,620,12,3,phd,Yes,semiurban,single,no,Approved
53,122153,21955,59,759,13,2,high school,No,rural,married,no,Approved
36,95133,45588,28,825,29,2,master,Yes,semiurban,married,no,Approved
44,45557,6049,21,459,9,2,high school,Yes,urban,single,no,Rejected
70,84204,34616,29,763,31,2,high school,No,semiurban,married,no,Approved
51,93273,21511,55,821,0,2,master,No,urban,single,yes,Rejected
28,132328,11119,19,572,23,4,bachelor,No,semiurban,single,no,Rejected
62,130304,11357,37,540,28,3,bachelor,No,semiurban,single,no,Rejected
64,126637,17167,14,466,6,2,bachelor,No,semiurban,married,no,Rejected
29,37276,46246,35,626,30,1,master,No,urban,married,no,Rejected
38,74639,23253,14,828,16,2,master,No,urban,married,no,Approved
28,141939,35889,49,572,29,2,master,No,rural,married,no,Rejected
56,27310,46678,13,675,24,3,high school,Yes,semiurban,single,no,Rejected
45,55167,30798,46,674,27,4,master,Yes,semiurban,single,yes,Rejected
22,122944,5681,28,633,35,0,high school,Yes,semiurban,married,no,Approved
34,104880,15755,20,302,6,3,high school,No,rural,married,no,Rejected
37,30391,1472,47,542,34,4,high school,No,semiurban,single,no,Rejected
58,142013,33881,33,350,19,1,master,No,urban,married,no,Rejected
63,70621,14690,42,649,13,0,high school,No,semiurban,married,yes,Rejected
29,30892,26912,45,473,29,4,high school,No,rural,single,no,Rejected
23,96733,7473,35,415,0,4,bachelor,Yes,rural,single,no,Rejected
34,98586,42298,20,660,37,3,master,Yes,rural,married,no,Approved
68,56142,19669,57,654,24,4,bachelor,No,urban,single,no,Approved
36,65679,34964,54,375,33,2,master,No,semiurban,single,yes,Rejected
43,61615,17462,13,380,7,4,phd,No,urban,married,no,Rejected
65,67553,21943,32,528,19,0,master,No,semiurban,single,no,Rejected
61,129264,39785,45,371,29,4,high school,Yes,urban,single,no,Rejected
61,99071,36420,38,702,3,1,phd,No,semiurban,married,no,Approved
69,61002,11832,48,517,20,2,high school,No,semiurban,married,yes,Rejected
49,128807,6385,18,751,26,0,bachelor,No,semiurban,married,no,Approved
23,142611,31362,33,666,9,0,master,No,urban,married,no,Approved
53,90658,15708,15,611,22,3,bachelor,Yes,urban,single,no,Approved
55,29852,24438,25,597,32,3,master,No,semiurban,married,no,Rejected
28,25387,18211,45,323,10,2,phd,No,semiurban,married,no,Rejected
50,147571,15571,34,409,18,0,phd,Yes,semiurban,married,no,Rejected
41,117295,22307,55,351,10,1,bachelor,No,rural,single,yes,Rejected
40,125935,12002,53,589,3,4,phd,No,semiurban,single,no,Rejected
32,59994,37153,36,743,22,4,high school,No,urban,married,no,Approved
44,123412,23440,12,766,4,4,bachelor,No,semiurban,married,no,Approved
28,136912,2965,59,558,4,3,master,No,rural,single,yes,Rejected
68,120414,33556,26,623,17,0,phd,Yes,semiurban,married,no,Approved
67,53725,3427,43,637,16,0,high school,No,semiurban,single,no,Approved
34,92682,36609,25,721,2,1,phd,No,semiurban,married,no,Rejected
68,20560,26189,52,558,7,3,phd,No,rural,married,no,Rejected
70,144210,26138,32,364,39,1,phd,No,semiurban,married,yes,Rejected
31,76565,7563,58,462,22,0,high school,No,urban,single,no,Rejected
44,21312,15387,18,463,22,4,master,Yes,semiurban,married,no,Rejected
35,38205,6840,47,338,1,3,bachelor,No,rural,married,no,Rejected
45,145882,16154,32,619,38,3,high school,No,rural,single,no,Approved
68,31595,25194,51,659,20,3,phd,No,urban,married,no,Rejected
64,107566,47861,23,568,23,4,high school,No,urban,single,no,Rejected
64,41329,23448,26,623,37,3,high school,No,semiurban,single,no,Rejected
21,123678,31924,26,625,19,2,high school,No,urban,single,yes,Rejected
24,88187,24528,28,556,38,3,high school,No,semiurban,single,no,Rejected
62,148509,30402,45,499,26,4,bachelor,No,urban,single,no,Rejected
52,95542,5352,55,737,38,3,phd,No,urban,single,no,Approved
65,128237,1184,46,403,6,2,phd,Yes,urban,married,no,Rejected
26,139389,11384,50,671,32,2,bachelor,No,urban,single,no,Approved
25,146688,15319,49,463,28,3,bachelor,No,urban,married,no,Rejected
69,134476,21449,25,412,9,0,high school,Yes,semiurban,single,no,Rejected
62,55645,42205,16,848,9,0,bachelor,No,semiurban,married,no,Approved
34,107502,11426,41,405,11,1,phd,No,urban,single,no,Rejected
34,113382,8504,15,663,2,2,high school,Yes,urban,married,no,Rejected
66,107310,34368,26,320,2,0,high school,Yes,urban,single,no,Rejected
50,89619,41572,50,428,12,1,master,No,semiurban,married,yes,Rejected
49,53513,47017,46,782,30,0,bachelor,No,urban,married,no,Approved
25,28749,39305,56,498,26,3,high school,No,urban,married,no,Rejected
36,50783,33094,21,820,5,2,master,No,semiurban,married,no,Approved
55,80645,15685,13,719,26,0,high school,No,rural,married,no,Approved
20,102861,9724,55,525,34,3,master,No,urban,single,no,Rejected
22,73175,6084,35,508,8,1,bachelor,No,urban,single,no,Rejected
30,104216,35810,39,544,5,3,master,No,semiurban,married,no,Rejected
64,82709,17741,33,587,5,1,bachelor,No,semiurban,single,no,Rejected
63,37323,17761,55,365,39,0,high school,No,semiurban,married,no,Rejected
48,70762,14336,43,452,25,4,bachelor,No,semiurban,married,no,Rejected
33,108220,21872,42,790,18,3,high school,No,urban,married,no,Approved
67,84222,14414,30,734,15,4,high school,No,semiurban,married,yes,Rejected
49,54493,5797,32,517,22,2,bachelor,No,rural,married,no,Rejected
39,78328,4307,14,728,10,4,high school,No,urban,married,yes,Rejected
46,144467,47489,17,801,15,2,master,No,semiurban,married,no,Approved
39,32213,33568,43,520,28,0,bachelor,No,rural,married,no,Rejected
60,117367,3596,13,734,37,0,high school,No,semiurban,married,no,Approved
20,127832,18167,35,579,19,3,high school,No,semiurban,married,no,Rejected
27,66930,23308,56,391,20,4,phd,Yes,urban,single,yes,Rejected
59,47713,25215,38,823,27,2,high school,No,rural,married,no,Rejected
38,127157,12795,20,438,32,2,bachelor,No,urban,married,no,Rejected
33,92723,15984,24,322,39,4,high school,No,semiurban,single,no,Rejected
29,118336,13134,25,716,25,0,high school,No,urban,married,no,Approved
19,52583,11782,22,647,9,0,bachelor,No,semiurban,single,yes,Rejected
58,148792,43002,25,536,33,2,master,No,rural,single,no,Rejected
41,133197,22651,27,482,8,3,master,No,semiurban,married,no,Rejected
52,99944,25022,21,807,35,0,bachelor,Yes,urban,married,no,Approved
47,42369,19922,31,497,10,1,bachelor,No,rural,married,no,Rejected
47,67928,15618,27,422,9,2,bachelor,No,semiurban,married,no,Rejected
64,88950,18245,45,845,6,4,bachelor,No,rural,married,no,Approved
52,135844,19260,27,680,37,4,high school,No,semiurban,single,no,Approved
36,39510,11027,25,814,15,2,bachelor,Yes,semiurban,single,no,Rejected
67,142940,14986,39,305,25,2,high school,No,semiurban,married,no,Rejected
25,32120,46168,29,603,31,0,bachelor,No,semiurban,married,no,Rejected
43,119847,4526,37,491,30,2,bachelor,No,semiurban,married,no,Rejected
66,118575,27261,49,675,31,2,phd,No,semiurban,married,yes,Rejected
57,149269,45361,18,824,11,1,bachelor,No,urban,single,no,Approved
24,25295,2622,56,335,26,4,bachelor,Yes,semiurban,married,no,Rejected
47,40460,39286,45,369,21,0,bachelor,No,rural,single,no,Rejected
24,34963,30533,58,588,14,3,bachelor,Yes,semiurban,married,yes,Rejected
20,97116,36425,60,404,7,0,high school,Yes,rural,married,no,Rejected
18,107822,19316,56,612,3,4,high school,Yes,urban,married,no,Approved
53,47328,9699,18,354,7,3,bachelor,No,rural,single,no,Rejected
42,104629,14955,44,406,22,2,master,Yes,rural,married,no,Rejected
54,144034,32543,46,606,15,1,master,No,rural,married,no,Approved
18,41605,36424,50,335,33,1,bachelor,No,semiurban,married,no,Rejected
32,130901,17673,32,432,21,4,high school,No,rural,married,no,Rejected
54,64813,24395,60,324,22,4,master,No,rural,married,no,Rejected
30,66371,39626,39,336,4,1,phd,No,rural,married,no,Rejected
57,128241,24707,43,318,36,3,high school,No,semiurban,married,no,Rejected
25,67598,20213,55,334,6,3,master,Yes,rural,married,no,Rejected
22,80776,11401,27,662,36,0,high school,No,semiurban,married,no,Approved
26,143217,22196,21,717,25,2,phd,No,semiurban,married,no,Approved
18,92258,26976,34,729,27,3,bachelor,Yes,semiurban,married,no,Approved
53,60969,9758,59,817,3,2,high school,Yes,urban,married,no,Approved
52,56912,2473,26,766,31,4,high school,No,semiurban,married,no,Approved
19,58374,14281,54,498,37,3,bachelor,Yes,semiurban,married,no,Rejected
57,92302,49732,17,845,8,3,bachelor,No,rural,single,yes,Rejected
40,82784,33548,44,510,35,3,bachelor,Yes,semiurban,single,no,Rejected
26,69882,19371,50,800,25,0,bachelor,No,semiurban,married,no,Approved
51,35928,29363,23,540,10,4,bachelor,No,semiurban,single,no,Rejected
63,41274,13057,47,469,19,1,master,No,semiurban,married,no,Rejected
31,149994,41441,42,593,37,0,phd,No,semiurban,single,no,Rejected
21,54416,20644,21,614,14,0,high school,No,rural,single,no,Approved
47,106148,29123,45,426,34,3,bachelor,No,semiurban,married,yes,Rejected
48,80998,24874,52,767,8,0,high school,No,semiurban,single,yes,Rejected
55,120434,24123,21,666,32,1,bachelor,Yes,rural,single,no,Approved
28,132696,15281,22,320,10,0,master,No,semiurban,married,no,Rejected
52,49047,4251,25,615,21,0,bachelor,No,urban,married,no,Rejected
25,63356,23289,14,389,5,3,high school,No,urban,married,no,Rejected
20,57134,6054,44,703,36,4,master,No,rural,single,no,Approved
31,87042,35484,18,817,20,1,high school,Yes,semiurban,married,no,Approved
30,71310,42972,15,750,11,3,master,No,urban,married,no,Approved
62,137604,47874,50,449,6,0,high school,No,urban,single,yes,Rejected
49,100758,2310,59,745,1,1,high school,No,semiurban,single,no,Rejected
51,32363,30146,21,379,38,2,high school,No,rural,married,no,Rejected
62,105149,30312,26,316,23,0,master,Yes,urban,married,no,Rejected
36,64563,31981,27,437,25,4,phd,No,semiurban,married,no,Rejected
55,50628,49650,49,807,24,0,bachelor,No,rural,married,no,Approved
33,128162,5257,15,373,19,4,bachelor,No,semiurban,single,no,Rejected
19,130920,16846,15,373,39,2,bachelor,No,semiurban,married,no,Rejected
57,140953,23483,47,349,1,3,bachelor,Yes,semiurban,married,no,Rejected
34,89672,27558,38,309,34,3,phd,Yes,semiurban,single,no,Rejected
51,66246,44188,33,402,32,3,phd,No,rural,single,no,Rejected
59,31161,14012,33,687,16,1,master,No,rural,married,no,Rejected
33,120993,34236,28,684,21,4,bachelor,No,urban,married,no,Approved
55,109110,39673,56,598,0,0,high school,No,semiurban,single,no,Rejected
19,112438,46076,45,638,36,1,high school,No,rural,married,no,Approved
19,22810,49402,43,688,29,1,bachelor,No,semiurban,single,no,Rejected
43,79860,29931,17,773,5,0,high school,Yes,semiurban,single,no,Approved
30,97199,33076,44,441,13,2,high school,No,rural,single,no,Rejected
64,91688,15801,19,469,35,3,bachelor,No,semiurban,married,no,Rejected
48,85548,10628,47,312,32,2,bachelor,No,semiurban,single,no,Rejected
51,82363,9728,16,748,37,2,bachelor,No,urban,married,no,Approved
56,31162,18335,16,473,38,3,high school,No,semiurban,married,no,Rejected
20,107858,44773,58,431,5,2,bachelor,No,semiurban,married,no,Rejected
25,93535,29570,21,839,25,1,bachelor,No,rural,single,no,Approved
40,27219,23459,51,568,23,0,phd,No,semiurban,married,no,Rejected
31,90864,41658,18,550,32,1,high school,Yes,urban,married,no,Rejected
44,23621,8077,23,669,7,1,bachelor,No,semiurban,married,no,Rejected
46,138371,2971,41,825,33,4,high school,No,semiurban,single,yes,Rejected
56,109792,47336,36,805,33,3,high school,No,semiurban,married,no,Approved
70,64433,34959,39,477,23,3,high school,No,urban,married,yes,Rejected
56,139998,46588,54,846,1,1,high school,No,semiurban,single,no,Rejected
18,96850,41533,24,558,7,3,master,No,semiurban,married,no,Rejected
34,146344,44022,58,559,24,4,master,No,semiurban,single,no,Rejected
58,86188,4046,60,434,29,0,high school,No,rural,married,no,Rejected
47,74951,45518,33,760,31,2,bachelor,No,semiurban,married,no,Approved
70,101718,13703,29,788,29,3,high school,No,urban,married,no,Approved
30,127116,9043,38,380,6,1,bachelor,No,semiurban,married,yes,Rejected
38,56558,38676,19,666,23,3,high school,Yes,semiurban,single,no,Approved
36,148938,44395,17,358,8,1,high school,No,rural,married,no,Rejected
70,35659,3804,22,373,15,2,high school,No,urban,single,no,Rejected
36,54413,11176,40,538,1,3,master,No,urban,married,no,Rejected
42,30435,4936,52,428,34,2,high school,No,urban,single,no,Rejected
39,139200,32174,16,711,33,1,bachelor,No,semiurban,married,no,Approved
48,73911,18096,18,614,21,4,high school,No,urban,single,no,Approved
34,48067,24232,33,673,18,4,master,No,urban,single,yes,Rejected
40,107794,43641,58,736,20,0,high school,No,semiurban,married,no,Approved
49,113823,26909,15,437,11,1,high school,No,semiurban,married,no,Rejected
27,89224,45158,43,754,10,1,bachelor,No,urban,married,no,Approved
27,93225,9366,30,308,18,1,phd,No,semiurban,single,no,Rejected
53,21379,20589,56,531,5,4,master,No,semiurban,single,no,Rejected
25,122547,48382,44,696,13,4,bachelor,No,rural,married,no,Approved
69,128541,7506,12,617,32,4,high school,Yes,semiurban,married,no,Approved
37,47624,29842,57,806,37,3,high school,No,semiurban,married,no,Rejected
49,111500,18458,52,821,12,3,master,No,urban,married,yes,Rejected
67,108427,22831,55,386,25,4,master,No,semiurban,single,no,Rejected
31,134634,9783,52,617,13,2,bachelor,No,urban,single,yes,Rejected
67,142507,12170,19,632,23,3,bachelor,No,rural,single,no,Approved
45,148701,15609,43,659,0,3,master,No,semiurban,married,no,Rejected
63,77745,41090,41,540,29,3,bachelor,No,urban,married,no,Rejected
69,71805,45942,57,355,9,3,bachelor,No,semiurban,single,no,Rejected
70,123915,24035,39,409,9,0,high school,No,semiurban,married,no,Rejected
41,140815,17208,52,348,27,3,high school,No,urban,married,no,Rejected
32,32516,36178,43,315,3,2,bachelor,No,urban,married,yes,Rejected
39,99422,14636,36,372,13,0,master,No,urban,married,no,Rejected
47,105843,10039,45,501,11,3,master,No,urban,single,no,Rejected
21,149560,15990,44,392,37,1,bachelor,No,semiurban,married,no,Rejected
30,44843,7441,24,332,36,0,phd,Yes,rural,single,no,Rejected
40,132020,9685,36,718,9,3,high school,No,rural,married,no,Approved
25,25912,14778,53,502,26,2,high school,Yes,rural,married,no,Rejected
35,41514,46959,51,611,11,4,high school,No,semiurban,married,no,Rejected
29,107359,27862,50,768,21,3,phd,No,semiurban,married,no,Approved
48,77032,28273,55,693,3,1,bachelor,Yes,semiurban,married,no,Approved
31,48797,29413,60,510,28,2,master,No,rural,married,no,Rejected
51,26449,43500,55,455,35,0,bachelor,No,semiurban,single,no,Rejected
35,21725,4956,59,621,13,2,high school,Yes,urban,single,no,Rejected
51,101406,7553,21,734,11,3,high school,No,rural,married,yes,Rejected
28,29304,24253,42,339,19,1,master,No,semiurban,married,no,Rejected
58,93058,24915,55,339,22,2,high school,No,semiurban,married,no,Rejected
29,145555,3365,22,752,21,2,phd,No,urban,married,no,Approved
66,33663,7668,36,489,33,4,high school,Yes,urban,married,no,Rejected
32,90320,6000,57,314,20,4,high school,No,urban,single,no,Rejected
48,95008,4675,56,423,8,3,high school,Yes,rural,married,no,Rejected
66,135920,13907,45,579,9,0,master,No,rural,married,no,Rejected
46,114488,18336,31,347,9,0,high school,Yes,urban,married,no,Rejected
43,147418,20684,18,488,29,1,high school,No,semiurban,single,no,Rejected
35,95591,29311,44,603,32,3,high school,No,semiurban,single,no,Approved
49,115044,16136,46,404,1,0,high school,Yes,semiurban,single,no,Rejected
39,32676,44923,40,668,31,2,bachelor,Yes,semiurban,married,no,Rejected
55,45192,13219,23,800,16,3,phd,No,rural,married,no,Rejected
34,44722,4247,16,759,27,2,master,No,urban,single,no,Rejected
40,27446,5415,23,546,16,1,high school,No,rural,married,no,Rejected
41,139304,7472,40,563,13,3,master,No,semiurban,married,no,Rejected
67,24725,23380,46,505,9,1,bachelor,No,urban,married,no,Rejected
25,105597,38616,31,806,33,4,high school,No,rural,single,no,Approved
58,133073,28280,48,829,13,1,bachelor,No,urban,married,no,Approved
23,108207,22859,12,663,16,4,high school,No,semiurban,married,no,Approved
22,77632,34805,27,639,36,3,master,No,urban,single,no,Approved
61,86945,49402,41,706,21,2,bachelor,Yes,rural,married,no,Approved
46,93741,9262,20,752,17,2,high school,Yes,semiurban,married,no,Approved
45,36365,12066,53,449,34,2,bachelor,Yes,semiurban,married,no,Rejected
28,85792,16554,21,492,17,1,bachelor,No,semiurban,married,no,Rejected
18,84857,8008,24,446,29,3,bachelor,No,urban,single,no,Rejected
60,136409,23315,59,705,36,3,high school,Yes,semiurban,married,yes,Rejected
36,35704,16263,31,482,39,4,bachelor,No,rural,single,no,Rejected
26,70575,17238,40,405,5,3,bachelor,No,rural,married,no,Rejected
44,49902,39410,15,535,14,2,master,Yes,semiurban,married,no,Rejected
51,139641,17489,57,478,34,3,phd,No,rural,single,yes,Rejected
61,121294,18153,60,731,25,4,high school,Yes,semiurban,married,no,Approved
21,21195,48299,39,700,26,3,bachelor,No,urban,married,no,Rejected
53,139247,44152,48,824,29,3,master,No,semiurban,single,no,Approved
35,73517,25283,24,839,10,2,high school,No,semiurban,single,no,Approved
32,54012,47429,14,622,23,3,phd,No,semiurban,married,no,Approved
68,31415,12687,48,560,13,1,high school,No,urban,married,no,Rejected
30,59534,23998,59,698,22,4,master,No,semiurban,single,no,Approved
36,41686,29887,30,636,8,4,bachelor,No,semiurban,married,no,Rejected
66,97198,47172,39,599,17,4,bachelor,No,semiurban,single,no,Rejected
23,134514,5355,30,418,38,3,master,No,semiurban,single,no,Rejected
65,48743,34701,28,712,18,1,phd,No,urban,single,yes,Rejected
29,52161,42534,29,683,4,4,phd,No,semiurban,single,yes,Rejected
68,81313,6906,29,779,17,0,bachelor,No,rural,single,no,Approved
54,135994,13572,34,604,32,2,high school,Yes,urban,married,no,Approved
34,128617,13279,51,495,37,0,master,No,semiurban,married,no,Rejected
40,22402,44491,20,632,12,0,bachelor,No,urban,married,no,Rejected
43,83190,11611,40,319,8,4,high school,No,rural,married,yes,Rejected
46,135184,9261,53,732,25,0,phd,No,urban,single,no,Approved
50,72551,5474,40,725,0,0,master,No,urban,married,yes,Rejected
44,33275,26878,13,528,11,1,bachelor,No,semiurban,single,no,Rejected
42,48182,29390,28,823,23,2,bachelor,No,urban,married,yes,Rejected
27,34915,27925,56,516,0,3,phd,No,semiurban,single,no,Rejected
64,20909,17638,42,674,3,4,high school,No,semiurban,single,no,Rejected
40,134110,24471,39,335,6,4,high school,No,semiurban,married,no,Rejected
38,85908,5787,54,327,27,0,bachelor,Yes,semiurban,single,no,Rejected
38,147337,47343,59,671,36,3,master,No,semiurban,single,no,Approved
60,42620,8862,50,385,4,3,bachelor,No,semiurban,single,yes,Rejected
30,54112,44724,41,487,38,3,master,No,urban,married,yes,Rejected
54,94051,11663,46,604,31,4,high school,No,urban,single,no,Approved
50,22431,17120,59,721,30,4,bachelor,No,urban,married,no,Rejected
41,106590,23740,31,379,14,1,high school,Yes,rural,single,no,Rejected
61,82175,37510,27,485,2,4,bachelor,No,semiurban,married,no,Rejected
28,137472,3035,45,304,14,4,bachelor,No,semiurban,married,no,Rejected
34,52624,35735,25,796,17,1,phd,No,semiurban,married,no,Approved
21,96121,2852,37,808,20,4,high school,No,semiurban,single,no,Approved
64,81264,44315,31,301,9,0,high school,No,rural,married,no,Rejected
42,133766,40386,53,516,20,0,high school,No,rural,single,no,Rejected
47,51958,47627,35,836,25,1,high school,No,semiurban,married,no,Approved
26,144095,9303,54,556,2,1,high school,No,semiurban,married,no,Rejected
38,21695,45118,29,752,0,0,master,No,urban,married,no,Rejected
37,120211,1164,54,723,20,3,high school,No,semiurban,single,no,Approved
36,139502,40726,20,623,10,4,master,No,rural,single,no,Approved
36,69932,35905,30,798,15,2,high school,No,semiurban,married,no,Approved
29,119323,11215,31,496,34,2,master,No,semiurban,married,no,Rejected
54,64225,31694,53,803,20,1,high school,Yes,urban,married,no,Approved
59,21403,32253,41,571,10,2,phd,No,rural,married,no,Rejected
34,103346,25230,37,317,30,3,master,No,urban,single,no,Rejected
54,94391,17925,42,406,0,2,bachelor,No,semiurban,married,no,Rejected
65,58636,7033,46,828,31,0,bachelor,No,urban,single,yes,Rejected
56,30839,3665,14,424,2,1,phd,No,semiurban,married,yes,Rejected
45,85546,28025,51,782,31,2,bachelor,No,semiurban,single,no,Approved
58,124634,24533,40,303,4,4,high school,No,semiurban,married,yes,Rejected
52,67829,46897,17,650,36,1,bachelor,Yes,semiurban,married,no,Approved
64,29230,13125,12,650,11,3,master,No,semiurban,single,no,Rejected
65,71977,21998,35,527,13,0,phd,No,semiurban,single,no,Rejected
35,60232,39957,49,315,8,2,bachelor,No,urban,single,no,Rejected
31,133050,24057,45,724,6,0,high school,Yes,urban,single,no,Approved
52,121307,14708,18,763,15,3,master,Yes,urban,married,yes,Rejected
61,114792,19072,22,545,27,2,phd,No,semiurban,married,no,Rejected
58,45651,6095,22,476,6,1,bachelor,Yes,rural,married,yes,Rejected
24,117919,32495,47,842,13,1,high school,No,semiurban,single,no,Approved
58,59963,48177,31,808,31,4,bachelor,No,urban,married,no,Approved
30,75872,41351,27,532,7,3,high school,Yes,rural,married,no,Rejected
35,137776,2637,16,337,26,2,phd,No,semiurban,single,no,Rejected
54,99198,15670,35,790,2,0,master,No,rural,married,no,Rejected
30,33739,39734,41,743,26,0,high school,Yes,urban,single,no,Rejected
53,83294,38438,41,319,29,2,phd,No,semiurban,married,no,Rejected
48,68356,29658,50,410,33,3,phd,No,rural,married,no,Rejected
19,21789,6203,59,786,25,3,high school,No,semiurban,married,no,Rejected
33,39420,22518,58,388,36,0,bachelor,Yes,semiurban,single,no,Rejected
26,109297,9669,48,618,39,2,high school,No,semiurban,married,no,Approved
26,125902,48736,44,417,21,2,high school,No,rural,married,no,Rejected
55,57606,3366,31,733,31,0,bachelor,No,rural,single,no,Approved
28,58640,19910,33,538,1,2,high school,Yes,urban,single,no,Rejected
39,138341,32087,52,371,7,2,master,No,urban,married,no,Rejected
50,64135,1366,32,698,6,1,phd,No,semiurban,married,no,Approved
53,57067,49415,48,703,18,1,high school,No,urban,married,no,Approved
62,78420,10907,38,550,32,4,high school,No,urban,married,no,Rejected
40,37357,40374,49,494,1,4,high school,Yes,rural,married,no,Rejected
62,59851,31289,46,521,2,3,phd,No,semiurban,single,no,Rejected
62,58262,33780,49,481,27,1,master,No,semiurban,single,no,Rejected
51,144745,20623,51,555,13,1,bachelor,Yes,urban,married,no,Rejected
26,96853,36085,17,387,14,1,master,Yes,semiurban,married,no,Rejected
41,78643,21426,43,791,20,1,high school,No,urban,single,yes,Rejected
25,138094,49197,27,635,13,3,high school,No,semiurban,married,no,Approved
24,41534,8485,39,837,39,0,high school,No,semiurban,married,yes,Rejected
53,111270,34024,27,706,17,3,bachelor,No,rural,married,no,Approved
35,121433,26469,38,588,38,0,bachelor,No,semiurban,married,no,Rejected
20,52872,16903,14,661,19,4,high school,No,semiurban,married,no,Approved
45,125737,4212,60,740,0,1,bachelor,No,rural,married,no,Rejected
23,27689,39943,32,329,8,0,bachelor,Yes,semiurban,married,no,Rejected
61,89103,28799,49,847,8,3,high school,No,semiurban,married,no,Approved
61,106268,47339,49,522,37,0,high school,No,semiurban,married,no,Rejected
38,106310,17087,41,423,38,2,high school,No,semiurban,married,no,Rejected
45,108731,8446,33,514,28,4,high school,No,urban,single,no,Rejected
57,135869,30281,30,417,14,4,bachelor,No,urban,married,no,Rejected
18,57412,15877,42,526,19,1,high school,No,urban,married,no,Rejected
53,67734,25723,31,743,37,1,master,No,semiurban,married,no,Approved
38,129634,13943,58,848,29,3,high school,No,semiurban,married,no,Approved
60,107793,11306,30,736,25,0,bachelor,No,urban,single,no,Approved
52,89930,37784,13,311,5,2,phd,Yes,rural,married,no,Rejected
30,121838,21455,51,421,38,4,high school,No,urban,married,no,Rejected
66,42228,25491,50,846,16,0,high school,Yes,rural,single,no,Rejected
27,140627,6912,38,788,5,2,high school,No,urban,married,no,Approved
70,97924,30974,19,550,27,0,high school,No,rural,married,no,Rejected
61,31319,28371,56,781,8,1,bachelor,No,urban,married,no,Rejected
64,26475,34210,38,849,26,4,high school,No,rural,married,no,Rejected
70,117091,36712,26,579,34,2,high school,No,semiurban,married,no,Rejected
27,103694,4936,23,636,5,1,phd,No,urban,married,no,Approved
63,34728,34166,58,467,3,3,master,No,urban,married,yes,Rejected
30,130310,26727,25,627,15,3,high school,No,rural,married,no,Approved
54,49545,49464,18,545,22,1,bachelor,No,urban,single,no,Rejected
55,116636,29368,28,600,22,2,high school,Yes,semiurban,married,no,Rejected
41,142971,3995,37,499,28,2,high school,No,urban,married,no,Rejected
19,101686,40097,48,799,3,4,high school,Yes,urban,married,no,Approved
39,118750,35984,31,312,39,1,master,No,urban,married,no,Rejected
34,118412,45291,21,665,39,3,bachelor,No,semiurban,married,no,Approved
53,81756,27563,30,396,23,1,master,No,semiurban,married,no,Rejected
31,88775,23150,29,370,5,0,high school,Yes,urban,single,no,Rejected
27,58699,23061,41,656,39,2,master,No,semiurban,married,no,Approved
52,56821,30178,41,843,5,0,high school,Yes,semiurban,single,yes,Rejected
42,50615,36336,36,549,13,3,bachelor,Yes,urban,single,no,Rejected
20,33746,1160,35,553,13,2,high school,No,urban,single,no,Rejected
64,106457,16648,21,481,34,3,high school,No,rural,married,no,Rejected
55,42745,41835,13,465,5,3,master,Yes,semiurban,single,no,Rejected
34,21245,37672,49,303,22,3,high school,Yes,rural,married,no,Rejected
29,137408,4573,43,762,19,4,phd,No,urban,married,yes,Rejected
69,132143,35593,46,444,16,3,master,No,semiurban,single,no,Rejected
41,44853,14786,48,464,19,3,high school,No,urban,married,no,Rejected
46,47632,29500,18,643,5,0,phd,No,semiurban,married,no,Rejected
60,32856,10815,18,404,39,0,high school,No,urban,married,no,Rejected
42,76893,22966,38,847,27,0,bachelor,No,semiurban,single,no,Approved
53,90641,14794,21,613,12,2,master,No,rural,single,yes,Rejected
43,121226,32423,44,468,28,4,phd,Yes,semiurban,single,no,Rejected
55,88049,34944,54,819,19,2,high school,No,semiurban,married,no,Approved
18,78182,22302,18,735,16,4,master,No,urban,married,no,Approved
37,22801,22264,17,811,34,4,high school,Yes,semiurban,single,no,Rejected
45,117881,20604,17,708,38,1,master,Yes,semiurban,married,no,Approved
33,99431,28835,24,735,36,1,high school,No,semiurban,single,no,Approved
64,59749,8820,59,614,22,1,high school,No,rural,single,no,Approved
34,93757,2499,24,841,17,4,high school,No,rural,single,yes,Rejected
57,75654,24814,13,362,35,4,bachelor,No,semiurban,married,no,Rejected
45,91574,25089,30,331,19,2,master,No,urban,married,no,Rejected
29,117567,8626,30,510,6,4,high school,No,rural,married,no,Rejected
44,75381,33746,49,762,35,3,bachelor,No,semiurban,married,no,Approved
70,78601,17137,13,379,0,3,bachelor,No,urban,single,no,Rejected
59,35082,22260,37,642,36,4,high school,Yes,urban,married,no,Rejected
64,34648,37476,17,531,34,3,bachelor,No,rural,single,no,Rejected
47,20364,27283,31,428,2,4,high school,No,urban,married,no,Rejected
58,54568,2769,34,318,34,1,bachelor,No,semiurban,single,yes,Rejected
51,99646,43278,26,656,28,4,bachelor,No,urban,married,no,Approved
54,91494,47994,17,718,8,1,high school,No,urban,single,no,Approved
23,94632,16634,39,380,36,0,bachelor,No,semiurban,married,no,Rejected
24,27436,40499,46,417,24,3,master,No,semiurban,married,yes,Rejected
49,106713,11965,22,793,11,0,bachelor,No,semiurban,married,no,Approved
49,46754,28566,19,791,37,3,bachelor,No,semiurban,married,no,Rejected
70,80194,34143,60,524,6,0,bachelor,No,urban,married,no,Rejected
42,44544,49285,35,718,6,4,master,No,semiurban,married,no,Rejected
50,80180,20420,32,436,3,0,bachelor,No,rural,married,no,Rejected
24,83295,26236,60,525,30,3,high school,No,urban,single,no,Rejected
69,32638,7218,47,633,38,2,master,No,urban,married,no,Rejected
29,85715,9495,18,528,9,3,high school,No,semiurban,single,no,Rejected
33,89409,34853,16,622,22,2,high school,No,semiurban,single,no,Approved
33,148479,14073,40,407,25,4,bachelor,Yes,semiurban,married,no,Rejected
60,138648,12371,27,744,22,3,master,No,semiurban,married,yes,Rejected
70,103106,18594,17,306,28,0,high school,No,urban,married,no,Rejected
53,148782,12226,25,427,7,4,high school,No,rural,single,no,Rejected
30,146839,11046,13,652,18,3,high school,No,rural,married,no,Approved
24,133759,44809,36,566,28,4,high school,No,urban,single,yes,Rejected
53,37157,38117,42,513,5,2,master,No,semiurban,married,no,Rejected
64,65565,5965,24,546,28,4,phd,No,semiurban,married,yes,Rejected
68,89996,47260,29,673,23,0,high school,No,semiurban,married,no,Approved
26,133620,14336,28,720,9,3,high school,No,semiurban,single,no,Approved
49,85888,20843,56,340,13,2,master,No,rural,single,no,Rejected
28,76095,18373,39,647,5,4,high school,Yes,semiurban,married,no,Approved
25,84947,46452,23,442,3,1,high school,No,urban,married,no,Rejected
50,107122,7654,46,440,14,2,high school,No,semiurban,married,no,Rejected
40,90880,32280,33,406,36,2,high school,No,semiurban,single,no,Rejected
42,24507,41110,50,332,38,0,high school,No,urban,single,no,Rejected
25,123134,23407,12,499,27,0,high school,No,urban,married,no,Rejected
62,63988,3358,48,418,1,4,bachelor,No,urban,single,no,Rejected
39,118421,27583,32,528,12,1,bachelor,No,rural,married,no,Rejected
21,36865,29706,12,484,1,2,bachelor,Yes,semiurban,married,no,Rejected
57,122591,7360,15,514,31,4,master,No,rural,single,yes,Rejected
20,149614,4743,43,429,4,1,master,Yes,rural,married,no,Rejected
46,47213,8159,12,571,2,4,high school,No,urban,single,no,Rejected
58,75954,33151,24,307,1,2,bachelor,Yes,urban,married,no,Rejected
46,77450,1518,57,702,13,4,master,No,semiurban,single,no,Approved
51,24477,17652,58,668,39,0,master,Yes,semiurban,married,no,Rejected
51,82222,13925,28,836,28,0,high school,No,semiurban,married,yes,Rejected
45,26533,48578,23,352,37,3,bachelor,No,semiurban,married,no,Rejected
30,69395,6475,18,546,5,1,bachelor,Yes,rural,married,no,Rejected
32,145512,37953,14,636,33,2,bachelor,No,rural,single,no,Approved
40,43396,38929,37,580,7,1,high school,No,urban,single,no,Rejected
61,32755,43348,42,332,1,0,high school,No,rural,married,no,Rejected
43,20865,10886,47,847,25,2,master,No,rural,married,no,Rejected
21,31173,12465,37,642,16,3,high school,No,semiurban,married,no,Rejected
43,78905,12221,14,538,23,0,high school,No,semiurban,married,no,Rejected
57,58097,25395,55,791,30,0,phd,No,urban,married,no,Approved
26,53371,3335,39,476,15,1,high school,No,urban,married,no,Rejected
22,124060,37442,55,343,20,4,high school,No,semiurban,married,no,Rejected
49,31254,5576,28,603,37,1,master,No,semiurban,married,no,Rejected
37,24018,48740,49,568,25,0,high school,No,semiurban,single,no,Rejected
67,25192,1500,58,699,16,1,high school,No,semiurban,single,no,Rejected
28,22015,27675,41,730,3,4,bachelor,Yes,semiurban,single,no,Rejected
32,128154,9083,13,720,3,3,high school,No,urban,married,no,Approved
49,88916,42062,19,430,18,2,high school,No,urban,single,no,Rejected
45,48343,16720,25,709,37,0,high school,No,rural,single,no,Rejected
39,89306,6543,48,524,24,1,high school,Yes,urban,single,no,Rejected
58,25829,4276,46,442,7,0,master,No,urban,single,no,Rejected
34,54381,31635,53,839,17,2,phd,Yes,urban,married,no,Approved
43,131451,25180,50,424,17,1,high school,No,semiurban,married,no,Rejected
61,101081,7613,22,511,6,3,high school,Yes,semiurban,married,no,Rejected
24,38263,45497,26,727,16,2,high school,No,semiurban,single,no,Rejected
59,123676,2327,13,736,2,4,high school,No,semiurban,married,no,Rejected
43,73260,41540,48,537,21,4,master,No,urban,single,no,Rejected
42,63306,11666,54,627,14,0,master,No,semiurban,married,no,Approved
27,111211,27255,43,418,30,4,high school,No,semiurban,married,yes,Rejected
62,78418,21130,51,345,35,1,high school,Yes,semiurban,married,no,Rejected
36,110898,23068,24,383,25,4,high school,No,urban,single,no,Rejected
28,20148,19946,54,651,13,3,master,No,semiurban,single,yes,Rejected
30,21754,21547,28,312,16,1,bachelor,No,semiurban,married,no,Rejected
70,46745,20701,26,471,8,0,high school,No,semiurban,single,no,Rejected
25,92914,6769,44,533,6,0,phd,No,semiurban,married,no,Rejected
57,131895,25883,27,480,26,4,phd,No,semiurban,married,no,Rejected
21,75833,14663,24,350,27,4,bachelor,No,semiurban,single,yes,Rejected
64,40140,39686,33,694,11,0,high school,Yes,semiurban,married,no,Rejected
48,94907,38323,34,728,16,1,high school,Yes,rural,married,no,Approved
45,80653,36162,47,573,8,2,high school,No,semiurban,married,no,Rejected
28,112535,23852,54,506,7,0,bachelor,No,semiurban,single,yes,Rejected
60,81521,21388,21,447,26,3,bachelor,No,semiurban,married,no,Rejected
18,98315,34434,28,599,11,1,bachelor,Yes,semiurban,married,no,Rejected
66,51075,23102,41,752,36,2,high school,No,urban,single,no,Approved
64,50697,22536,24,848,19,2,master,No,rural,single,no,Approved
69,143804,13355,41,682,0,1,bachelor,No,rural,married,no,Rejected
55,74544,3234,57,833,8,0,high school,No,rural,married,no,Approved
41,29795,40103,41,532,23,2,master,No,semiurban,single,no,Rejected
64,84555,32147,18,428,33,3,phd,No,urban,single,no,Rejected
48,72204,24659,21,536,35,1,bachelor,No,urban,single,no,Rejected
58,123996,45271,46,784,3,4,high school,No,rural,single,no,Approved
63,89754,40127,13,540,28,0,high school,Yes,urban,single,no,Rejected
67,84860,17560,41,522,22,1,high school,No,semiurban,married,no,Rejected
43,123107,47644,30,398,34,3,master,No,semiurban,single,no,Rejected
66,71529,24088,50,572,15,2,bachelor,Yes,urban,married,no,Rejected
67,31672,3928,48,698,7,0,bachelor,No,urban,married,yes,Rejected
22,74238,41385,14,816,26,0,master,No,rural,married,no,Approved
37,116578,41382,36,729,38,1,phd,No,rural,married,no,Approved
69,55950,29184,45,822,11,1,bachelor,No,urban,married,no,Approved
58,31009,21099,33,647,3,3,master,No,urban,married,no,Rejected
28,67096,5274,49,750,24,4,high school,No,rural,single,yes,Rejected
50,39544,25970,25,341,5,1,high school,Yes,urban,single,no,Rejected
67,75728,26744,50,393,2,1,master,No,urban,married,no,Rejected
55,49381,38739,13,785,38,1,bachelor,No,rural,single,no,Rejected
44,147769,9389,43,816,23,3,high school,No,rural,single,yes,Rejected
51,45287,18352,54,449,20,2,bachelor,No,urban,married,no,Rejected
32,84610,22148,14,798,5,4,master,No,urban,single,no,Approved
49,88122,32828,52,670,32,3,phd,No,urban,single,no,Approved
38,88184,3504,19,784,7,1,bachelor,No,semiurban,single,no,Approved
63,60081,39774,37,682,32,2,high school,No,semiurban,single,no,Approved
22,103637,29743,43,491,2,1,high school,No,urban,single,no,Rejected
23,65312,29894,22,520,1,3,bachelor,Yes,rural,married,no,Rejected
55,107228,31995,12,346,37,0,bachelor,Yes,semiurban,single,yes,Rejected
39,92943,41711,26,426,39,1,high school,No,rural,single,no,Rejected
35,102790,18748,15,306,38,2,high school,No,urban,married,no,Rejected
31,100770,24100,15,415,38,4,bachelor,No,rural,single,no,Rejected
27,72726,34691,39,665,23,0,bachelor,No,rural,married,no,Approved
63,42211,23981,21,345,20,1,bachelor,No,urban,married,no,Rejected
30,49480,33708,22,692,17,1,phd,No,urban,married,no,Rejected
48,67780,11246,34,322,34,2,bachelor,Yes,urban,married,no,Rejected
47,77138,46243,58,430,10,0,high school,No,semiurban,married,no,Rejected
20,110382,33486,14,426,10,0,master,No,urban,married,no,Rejected
47,62503,31340,50,744,2,0,high school,No,urban,single,no,Rejected
23,77893,20338,50,608,22,1,high school,No,urban,single,yes,Rejected
46,66193,4086,28,732,0,0,bachelor,No,rural,married,no,Rejected
25,134002,26535,33,772,22,1,high school,No,semiurban,married,no,Approved
61,147543,15860,38,347,21,1,high school,No,urban,married,no,Rejected
62,81358,18013,27,381,29,0,bachelor,No,urban,married,no,Rejected
60,100857,8407,27,408,1,3,phd,Yes,semiurban,married,yes,Rejected
61,98182,34542,51,562,16,4,bachelor,No,semiurban,married,no,Rejected
50,140457,25935,14,330,19,4,high school,No,semiurban,married,no,Rejected
34,42117,42477,58,657,8,3,high school,No,semiurban,married,no,Rejected
65,148333,35111,44,779,10,0,high school,Yes,semiurban,married,no,Approved
28,79056,11161,53,488,16,1,high school,No,semiurban,single,no,Rejected
30,137928,24581,13,304,13,2,bachelor,No,urban,married,no,Rejected
67,78706,33277,50,585,17,3,bachelor,No,rural,single,no,Rejected
28,90429,22400,57,693,17,4,bachelor,No,semiurban,married,no,Approved
48,29476,12419,59,754,7,4,master,No,rural,married,no,Rejected
45,102806,41565,38,725,28,1,bachelor,No,urban,married,no,Approved
61,75006,20283,26,326,7,4,bachelor,No,rural,single,no,Rejected
23,107238,1934,18,426,25,4,high school,No,semiurban,married,no,Rejected
58,136946,35754,56,434,27,1,master,No,urban,married,no,Rejected
33,89918,22380,53,834,7,0,phd,Yes,semiurban,single,no,Approved
21,83155,15016,20,630,19,4,phd,No,semiurban,single,no,Approved
52,87321,39233,52,691,7,0,phd,Yes,urban,married,no,Approved
65,65798,23695,17,307,13,2,phd,No,semiurban,married,no,Rejected
43,97271,25952,23,560,12,0,master,No,rural,single,no,Rejected
29,50177,43734,41,498,39,1,bachelor,Yes,urban,single,no,Rejected
28,116248,16721,31,685,16,1,high school,No,rural,married,no,Approved
54,148022,2505,31,771,25,1,master,No,semiurban,married,no,Approved
42,142415,6363,57,478,5,4,master,No,semiurban,married,yes,Rejected
35,102215,49708,38,749,16,3,master,No,rural,married,no,Approved
36,63013,44614,31,539,3,4,bachelor,No,semiurban,married,no,Rejected
40,120901,2010,18,823,24,0,master,No,semiurban,married,no,Approved
55,102600,48692,51,482,6,2,master,No,semiurban,married,no,Rejected
35,116099,47250,51,657,16,2,high school,No,urban,married,no,Approved
43,139578,20861,41,675,21,2,high school,No,semiurban,married,yes,Rejected
23,73450,25125,19,837,27,2,master,No,semiurban,married,no,Approved
21,118628,10369,13,381,5,3,bachelor,No,semiurban,married,no,Rejected
61,67928,4857,25,657,29,2,high school,No,rural,single,no,Approved
68,142640,27671,21,484,9,4,bachelor,No,semiurban,married,no,Rejected
46,112403,10864,29,587,38,2,high school,No,urban,married,no,Rejected
51,65382,33490,29,361,13,1,master,No,rural,married,no,Rejected
34,119290,11120,27,806,21,0,high school,No,semiurban,single,no,Approved
60,105038,21223,16,761,25,4,high school,No,semiurban,single,no,Approved
60,20760,33150,42,329,9,3,bachelor,No,urban,single,no,Rejected
70,44142,45138,48,330,1,4,master,Yes,semiurban,single,no,Rejected
33,130189,3553,31,592,2,1,master,No,rural,married,no,Rejected
19,127532,16489,34,472,10,2,high school,No,semiurban,single,no,Rejected
51,37290,5389,43,427,9,2,master,No,semiurban,married,no,Rejected
25,91035,22950,53,385,11,3,bachelor,No,urban,single,no,Rejected
30,20364,12089,28,614,13,0,high school,No,urban,married,no,Rejected
59,76921,42999,24,327,29,2,bachelor,No,urban,married,no,Rejected
25,39797,4051,60,421,12,3,master,No,semiurban,married,yes,Rejected
47,126331,39090,24,550,29,2,bachelor,No,urban,married,no,Rejected
49,52535,29805,28,702,37,4,phd,No,semiurban,married,no,Approved
53,66300,30442,26,742,10,3,bachelor,No,urban,married,no,Approved
64,67176,45557,37,571,0,3,bachelor,No,rural,married,no,Rejected
47,36105,3555,55,412,26,3,high school,No,semiurban,married,no,Rejected
18,27939,13767,39,693,38,2,master,No,semiurban,married,no,Rejected
60,99472,1458,53,318,36,3,bachelor,No,urban,married,no,Rejected
56,62029,49469,56,764,8,4,bachelor,Yes,semiurban,married,no,Approved
34,35863,17066,41,490,25,0,master,No,semiurban,single,yes,Rejected
37,98097,5721,54,792,24,0,bachelor,No,semiurban,married,no,Approved
41,30447,13446,46,462,16,1,master,No,urban,married,yes,Rejected
67,116160,7304,33,594,5,4,bachelor,No,semiurban,single,no,Rejected
39,66940,47333,21,372,14,4,bachelor,No,semiurban,married,no,Rejected
46,130182,43967,22,608,2,3,high school,No,semiurban,married,no,Rejected
39,97947,35688,49,601,30,1,bachelor,No,semiurban,single,no,Approved
61,105001,14227,44,607,27,4,bachelor,No,semiurban,married,no,Approved
26,123752,41462,17,423,8,4,bachelor,No,urban,married,no,Rejected
54,39642,7298,48,560,17,4,bachelor,Yes,urban,single,no,Rejected
27,116798,40397,18,494,39,2,high school,No,semiurban,married,no,Rejected
53,115899,46487,55,650,31,4,high school,No,rural,single,no,Approved
54,87643,38914,23,788,18,2,master,No,rural,married,no,Approved
45,27928,11306,18,499,4,4,bachelor,No,semiurban,married,no,Rejected
45,68002,3589,13,807,5,0,high school,No,urban,single,no,Approved
59,104853,38078,12,745,11,2,bachelor,No,semiurban,married,no,Approved
60,134614,36009,34,379,16,2,high school,No,urban,married,no,Rejected
38,137517,14601,36,768,38,3,high school,Yes,semiurban,married,no,Approved
41,45017,8711,29,741,6,4,high school,No,semiurban,married,no,Rejected
59,99064,22364,55,571,10,1,high school,No,semiurban,married,no,Rejected
57,139694,34706,18,642,33,1,high school,No,semiurban,single,yes,Rejected
19,33313,30610,14,423,1,1,bachelor,No,rural,single,no,Rejected
25,21559,38069,40,522,13,1,bachelor,No,semiurban,married,no,Rejected
65,70893,4970,21,789,17,0,master,No,semiurban,married,no,Approved
44,35167,4999,54,596,8,1,bachelor,No,semiurban,married,no,Rejected
39,100879,22034,16,418,38,3,high school,No,urban,single,no,Rejected
54,58598,37176,45,375,3,1,bachelor,No,semiurban,single,no,Rejected
44,27523,47575,19,557,13,3,bachelor,Yes,urban,married,yes,Rejected
46,69777,42730,25,831,10,2,phd,No,semiurban,married,no,Approved
20,48439,17632,51,650,29,4,phd,Yes,semiurban,single,no,Rejected
61,136378,14385,17,576,39,1,master,No,semiurban,married,no,Rejected
30,101060,6950,12,554,26,3,bachelor,No,semiurban,single,no,Rejected
62,33285,36694,44,563,28,3,phd,No,semiurban,married,no,Rejected
27,30973,8975,51,328,31,4,high school,No,rural,single,no,Rejected
53,142970,22314,22,766,29,2,bachelor,No,semiurban,single,no,Approved
26,42694,24398,35,334,25,1,bachelor,No,semiurban,married,no,Rejected
44,55774,26277,21,593,29,3,high school,No,semiurban,single,no,Rejected
51,24302,27761,55,502,9,1,high school,No,semiurban,married,no,Rejected
68,135776,32533,34,367,11,0,bachelor,No,rural,married,yes,Rejected
18,42391,7966,27,430,32,3,high school,No,semiurban,single,no,Rejected
49,24611,42901,48,410,33,2,high school,No,semiurban,married,no,Rejected
42,29372,7587,27,823,17,4,high school,No,urban,married,no,Rejected
46,44312,23880,55,587,38,3,master,Yes,semiurban,married,no,Rejected
24,34080,6091,42,342,15,0,high school,No,urban,married,no,Rejected
66,100618,42753,17,593,3,4,master,No,semiurban,single,no,Rejected
20,132945,32130,41,584,9,2,master,No,urban,married,no,Rejected
37,128397,18061,48,318,27,1,bachelor,No,semiurban,married,no,Rejected
37,116213,23293,12,806,17,1,high school,Yes,semiurban,married,no,Approved
70,40874,2561,53,846,8,3,high school,Yes,rural,married,no,Rejected
47,82537,42412,36,347,21,4,bachelor,No,rural,married,no,Rejected
52,93914,48553,57,518,9,0,master,No,semiurban,married,no,Rejected
52,21597,4656,32,487,39,0,high school,No,urban,married,no,Rejected
66,31600,22618,46,330,22,2,master,No,urban,married,no,Rejected
56,23747,21530,49,558,12,4,bachelor,No,semiurban,single,no,Rejected
44,99415,22872,16,643,23,4,master,No,semiurban,married,no,Approved
43,137358,29330,60,607,12,1,high school,No,urban,married,no,Approved
31,98553,17139,23,370,24,2,master,No,semiurban,single,no,Rejected
34,44815,33977,16,606,28,2,master,No,rural,single,yes,Rejected
35,104500,5983,20,398,15,2,high school,No,semiurban,married,no,Rejected
62,114348,40909,55,320,39,4,high school,Yes,semiurban,married,no,Rejected
69,125736,43886,20,305,5,1,high school,No,semiurban,married,no,Rejected
46,44714,22329,46,530,7,2,master,No,rural,married,yes,Rejected
37,38890,37734,12,381,33,1,bachelor,No,semiurban,married,no,Rejected
70,81509,43837,58,516,17,2,high school,No,semiurban,single,yes,Rejected
44,81824,9818,21,634,31,4,high school,No,semiurban,single,yes,Rejected
35,24725,11918,57,758,9,1,high school,No,semiurban,single,no,Rejected
21,63205,43418,50,386,33,3,high school,No,semiurban,married,no,Rejected
18,40684,2250,47,814,22,2,high school,No,rural,married,no,Rejected
67,111861,5758,48,812,18,4,high school,Yes,rural,married,no,Approved
18,77911,38131,59,777,19,1,high school,Yes,urban,single,yes,Rejected
43,118078,3163,46,797,33,0,bachelor,Yes,semiurban,married,no,Approved
62,131573,43583,28,748,37,4,bachelor,Yes,rural,married,no,Approved
37,33092,35621,24,559,16,4,high school,No,semiurban,married,no,Rejected
69,115918,18137,17,836,4,0,high school,No,semiurban,married,no,Approved
40,59770,33103,48,499,1,0,master,No,rural,married,no,Rejected
27,45457,22832,59,762,33,3,high school,No,rural,married,no,Rejected
28,91667,2868,43,393,19,3,high school,No,urban,married,no,Rejected
58,131565,49336,22,651,1,3,high school,No,urban,married,no,Rejected
58,110751,42862,28,407,27,4,bachelor,No,rural,married,yes,Rejected
22,82894,20728,16,654,17,4,high school,No,semiurban,married,yes,Rejected
18,81305,39006,17,768,38,4,phd,No,semiurban,married,no,Approved
34,32612,29029,21,394,34,3,high school,No,rural,married,no,Rejected
39,122841,40857,44,390,14,1,high school,No,rural,married,no,Rejected
51,98627,29183,41,343,38,4,master,No,semiurban,single,no,Rejected
62,120639,23785,32,755,39,4,high school,No,urban,married,no,Approved
58,57089,19940,53,683,38,4,high school,No,semiurban,married,no,Approved
46,115295,6280,28,322,2,3,bachelor,No,urban,single,no,Rejected
21,131558,38012,38,322,18,2,high school,No,urban,single,no,Rejected
22,72137,3164,14,533,22,3,master,No,semiurban,married,yes,Rejected
28,20559,28188,40,610,18,2,bachelor,No,rural,married,no,Rejected
68,86249,48917,13,716,17,3,high school,No,rural,married,no,Approved
38,57361,15088,40,632,29,1,high school,No,rural,married,no,Approved
52,100720,19405,60,402,38,1,high school,No,urban,married,no,Rejected
29,35261,3821,47,799,18,4,master,No,semiurban,married,no,Rejected
43,40372,23516,45,782,4,3,bachelor,No,urban,single,no,Rejected
68,75355,11473,48,488,12,2,phd,No,rural,married,no,Rejected
36,117676,47454,53,759,33,2,bachelor,No,semiurban,married,no,Approved
62,118560,43530,12,488,23,1,master,No,rural,married,no,Rejected
24,77920,39737,37,650,17,4,high school,No,urban,married,no,Approved
64,132878,13178,12,413,3,2,high school,Yes,semiurban,single,no,Rejected
24,52544,39936,15,403,35,3,phd,Yes,urban,single,no,Rejected
43,20037,28018,50,807,7,4,high school,Yes,urban,married,no,Rejected
57,63032,18097,25,644,0,3,master,Yes,urban,married,no,Rejected
22,98233,15096,57,320,37,3,high school,No,semiurban,single,no,Rejected
38,61420,40971,29,686,35,1,high school,No,semiurban,married,no,Approved
31,134234,4545,45,508,37,3,master,No,semiurban,single,no,Rejected
21,117243,25798,12,782,12,0,master,No,semiurban,married,no,Approved
40,111552,1863,33,772,21,4,master,No,urban,single,no,Approved
59,149380,17148,27,692,28,0,master,No,semiurban,married,no,Approved
37,147358,22009,33,815,8,3,bachelor,No,semiurban,single,no,Approved
32,54600,18809,27,487,26,3,bachelor,No,rural,single,no,Rejected
67,68285,19688,39,645,3,1,master,No,urban,married,no,Approved
69,82008,1653,39,651,39,1,bachelor,No,urban,married,no,Approved
62,109520,9129,33,840,16,1,phd,No,urban,married,no,Approved
46,25167,27418,17,346,36,1,high school,No,semiurban,married,no,Rejected
25,146279,24118,36,376,2,2,high school,No,urban,married,no,Rejected
58,20432,1443,53,642,3,1,bachelor,No,urban,single,no,Rejected
65,89687,28041,13,490,39,3,high school,No,rural,married,no,Rejected
36,133216,24843,18,842,15,3,high school,Yes,semiurban,single,no,Approved
65,91947,22053,28,335,10,4,bachelor,No,semiurban,married,no,Rejected
56,116324,31848,46,723,26,0,phd,No,semiurban,married,no,Approved
63,70903,38874,31,650,25,2,high school,No,semiurban,single,no,Approved
45,112159,38204,55,487,30,2,high school,Yes,semiurban,single,no,Rejected
63,74149,43240,13,826,33,4,master,No,semiurban,married,no,Approved
44,107640,36807,18,633,7,4,master,No,urban,married,no,Approved
21,76768,29213,43,782,38,1,high school,Yes,semiurban,single,yes,Rejected
32,80184,9291,60,515,0,4,master,No,rural,single,no,Rejected
52,85792,44046,30,457,1,2,bachelor,No,semiurban,married,no,Rejected
54,53439,17285,23,540,26,0,phd,No,semiurban,single,no,Rejected
18,53257,27886,20,595,2,0,master,Yes,rural,married,no,Rejected
20,125193,14944,38,761,33,2,bachelor,No,rural,married,no,Approved
64,64674,36505,25,344,15,1,master,No,urban,single,no,Rejected
41,71248,24340,13,794,0,0,phd,Yes,urban,single,no,Rejected
44,103602,31025,32,474,6,0,bachelor,No,rural,married,no,Rejected
57,65371,2607,15,645,34,1,high school,No,semiurban,married,no,Approved
53,118282,3953,32,355,21,0,bachelor,No,semiurban,married,no,Rejected
51,87996,45941,59,640,31,3,bachelor,Yes,semiurban,single,no,Approved
46,57297,6933,33,407,25,2,master,Yes,semiurban,married,no,Rejected
41,74273,12386,60,513,5,0,bachelor,Yes,rural,single,no,Rejected
41,81256,48989,13,798,10,0,high school,No,urban,single,no,Approved
59,54743,5682,28,696,30,1,master,Yes,semiurban,married,no,Approved
21,88752,48621,30,849,20,0,phd,No,rural,married,no,Approved
20,99803,45052,51,796,21,1,master,Yes,semiurban,married,no,Approved
51,95117,12154,35,472,0,2,bachelor,No,urban,single,no,Rejected
66,90051,10047,31,404,20,3,high school,No,semiurban,married,no,Rejected
40,42076,23993,49,778,19,4,bachelor,No,urban,married,no,Rejected
70,130352,11338,23,698,8,2,high school,No,rural,single,no,Approved
69,95312,15323,36,733,26,0,bachelor,No,semiurban,single,no,Approved
40,139627,38693,34,493,28,3,master,No,rural,single,yes,Rejected
62,107483,24634,45,765,32,4,high school,No,semiurban,married,no,Approved
22,22963,27292,43,640,0,4,bachelor,No,semiurban,single,yes,Rejected
48,139217,39551,35,358,2,0,high school,No,rural,married,no,Rejected
70,92322,46111,53,837,31,4,master,Yes,semiurban,married,no,Approved
58,33866,10917,36,777,19,4,high school,Yes,urban,married,no,Rejected
23,124504,11145,14,402,16,2,bachelor,No,rural,single,no,Rejected
54,52305,30717,36,832,36,2,high school,No,semiurban,married,no,Approved
27,82403,40491,39,621,37,4,bachelor,No,urban,married,yes,Rejected
57,102896,17905,23,848,9,1,master,Yes,semiurban,married,no,Approved
24,125649,31273,37,313,28,0,high school,Yes,semiurban,married,no,Rejected
56,146244,27234,59,755,31,1,bachelor,No,semiurban,married,no,Approved
55,52813,14349,55,520,12,1,master,Yes,semiurban,single,no,Rejected
38,86729,2002,19,690,30,4,bachelor,No,urban,married,no,Approved
37,80686,40034,16,472,3,0,high school,No,rural,married,no,Rejected
20,24512,33573,22,380,17,1,bachelor,Yes,urban,married,yes,Rejected
68,139631,28803,53,635,10,2,high school,No,semiurban,married,no,Approved
39,42666,12330,46,524,17,2,master,No,urban,married,no,Rejected
64,36630,27504,38,334,36,0,high school,Yes,rural,married,no,Rejected
21,137907,15980,52,487,32,1,high school,No,urban,single,no,Rejected
45,147205,8017,55,523,36,3,high school,No,semiurban,single,no,Rejected
29,94519,42353,49,793,2,3,phd,Yes,urban,married,no,Rejected
55,20636,17011,30,610,0,0,master,No,semiurban,married,no,Rejected
68,23775,19001,59,820,18,0,phd,No,urban,married,no,Rejected
53,87957,18044,43,839,5,3,bachelor,No,semiurban,single,no,Approved
64,84591,39292,57,668,9,1,master,No,semiurban,single,no,Approved
58,98561,6250,39,774,36,1,bachelor,Yes,urban,married,no,Approved
22,94816,41280,47,330,11,4,bachelor,No,semiurban,married,yes,Rejected
30,122487,24289,29,531,16,0,master,Yes,semiurban,single,no,Rejected
40,31351,34087,21,796,26,1,master,No,semiurban,married,no,Rejected
67,135400,11416,43,474,1,3,master,Yes,semiurban,married,no,Rejected
47,140533,26159,29,597,24,3,master,No,rural,married,yes,Rejected
54,123627,37368,23,664,27,2,phd,No,rural,single,no,Approved
42,75184,6279,19,385,36,1,bachelor,Yes,rural,married,no,Rejected
65,148381,26157,44,388,36,4,high school,Yes,urban,married,no,Rejected
44,131192,16494,57,353,16,4,bachelor,No,urban,married,no,Rejected
68,115707,46166,49,660,4,0,high school,No,rural,married,no,Approved
31,89180,26574,25,775,18,2,phd,No,urban,single,no,Approved
65,101678,26333,13,528,3,3,phd,No,semiurban,single,no,Rejected
64,93309,34050,20,833,38,3,bachelor,No,semiurban,married,no,Approved
53,114002,33263,55,672,37,0,master,No,rural,married,no,Approved
56,30778,33539,16,768,29,4,high school,No,urban,married,no,Rejected
33,32501,15030,45,719,31,4,master,No,semiurban,single,no,Rejected
39,132713,23721,30,831,36,3,phd,No,semiurban,married,yes,Rejected
38,22108,49070,18,699,26,0,high school,No,semiurban,married,no,Rejected
38,114905,6166,50,483,31,1,high school,No,semiurban,married,no,Rejected
25,56382,8121,53,389,10,2,high school,No,urban,married,no,Rejected
66,111354,15677,28,682,12,4,master,No,semiurban,single,no,Approved
33,95787,32241,37,668,34,4,high school,Yes,semiurban,married,no,Approved
48,43341,17373,57,373,16,4,high school,No,semiurban,married,no,Rejected
59,97214,22873,38,568,29,1,high school,No,semiurban,single,no,Rejected
27,34367,38664,54,314,17,1,bachelor,No,rural,single,no,Rejected
49,139967,2293,39,628,36,2,phd,No,semiurban,single,no,Approved
51,115208,23443,31,691,29,4,master,No,semiurban,married,no,Approved
26,89868,40725,17,733,25,3,bachelor,Yes,rural,married,no,Approved
34,32002,19595,19,643,15,4,high school,Yes,semiurban,married,no,Rejected
28,148180,10740,43,494,10,2,bachelor,No,semiurban,married,yes,Rejected
49,105820,13559,30,335,3,2,high school,No,urban,single,no,Rejected
27,79949,43741,43,504,14,3,high school,No,semiurban,married,no,Rejected
39,35700,40044,30,356,11,1,high school,No,urban,married,no,Rejected
34,99305,22747,35,409,26,3,high school,Yes,semiurban,married,no,Rejected
21,82543,41920,35,795,3,2,high school,No,urban,married,yes,Rejected
65,49318,8973,28,524,34,3,bachelor,Yes,semiurban,single,no,Rejected
69,109859,16333,29,685,20,4,high school,No,semiurban,married,yes,Rejected
64,47610,31129,23,363,35,2,bachelor,No,semiurban,single,no,Rejected
42,92499,1037,52,651,1,1,master,No,rural,married,no,Rejected
38,139256,39758,34,762,38,1,bachelor,No,semiurban,married,no,Approved
54,93374,33311,59,619,27,3,master,No,urban,married,no,Approved
55,85226,39206,29,656,33,3,phd,Yes,semiurban,single,no,Approved
66,65167,49503,27,392,32,3,high school,Yes,semiurban,single,no,Rejected
18,97779,29207,27,599,7,4,bachelor,No,semiurban,single,no,Rejected
42,47939,44624,47,793,7,1,high school,No,semiurban,married,yes,Rejected
68,81365,34241,34,688,21,2,bachelor,No,urban,married,no,Approved
53,87381,1058,33,733,26,2,high school,No,urban,married,no,Approved
34,66710,3636,50,401,27,1,high school,No,rural,married,no,Rejected
58,36766,31635,44,677,10,3,master,Yes,urban,single,no,Rejected
41,122416,15834,35,637,26,0,high school,No,rural,married,yes,Rejected
19,32780,16577,31,791,0,3,bachelor,No,semiurban,married,no,Rejected
57,68458,28190,44,359,38,1,master,No,rural,married,yes,Rejected
32,76221,8296,42,808,27,4,phd,No,urban,married,no,Approved
49,138498,22383,51,691,26,3,bachelor,No,semiurban,married,no,Approved
56,128392,46438,19,418,7,2,high school,No,urban,married,no,Rejected
23,21509,25660,21,770,23,4,bachelor,No,rural,married,no,Rejected
18,109493,43493,12,627,39,1,bachelor,No,semiurban,married,no,Approved
64,130708,3674,32,320,35,0,phd,No,semiurban,single,no,Rejected
40,54346,49564,36,396,23,3,bachelor,No,rural,single,no,Rejected
56,102799,44833,43,812,21,4,bachelor,No,urban,single,no,Approved
34,136850,23820,57,649,9,4,bachelor,No,urban,married,no,Approved
51,66874,20504,57,431,3,2,bachelor,No,semiurban,married,no,Rejected
58,46148,26666,21,845,7,3,bachelor,No,semiurban,married,no,Rejected
46,51533,44794,59,331,38,0,master,Yes,semiurban,single,yes,Rejected
26,128144,3076,20,558,14,4,high school,No,semiurban,single,no,Rejected
30,142402,38555,31,775,7,2,bachelor,No,urban,married,no,Approved
23,98467,33406,59,332,28,3,high school,No,semiurban,married,no,Rejected
23,21359,41262,31,687,38,3,master,No,urban,married,no,Rejected
37,139119,26784,51,755,34,0,phd,No,urban,married,no,Approved
69,110068,22125,18,443,13,2,master,No,semiurban,married,no,Rejected
70,80313,24216,22,523,31,0,master,No,semiurban,single,no,Rejected
20,40344,3581,32,516,6,4,phd,No,semiurban,married,no,Rejected
34,138499,16600,49,455,32,1,high school,No,semiurban,married,no,Rejected
66,89778,31284,58,819,34,1,high school,No,rural,married,no,Approved
29,40601,21171,30,335,26,0,bachelor,No,semiurban,single,no,Rejected
65,134768,26091,57,308,0,0,high school,No,urban,single,no,Rejected
64,39116,15333,26,339,5,1,phd,No,semiurban,single,no,Rejected
62,76985,31535,17,768,1,4,high school,No,rural,married,no,Rejected
18,121013,24487,21,478,6,0,bachelor,Yes,urban,married,no,Rejected
34,137110,11404,57,800,7,4,high school,No,rural,single,no,Approved
20,138329,44934,27,672,28,4,high school,No,semiurban,single,yes,Rejected
43,50782,34700,56,367,15,2,high school,No,semiurban,married,yes,Rejected
32,131095,19047,22,723,28,4,high school,No,semiurban,single,no,Approved
53,69819,42516,46,814,30,3,high school,No,urban,married,no,Approved
49,104416,16577,19,663,21,1,phd,No,rural,single,no,Approved
49,89035,25298,39,750,9,1,high school,No,rural,single,no,Approved
21,117123,16015,14,815,3,0,high school,No,rural,married,no,Approved
35,64458,26568,13,628,24,0,master,Yes,urban,married,yes,Rejected
66,111556,49876,25,669,12,2,bachelor,No,semiurban,married,no,Approved
36,144225,27204,40,686,16,2,master,No,semiurban,married,no,Approved
60,28080,32748,58,846,39,3,master,No,semiurban,married,yes,Rejected
69,108743,27267,14,413,7,0,phd,Yes,semiurban,married,no,Rejected
52,53957,22236,12,337,22,1,master,No,rural,single,no,Rejected
57,33908,33615,26,844,6,3,high school,No,semiurban,married,no,Rejected
31,116188,2104,31,676,31,0,bachelor,No,semiurban,single,no,Approved
50,115880,18654,33,698,23,3,bachelor,No,semiurban,single,no,Approved
31,141292,46704,45,502,0,4,bachelor,No,semiurban,married,no,Rejected
51,110570,43369,44,501,35,4,high school,No,urban,married,no,Rejected
21,111324,4646,20,399,26,3,high school,Yes,semiurban,married,no,Rejected
41,98287,22471,14,697,5,0,master,No,semiurban,single,no,Approved
46,143791,26906,13,749,30,4,high school,No,semiurban,married,no,Approved
36,67482,22107,15,417,11,4,high school,No,urban,married,no,Rejected
23,119329,48728,27,720,25,3,high school,No,rural,married,no,Approved
50,142473,15878,44,542,24,4,master,No,rural,single,no,Rejected
66,145291,10145,20,840,3,1,master,No,rural,married,no,Approved
57,118375,24042,51,526,5,4,bachelor,No,semiurban,married,no,Rejected
36,58314,19226,49,800,12,3,master,Yes,semiurban,married,no,Approved
70,120989,3802,29,512,24,4,high school,No,semiurban,married,no,Rejected
18,94921,25119,27,412,30,4,bachelor,Yes,rural,married,no,Rejected
22,142060,28185,19,672,21,2,high school,No,semiurban,married,no,Approved
44,103768,7105,34,598,34,3,bachelor,No,urban,married,no,Rejected
33,128880,3749,47,318,20,3,phd,No,semiurban,married,no,Rejected
23,120326,43949,14,310,14,2,high school,No,urban,married,no,Rejected
57,35831,35129,26,307,2,2,bachelor,No,semiurban,married,no,Rejected
30,141026,25512,49,452,36,1,master,Yes,semiurban,married,no,Rejected
65,40125,37541,44,849,25,4,master,No,semiurban,single,no,Rejected
52,82451,14495,29,434,16,0,high school,No,semiurban,married,no,Rejected
36,65708,3064,34,672,37,0,high school,No,rural,married,no,Approved
29,37682,31078,54,760,34,2,high school,No,semiurban,married,yes,Rejected
33,122406,31011,14,534,7,3,high school,No,semiurban,single,no,Rejected
60,102824,6616,41,554,10,3,master,No,urban,married,no,Rejected
27,55794,8975,56,627,23,1,bachelor,No,urban,single,no,Approved
42,79372,11960,28,661,7,0,master,No,urban,married,no,Approved
37,59477,28992,43,673,29,3,high school,No,urban,married,no,Approved
48,73863,22387,57,508,0,1,high school,No,semiurban,single,no,Rejected
21,109941,16324,18,566,33,1,master,No,urban,married,no,Rejected
61,58737,7243,50,805,19,2,bachelor,No,semiurban,married,yes,Rejected
40,22620,33628,25,720,35,0,high school,No,urban,single,no,Rejected
19,120950,10560,26,607,33,1,phd,No,semiurban,married,no,Approved
39,123169,48452,55,436,33,1,high school,No,urban,married,no,Rejected
68,142033,42098,23,718,12,1,bachelor,No,urban,married,no,Approved
54,55057,5923,19,494,5,0,high school,No,semiurban,married,no,Rejected
25,60138,40235,27,394,35,2,bachelor,Yes,semiurban,married,no,Rejected
24,99390,22325,52,789,24,4,phd,Yes,urban,married,no,Approved
31,73024,28949,45,557,26,3,master,No,urban,married,no,Rejected
20,29677,23821,57,324,30,0,high school,Yes,urban,married,no,Rejected
67,64111,7076,35,531,2,0,master,No,semiurban,married,no,Rejected
33,44074,23032,40,631,27,0,high school,Yes,semiurban,married,no,Rejected
36,37824,9001,27,520,3,4,master,No,semiurban,single,no,Rejected
68,20765,16303,16,596,16,3,master,No,semiurban,single,no,Rejected
35,65439,17457,16,502,37,3,high school,No,semiurban,married,no,Rejected
69,145318,42443,41,642,33,1,phd,No,semiurban,married,no,Approved
33,117151,13303,16,504,19,1,bachelor,No,semiurban,married,no,Rejected
25,68926,16128,54,376,12,2,high school,No,semiurban,single,no,Rejected
50,56860,19280,24,849,4,0,high school,Yes,semiurban,married,no,Approved
66,32975,40427,46,341,23,2,phd,No,semiurban,married,no,Rejected
29,94877,32644,60,754,37,0,master,No,urban,married,no,Approved
70,113677,39014,36,481,16,3,high school,No,semiurban,married,no,Rejected
28,97870,7967,25,494,30,2,high school,No,urban,married,no,Rejected
22,134381,7661,55,687,27,3,high school,Yes,semiurban,married,no,Approved
44,101371,13416,57,440,0,1,high school,No,semiurban,married,no,Rejected
29,46548,1510,37,326,1,3,high school,Yes,semiurban,single,no,Rejected
34,120970,42382,29,614,32,4,bachelor,No,semiurban,single,no,Approved
23,110575,36200,31,620,39,2,high school,No,semiurban,married,no,Approved
50,118066,2906,45,747,28,0,high school,No,urban,single,no,Approved
22,58736,26534,18,592,3,3,bachelor,Yes,semiurban,married,no,Rejected
45,81562,49322,58,535,17,2,high school,No,rural,married,no,Rejected
31,60409,17448,21,756,23,0,master,No,rural,married,no,Approved
22,104101,38696,26,366,31,2,high school,No,semiurban,single,no,Rejected
50,29834,5710,28,475,8,2,bachelor,Yes,rural,married,no,Rejected
67,122192,45308,22,809,15,4,bachelor,Yes,urban,married,no,Approved
65,20840,39892,45,390,20,3,high school,No,semiurban,single,no,Rejected
58,99409,41605,38,465,29,4,master,No,semiurban,married,no,Rejected
36,51568,16583,32,737,2,1,bachelor,No,urban,married,no,Rejected
39,30846,18184,42,350,32,2,high school,No,semiurban,single,yes,Rejected
22,25899,25853,15,565,30,3,phd,No,semiurban,single,no,Rejected
19,106038,7109,52,820,13,1,master,No,semiurban,married,no,Approved
47,86101,43677,60,386,5,1,master,Yes,semiurban,married,no,Rejected
64,58773,7659,28,351,4,4,high school,No,semiurban,married,no,Rejected
56,149789,2238,60,478,28,1,high school,No,urban,single,no,Rejected
21,127460,16064,59,577,36,0,bachelor,No,semiurban,single,no,Rejected
50,128778,32115,31,538,35,0,high school,Yes,urban,married,no,Rejected
30,94723,32952,36,638,20,0,bachelor,No,semiurban,married,yes,Rejected
37,92762,6620,51,371,11,1,master,No,urban,married,no,Rejected
24,127683,35254,34,673,22,2,bachelor,No,semiurban,married,no,Approved
32,124194,38449,26,816,13,3,master,No,urban,married,no,Approved
40,131417,45258,44,537,9,0,master,No,semiurban,single,no,Rejected
31,24311,5470,30,765,26,0,phd,No,rural,married,yes,Rejected
40,129750,23003,26,420,1,0,bachelor,No,urban,married,no,Rejected
36,76888,28571,52,712,13,4,high school,Yes,semiurban,married,no,Approved
46,61616,25668,16,342,6,4,master,Yes,urban,married,no,Rejected
37,72134,12723,27,803,16,0,high school,Yes,semiurban,married,no,Approved
46,111225,47656,56,496,19,0,high school,No,semiurban,married,no,Rejected
41,26083,32040,59,371,7,4,bachelor,No,semiurban,single,no,Rejected
35,32598,40945,43,390,19,3,master,No,urban,married,no,Rejected
27,102476,46969,33,848,35,2,bachelor,No,semiurban,married,no,Approved
58,137707,33046,54,790,4,3,bachelor,No,semiurban,single,no,Approved
25,112416,6441,43,682,12,2,phd,No,semiurban,married,no,Approved
43,22580,12719,24,765,38,1,master,No,semiurban,married,no,Rejected
46,142834,6397,49,453,37,1,bachelor,No,rural,married,no,Rejected
27,132148,35389,37,469,16,3,bachelor,No,semiurban,single,no,Rejected
34,77395,18945,28,571,5,4,bachelor,No,semiurban,married,no,Rejected
19,62321,23233,16,409,18,0,high school,No,urban,single,yes,Rejected
23,29386,18800,60,450,24,1,master,No,semiurban,married,no,Rejected
22,73171,5190,44,730,2,4,master,No,semiurban,married,no,Rejected
45,39522,38822,38,750,27,4,master,No,rural,single,no,Rejected
58,85532,2130,16,322,25,2,bachelor,No,semiurban,single,no,Rejected
22,111760,15071,48,666,7,1,master,No,semiurban,married,no,Approved
35,34635,20981,18,538,14,3,master,No,semiurban,married,no,Rejected
43,20671,45704,59,733,0,4,master,No,rural,single,no,Rejected
37,53545,3118,29,426,39,3,phd,No,semiurban,married,no,Rejected
58,74079,1663,42,840,22,3,master,No,urban,married,no,Approved
66,46855,16735,17,497,35,1,high school,Yes,urban,single,no,Rejected
44,55790,20158,13,781,15,3,master,No,rural,married,no,Approved
66,71012,32087,24,478,3,3,high school,Yes,semiurban,married,no,Rejected
29,137827,23578,53,822,7,0,bachelor,Yes,urban,married,no,Approved
24,132121,20874,22,736,35,3,master,No,semiurban,married,no,Approved
20,149051,43531,37,613,9,0,high school,No,semiurban,single,no,Approved
27,34260,18907,32,318,29,1,high school,No,semiurban,single,no,Rejected
51,85139,41821,13,459,35,3,master,No,rural,single,no,Rejected
42,21074,23787,51,421,15,4,phd,No,urban,married,no,Rejected
52,62676,22705,31,371,29,3,phd,No,rural,married,no,Rejected
33,29475,4845,28,354,9,0,master,No,rural,single,no,Rejected
19,98414,47264,27,759,10,4,phd,No,urban,single,no,Approved
41,35120,40069,53,468,33,1,master,No,urban,single,no,Rejected
27,43147,45653,16,448,15,2,high school,Yes,semiurban,married,no,Rejected
55,21986,17482,25,325,18,2,high school,No,urban,married,no,Rejected
39,129129,36056,35,547,3,0,high school,No,semiurban,married,no,Rejected
43,52430,27090,15,526,30,1,high school,No,semiurban,married,no,Rejected
60,127497,21681,59,783,34,1,master,No,semiurban,single,no,Approved
56,75479,33252,35,309,33,3,bachelor,No,rural,single,no,Rejected
44,102966,8796,58,394,25,2,master,No,rural,married,no,Rejected
46,22176,8263,20,420,38,3,bachelor,No,urban,married,no,Rejected
64,104258,13777,14,425,5,1,bachelor,Yes,semiurban,married,no,Rejected
55,128351,42538,20,848,32,0,high school,Yes,semiurban,married,no,Approved
37,135188,21343,29,368,26,0,master,No,semiurban,married,no,Rejected
44,104153,41153,47,596,11,4,bachelor,No,semiurban,married,no,Rejected
58,81918,15862,30,800,7,0,high school,No,rural,married,no,Approved
37,148570,42232,35,344,8,2,phd,No,semiurban,single,no,Rejected
61,47115,38649,15,681,0,4,bachelor,No,semiurban,married,no,Rejected
36,122912,49786,20,326,4,2,high school,No,rural,single,no,Rejected
37,97442,16691,44,796,6,3,bachelor,No,semiurban,single,no,Approved
52,60002,26028,12,435,17,3,high school,No,urban,married,yes,Rejected
64,77124,43135,46,348,39,0,master,No,urban,married,no,Rejected
19,26610,32066,21,806,23,4,bachelor,Yes,urban,married,no,Rejected
47,128828,34181,23,420,25,2,master,No,semiurban,single,no,Rejected
70,69752,18934,29,516,9,2,high school,Yes,semiurban,married,no,Rejected
51,148416,21910,25,825,39,1,master,No,urban,married,no,Approved
39,98947,48482,21,342,11,0,bachelor,No,urban,married,no,Rejected
20,138972,8141,21,395,21,3,high school,No,urban,married,no,Rejected
23,94716,46950,29,326,26,1,high school,Yes,semiurban,married,no,Rejected
32,67993,17225,35,541,2,3,high school,No,urban,married,no,Rejected
44,30073,35714,12,786,17,3,master,Yes,semiurban,single,no,Rejected
27,57251,22587,41,539,4,2,high school,No,rural,single,no,Rejected
26,116496,33959,26,603,13,3,bachelor,Yes,urban,single,no,Approved
50,91437,15175,19,366,24,4,bachelor,Yes,urban,married,no,Rejected
49,58897,11051,46,580,30,3,master,No,urban,married,no,Rejected
65,70906,6892,29,491,20,4,master,No,urban,married,yes,Rejected
23,71616,4449,52,418,37,3,master,No,semiurban,married,no,Rejected
58,128719,42095,27,451,19,1,high school,No,urban,married,no,Rejected
53,24482,39677,32,691,13,2,bachelor,No,semiurban,single,no,Rejected
19,127990,13393,26,530,19,1,high school,No,semiurban,married,no,Rejected
46,110964,30190,16,650,36,2,master,No,semiurban,married,no,Approved
21,92936,35709,56,828,29,1,master,No,rural,married,no,Approved
18,59574,32533,18,470,19,0,high school,No,semiurban,married,no,Rejected
36,143331,27141,59,431,6,3,bachelor,No,rural,single,no,Rejected
43,63284,37989,18,656,4,3,high school,Yes,semiurban,single,no,Approved
42,92932,24908,38,341,30,0,master,Yes,semiurban,married,no,Rejected
27,27338,40311,36,604,28,0,master,No,semiurban,married,no,Rejected
70,62718,33322,33,305,14,4,high school,Yes,semiurban,married,no,Rejected
32,32500,15012,59,628,24,1,master,No,semiurban,married,no,Rejected
39,31545,35889,24,469,12,3,master,No,semiurban,married,no,Rejected
68,81480,18412,28,637,23,4,high school,Yes,semiurban,married,no,Approved
65,25241,31614,52,368,14,3,high school,No,semiurban,single,no,Rejected
38,109314,45494,55,838,23,0,high school,No,semiurban,single,yes,Rejected
39,42821,25657,24,806,25,4,high school,Yes,urban,single,no,Rejected
53,24695,6656,37,785,18,4,bachelor,No,urban,married,no,Rejected
51,97066,9967,20,742,23,4,bachelor,No,rural,married,no,Approved
47,132616,20422,16,350,18,1,high school,No,rural,married,no,Rejected
42,137276,16764,50,448,16,4,high school,Yes,urban,single,no,Rejected
62,34318,16873,44,391,4,3,bachelor,No,urban,single,yes,Rejected
45,70934,29949,15,667,3,1,bachelor,No,rural,single,no,Approved
18,42331,44847,39,375,21,3,high school,No,semiurban,single,no,Rejected
66,141282,3271,37,385,9,4,high school,No,urban,single,no,Rejected
62,72672,2607,15,526,20,4,bachelor,No,urban,married,no,Rejected
21,111891,20523,27,662,24,3,bachelor,No,semiurban,single,no,Approved
24,96860,49447,48,323,5,2,high school,Yes,urban,single,no,Rejected
66,113685,28990,33,327,29,4,phd,No,semiurban,married,no,Rejected
26,88754,4665,47,420,28,4,bachelor,Yes,semiurban,single,no,Rejected
53,105677,17308,49,789,10,1,bachelor,No,semiurban,married,no,Approved
36,122320,6852,46,644,10,3,phd,No,urban,married,yes,Rejected
18,22837,6462,36,330,26,4,high school,No,rural,married,no,Rejected
27,145261,32795,19,526,18,3,bachelor,No,urban,married,no,Rejected
53,140688,5270,28,549,21,1,bachelor,No,semiurban,single,yes,Rejected
26,134616,49465,29,349,27,3,high school,No,semiurban,married,no,Rejected
62,125338,25491,23,688,3,3,bachelor,No,urban,married,yes,Rejected
63,60077,37230,44,587,36,1,high school,No,semiurban,married,no,Rejected
59,99915,49242,34,774,18,4,master,No,urban,single,no,Approved
49,24239,1347,23,305,16,3,high school,No,semiurban,single,no,Rejected
49,130432,33830,22,711,39,2,master,No,urban,single,no,Approved
23,106348,2783,24,623,35,4,phd,No,semiurban,married,no,Approved
65,49669,29390,46,698,22,1,master,No,urban,single,no,Rejected
55,68624,9417,38,581,27,0,bachelor,No,rural,married,no,Rejected
34,95147,7566,36,490,10,2,high school,Yes,semiurban,married,no,Rejected
27,24150,18426,51,799,13,4,phd,No,semiurban,single,no,Rejected
67,144210,31750,14,733,12,1,bachelor,No,semiurban,married,no,Approved
44,31109,11872,60,362,23,2,high school,No,semiurban,married,no,Rejected
67,119750,29695,36,752,15,4,bachelor,No,urban,single,no,Approved
52,46016,49086,56,792,27,0,high school,Yes,rural,single,yes,Rejected
69,31936,2234,21,741,29,4,bachelor,No,semiurban,single,no,Rejected
38,31036,35752,28,606,38,0,high school,No,rural,single,no,Rejected
42,59236,29832,14,425,26,0,high school,Yes,semiurban,married,no,Rejected
45,34021,18978,56,564,16,3,bachelor,No,urban,single,no,Rejected
64,140478,23641,33,306,25,1,phd,No,semiurban,married,no,Rejected
32,56943,28127,49,712,6,3,bachelor,No,semiurban,married,yes,Rejected
21,133694,35720,25,505,34,0,high school,Yes,urban,married,no,Rejected
46,123384,19079,38,478,14,1,high school,No,semiurban,married,no,Rejected
26,101007,18338,53,767,15,1,master,No,semiurban,married,no,Approved
44,133197,4291,31,795,20,1,bachelor,Yes,urban,married,no,Approved
43,70016,9548,59,742,16,2,high school,No,urban,married,no,Approved
36,43244,48272,29,527,25,4,bachelor,No,semiurban,single,no,Rejected
45,83027,45555,24,445,34,0,high school,No,semiurban,married,no,Rejected
34,134313,34736,53,595,19,1,bachelor,No,rural,married,no,Rejected
60,143351,29022,17,540,19,2,master,No,urban,single,no,Rejected
58,58985,5234,21,586,22,2,high school,No,rural,single,no,Rejected
59,123976,27720,48,325,4,0,high school,No,rural,married,yes,Rejected
67,21502,42106,40,751,8,3,high school,No,rural,married,no,Rejected
37,73836,41117,17,405,22,2,high school,Yes,urban,married,no,Rejected
62,119714,14368,50,539,17,0,master,No,urban,married,no,Rejected
57,23770,48969,22,717,28,2,master,Yes,urban,single,no,Rejected
56,62865,49838,59,631,10,0,bachelor,No,rural,single,yes,Rejected
66,73811,9734,36,341,7,1,master,No,rural,single,no,Rejected
70,24001,42651,55,334,26,3,high school,No,urban,married,no,Rejected
40,80848,34793,55,646,1,2,high school,No,urban,married,no,Rejected
64,72635,13197,41,683,22,2,high school,No,semiurban,single,no,Approved
49,40946,4359,31,812,20,2,bachelor,No,urban,married,no,Rejected
69,86134,39025,48,587,9,4,bachelor,No,semiurban,married,no,Rejected
64,115852,36719,27,332,37,4,master,No,rural,married,no,Rejected
50,111103,8389,42,394,3,1,bachelor,No,semiurban,married,yes,Rejected
63,112044,48434,40,504,20,2,high school,No,semiurban,single,no,Rejected
22,63744,15952,17,329,36,3,master,No,urban,married,no,Rejected
60,137729,30075,40,565,11,4,bachelor,No,urban,married,no,Rejected
65,142848,19939,43,322,13,0,phd,No,semiurban,married,no,Rejected
51,59159,47995,20,338,19,0,bachelor,No,rural,married,yes,Rejected
57,115812,16624,48,472,7,0,high school,No,semiurban,married,no,Rejected
28,43671,2735,34,712,26,1,master,No,urban,single,no,Rejected
67,36450,25315,27,713,36,2,master,No,urban,single,no,Rejected
20,34908,18422,29,508,20,2,bachelor,No,semiurban,single,no,Rejected
50,77275,40137,30,321,34,4,high school,No,urban,married,yes,Rejected
28,64358,8127,55,304,38,0,high school,No,urban,married,no,Rejected
33,69047,36680,13,513,14,1,high school,No,urban,married,no,Rejected
35,55518,49232,21,438,11,3,master,No,semiurban,single,no,Rejected
47,77813,13606,23,616,33,2,high school,No,semiurban,single,no,Approved
65,116748,33743,57,455,7,2,high school,No,urban,married,no,Rejected
27,128220,35010,29,723,36,1,master,No,urban,married,no,Approved
35,26806,16636,30,799,29,4,phd,No,semiurban,single,no,Rejected
55,124733,26348,49,390,2,1,high school,No,semiurban,single,no,Rejected
36,60891,11108,48,341,29,4,high school,No,semiurban,married,yes,Rejected
53,146865,9098,38,594,28,2,high school,No,semiurban,single,no,Rejected
30,103551,37180,59,636,0,4,master,No,rural,married,no,Rejected
63,149335,19883,25,300,15,4,bachelor,No,semiurban,married,no,Rejected
20,59220,45400,56,408,30,4,high school,No,semiurban,married,no,Rejected
27,37158,46999,45,424,9,4,high school,No,rural,married,no,Rejected
55,100992,48951,13,363,29,0,high school,No,rural,single,no,Rejected
18,47588,8160,55,505,25,0,high school,No,rural,single,no,Rejected
44,82576,20929,44,714,11,0,bachelor,No,semiurban,single,no,Approved
63,108027,18597,30,543,39,0,bachelor,No,semiurban,married,no,Rejected
25,44188,12123,38,515,4,1,high school,No,semiurban,single,no,Rejected
68,112615,29357,59,827,8,3,master,No,rural,married,no,Approved
63,78830,5960,41,679,10,4,bachelor,No,urban,single,yes,Rejected
59,24019,34556,18,378,22,1,bachelor,No,semiurban,married,no,Rejected
34,32419,19255,38,714,16,0,bachelor,No,semiurban,married,no,Rejected
26,53697,14350,32,752,12,4,high school,Yes,urban,married,no,Approved
23,104932,31881,18,448,16,3,high school,No,semiurban,married,no,Rejected
60,139712,19409,59,337,22,4,high school,Yes,semiurban,married,no,Rejected
42,124568,33635,36,456,38,2,high school,Yes,rural,single,no,Rejected
56,115428,3446,49,632,8,2,high school,No,urban,single,no,Approved
66,27973,31657,29,587,17,1,bachelor,No,rural,married,no,Rejected
45,128001,22207,44,411,17,3,master,No,rural,married,no,Rejected
50,106649,49951,44,390,29,1,bachelor,Yes,semiurban,single,no,Rejected
54,142649,9752,43,348,25,4,bachelor,No,urban,married,no,Rejected
26,31136,14440,36,460,17,3,master,No,rural,married,no,Rejected
35,104739,45864,25,815,20,1,master,No,semiurban,married,no,Approved
38,82502,7499,49,701,32,4,high school,Yes,semiurban,single,no,Approved
19,51285,22139,49,619,13,0,bachelor,No,rural,married,no,Approved
60,43039,15767,15,663,9,4,high school,No,semiurban,married,no,Rejected
55,86720,23343,55,741,27,1,bachelor,No,urban,married,yes,Rejected
57,143168,28712,29,774,13,3,bachelor,No,urban,single,no,Approved
53,108263,20673,21,611,18,3,high school,No,semiurban,married,no,Approved
67,79155,30488,46,831,25,0,high school,No,urban,single,no,Approved
60,36911,27520,46,519,9,1,bachelor,No,urban,married,yes,Rejected
54,20916,45105,51,796,16,0,master,No,semiurban,married,no,Rejected
32,79052,49587,34,642,33,2,bachelor,No,semiurban,single,no,Approved
45,89110,16784,36,393,13,4,high school,No,rural,married,no,Rejected
35,121623,39079,12,432,25,2,phd,No,urban,married,no,Rejected
51,37790,45220,29,800,33,2,high school,No,rural,married,no,Rejected
39,103161,21491,26,471,18,0,master,Yes,semiurban,married,no,Rejected
28,25206,48342,36,308,23,0,master,No,rural,married,no,Rejected
30,141937,49720,43,620,30,4,high school,No,rural,single,no,Approved
21,105053,36268,31,397,39,0,high school,No,semiurban,single,no,Rejected
39,69950,15718,28,468,5,0,high school,No,semiurban,married,no,Rejected
24,136211,36597,22,610,19,0,phd,Yes,rural,married,no,Approved
60,76361,33815,24,642,38,0,phd,No,semiurban,married,no,Approved
41,81451,36132,36,729,33,0,high school,No,semiurban,single,no,Approved
21,57696,27832,31,799,21,2,high school,No,semiurban,married,no,Approved
45,101641,32862,36,584,6,2,high school,Yes,urban,married,no,Rejected
32,121192,13864,53,559,32,4,high school,No,rural,married,no,Rejected
18,88226,23842,56,794,5,3,phd,Yes,semiurban,married,no,Approved
20,122395,9177,60,654,15,4,phd,No,urban,married,no,Approved
31,141970,47115,42,513,7,1,bachelor,No,urban,married,no,Rejected
55,144121,41699,12,499,22,4,high school,No,semiurban,single,no,Rejected
67,66728,46609,27,535,17,4,bachelor,No,rural,married,no,Rejected
18,75401,12844,59,435,13,0,high school,No,semiurban,married,yes,Rejected
55,86226,9594,39,721,35,0,phd,No,rural,single,no,Approved
55,45103,14418,32,640,14,0,master,No,semiurban,married,no,Rejected
38,54263,35854,41,641,4,3,high school,No,semiurban,married,no,Approved
65,146705,24108,14,829,14,0,high school,No,urban,married,yes,Rejected
46,96621,11419,45,687,10,1,phd,No,semiurban,single,no,Approved
22,70044,23539,17,303,1,2,bachelor,No,semiurban,married,no,Rejected
66,77730,45370,54,698,22,1,bachelor,No,urban,single,no,Approved
27,45825,44950,40,721,23,3,high school,Yes,urban,married,no,Rejected
45,96256,13835,14,710,17,0,high school,No,urban,married,no,Approved
38,124177,18533,44,512,3,4,high school,No,semiurban,single,no,Rejected
67,57271,30515,22,347,14,2,high school,No,semiurban,married,no,Rejected
24,97256,36921,56,486,11,3,bachelor,No,rural,married,no,Rejected
20,66732,42968,16,801,2,1,bachelor,No,urban,single,no,Rejected
62,86433,23322,43,830,31,0,master,No,urban,married,no,Approved
64,102630,11223,58,774,35,3,high school,Yes,urban,married,no,Approved
37,121999,11273,29,341,20,3,high school,No,rural,single,no,Rejected
36,120990,34519,58,560,5,4,bachelor,No,urban,single,no,Rejected
52,43572,25160,31,347,1,4,bachelor,Yes,semiurban,married,no,Rejected
21,58546,9849,50,745,8,4,master,No,urban,single,no,Approved
22,142456,26656,60,520,11,1,bachelor,No,semiurban,married,no,Rejected
18,35150,49988,51,642,23,4,bachelor,Yes,semiurban,single,no,Rejected
21,74165,11348,39,537,13,3,bachelor,Yes,semiurban,married,no,Rejected
29,83690,18924,24,454,11,3,master,No,semiurban,married,no,Rejected
44,73664,39935,37,355,26,3,high school,No,semiurban,married,no,Rejected
59,102335,40132,27,686,9,2,phd,No,semiurban,single,no,Approved
40,95199,2983,36,614,1,2,master,No,urban,single,no,Rejected
42,148511,25890,21,337,30,1,master,No,semiurban,married,no,Rejected
38,56948,15629,40,640,27,4,phd,Yes,semiurban,married,no,Approved
69,57030,12273,57,530,15,3,high school,No,semiurban,single,no,Rejected
41,47007,32739,49,751,0,4,bachelor,Yes,rural,married,no,Rejected
42,120819,41416,31,641,21,3,bachelor,Yes,urban,single,no,Approved
62,111207,8894,37,752,0,2,bachelor,No,rural,married,no,Rejected
63,110921,47073,43,556,30,3,high school,No,semiurban,single,no,Rejected
49,96772,46693,50,733,21,1,phd,No,semiurban,single,no,Approved
49,42024,25343,49,508,33,0,phd,No,urban,married,no,Rejected
22,132408,44095,60,500,11,3,bachelor,No,urban,single,no,Rejected
53,59384,32174,35,436,22,1,high school,No,semiurban,married,no,Rejected
63,102912,45179,42,693,27,2,master,No,rural,single,no,Approved
59,144161,7900,51,335,11,2,master,No,rural,married,yes,Rejected
66,122674,49905,23,514,26,0,bachelor,Yes,rural,married,no,Rejected
59,38157,4800,47,326,22,4,high school,No,urban,married,no,Rejected
56,105481,36246,21,317,0,4,high school,No,urban,married,yes,Rejected
33,122120,43735,17,436,1,3,bachelor,No,semiurban,married,no,Rejected
50,108553,43926,18,329,30,2,high school,No,rural,married,no,Rejected
66,21756,8054,42,372,1,1,master,No,urban,married,no,Rejected
38,120677,39827,38,422,24,0,high school,No,semiurban,married,no,Rejected
26,88112,43727,19,527,37,4,phd,No,rural,married,no,Rejected
23,111003,45775,14,637,18,3,master,No,semiurban,single,no,Approved
68,122488,42201,51,572,27,3,high school,Yes,rural,single,no,Rejected
62,116741,30373,58,736,5,2,high school,No,urban,married,no,Approved
52,78051,28525,32,338,38,1,bachelor,No,semiurban,married,yes,Rejected
56,120701,39977,12,725,18,1,bachelor,No,semiurban,married,no,Approved
39,84595,8115,56,614,16,4,high school,Yes,semiurban,married,yes,Rejected
58,98210,32107,26,808,5,3,bachelor,No,urban,single,no,Approved
22,63094,31486,18,456,14,2,phd,No,semiurban,single,no,Rejected
59,128850,14068,26,556,21,1,high school,No,semiurban,married,no,Rejected
40,107889,19640,36,755,33,3,high school,No,semiurban,married,no,Approved
34,115385,33158,14,346,4,1,bachelor,No,rural,married,no,Rejected
29,24535,37136,41,631,22,0,master,Yes,urban,single,yes,Rejected
40,76035,17128,25,309,4,1,high school,No,semiurban,married,no,Rejected
33,142815,25942,15,443,9,1,master,No,rural,married,yes,Rejected
20,67367,3827,47,730,3,3,high school,Yes,rural,single,no,Approved
47,127472,16990,14,451,11,1,master,No,semiurban,married,no,Rejected
39,37118,36255,16,786,9,1,bachelor,No,rural,single,no,Rejected
26,79812,20987,36,435,29,0,bachelor,No,urban,single,no,Rejected
46,79884,47115,42,325,23,1,master,No,semiurban,single,no,Rejected
64,86168,21901,22,306,4,1,master,Yes,rural,married,no,Rejected
54,33280,17277,19,314,12,3,master,No,rural,married,no,Rejected
40,34746,2643,37,731,35,2,high school,No,semiurban,married,no,Rejected
30,122572,24729,13,699,8,0,bachelor,Yes,urban,single,no,Approved
49,73251,22087,39,506,17,1,high school,No,urban,married,no,Rejected
63,104821,22818,59,515,34,2,master,No,rural,single,no,Rejected
69,103583,1019,21,801,30,3,bachelor,No,rural,married,no,Approved
64,133625,34443,50,758,23,0,master,Yes,semiurban,married,no,Approved
65,30207,10457,48,558,3,3,high school,No,rural,married,no,Rejected
40,91127,34922,50,628,25,2,high school,No,urban,married,no,Approved
62,47757,10820,32,753,9,0,bachelor,No,urban,single,no,Rejected
34,36226,33750,39,674,8,1,high school,Yes,semiurban,married,no,Rejected
57,115268,43586,49,763,0,2,high school,No,urban,married,no,Rejected
38,81407,37484,44,374,15,3,phd,No,rural,married,no,Rejected
19,47206,39010,22,541,12,0,high school,No,urban,single,no,Rejected
54,40256,38790,56,316,37,2,high school,No,urban,single,no,Rejected
23,53822,23869,55,558,13,2,phd,No,semiurban,married,no,Rejected
61,61340,35421,12,422,39,3,high school,Yes,semiurban,single,no,Rejected
35,131883,3502,58,610,22,3,bachelor,No,urban,married,no,Approved
47,72234,17665,44,410,17,1,master,Yes,semiurban,single,no,Rejected
39,63351,26600,14,555,27,1,phd,No,urban,married,no,Rejected
50,126311,30394,37,533,19,2,master,Yes,urban,married,no,Rejected
47,68671,15086,26,796,0,3,master,No,urban,single,no,Rejected
34,95320,37171,52,339,11,2,high school,No,semiurban,married,no,Rejected
60,122565,35003,25,421,26,4,high school,No,semiurban,married,no,Rejected
49,145627,14149,34,749,12,3,master,Yes,semiurban,single,no,Approved
59,55157,31394,19,818,3,4,master,No,semiurban,married,no,Approved
68,39937,15396,47,391,24,4,bachelor,No,semiurban,married,no,Rejected
31,74290,24324,31,660,5,3,master,No,semiurban,single,no,Approved
27,66707,48198,17,422,21,1,master,No,urban,married,no,Rejected
64,31219,18169,44,636,37,2,bachelor,No,rural,married,no,Rejected
68,29399,47632,39,812,35,0,phd,No,semiurban,single,no,Rejected
53,146733,49274,49,727,2,0,bachelor,Yes,urban,single,no,Rejected
51,118848,45277,41,732,14,3,bachelor,Yes,urban,married,no,Approved
26,47657,27243,57,306,10,1,bachelor,No,semiurban,married,no,Rejected
59,40047,32016,54,419,33,1,master,No,semiurban,married,no,Rejected
45,120543,4194,28,686,26,1,bachelor,No,semiurban,married,no,Approved
28,96095,33398,20,649,22,0,master,No,semiurban,single,no,Approved
31,105693,5789,39,397,16,4,master,No,semiurban,married,no,Rejected
56,120931,21159,18,342,22,0,bachelor,Yes,urban,single,no,Rejected
64,92154,44406,57,482,33,1,phd,No,semiurban,single,yes,Rejected
36,64891,6350,39,534,20,0,master,No,semiurban,married,no,Rejected
32,26780,34301,28,745,32,0,high school,No,urban,married,no,Rejected
45,47050,25977,51,499,4,2,bachelor,No,rural,single,no,Rejected
41,93551,37431,59,812,16,3,high school,No,semiurban,single,no,Approved
25,88666,1129,55,825,0,4,bachelor,No,rural,single,yes,Rejected
60,113619,46331,55,512,6,2,master,No,semiurban,single,no,Rejected
26,102016,35626,16,677,2,3,master,No,rural,married,no,Rejected
64,133135,49503,16,845,25,1,bachelor,No,semiurban,single,no,Approved
50,73010,28549,25,785,15,2,master,No,rural,married,no,Approved
50,121012,13342,17,660,15,3,bachelor,No,semiurban,married,no,Approved
36,58165,37417,18,467,13,2,bachelor,Yes,semiurban,married,no,Rejected
20,31528,11978,28,703,25,0,master,No,urban,married,no,Rejected
27,140840,38628,20,436,26,0,bachelor,Yes,urban,married,no,Rejected
57,69608,43180,42,532,16,2,high school,Yes,semiurban,married,no,Rejected
64,25914,9833,33,414,3,2,master,No,rural,married,no,Rejected
59,57136,47903,56,551,16,4,high school,No,semiurban,married,no,Rejected
18,31179,34491,20,792,32,1,phd,No,semiurban,single,no,Rejected
46,106008,30473,27,588,29,0,high school,No,semiurban,single,no,Rejected
67,32076,1737,47,348,20,2,bachelor,Yes,rural,single,no,Rejected
51,143911,30429,45,751,16,3,bachelor,No,semiurban,single,no,Approved
68,44783,47647,56,815,10,1,high school,No,semiurban,married,no,Rejected
30,136625,2299,24,571,29,3,master,No,rural,married,yes,Rejected
18,66716,1339,30,730,17,1,bachelor,No,rural,single,no,Approved
51,70298,33920,23,325,19,3,high school,No,semiurban,married,no,Rejected
46,74304,43381,47,369,33,0,master,No,rural,married,no,Rejected
65,99360,47523,21,592,27,2,bachelor,No,rural,single,no,Rejected
64,89835,49750,27,705,8,2,master,No,semiurban,single,no,Approved
30,149541,20435,39,533,30,4,phd,No,semiurban,single,no,Rejected
65,132424,34194,30,530,15,2,high school,Yes,rural,married,no,Rejected
66,28118,25509,51,562,30,0,master,No,semiurban,married,no,Rejected
70,96292,43095,17,420,28,1,master,No,rural,married,no,Rejected
46,143322,45289,15,762,12,1,master,No,semiurban,married,no,Approved
56,76911,2373,41,817,22,2,bachelor,Yes,urban,married,no,Approved
41,93489,8082,50,323,13,3,master,Yes,semiurban,single,no,Rejected
43,123088,26532,42,676,38,2,bachelor,No,urban,single,yes,Rejected
34,35185,43661,57,799,1,1,high school,No,urban,married,no,Rejected
24,61792,19866,38,736,11,4,high school,Yes,rural,married,no,Approved
30,100210,8593,56,798,27,1,bachelor,No,urban,married,no,Approved
22,70613,10495,32,473,31,3,master,Yes,urban,single,yes,Rejected
43,130012,8837,48,808,23,3,high school,No,semiurban,married,no,Approved
66,53927,12172,20,609,36,4,master,No,rural,married,no,Approved
20,20386,19680,46,369,28,3,bachelor,Yes,semiurban,single,no,Rejected
24,112153,31346,53,504,17,2,high school,No,semiurban,married,no,Rejected
66,92728,44085,58,640,2,2,phd,No,urban,married,no,Rejected
56,96281,24412,32,331,12,1,bachelor,No,semiurban,married,yes,Rejected
70,50020,23863,28,342,12,0,bachelor,No,rural,married,no,Rejected
18,62678,31804,35,417,28,2,high school,Yes,rural,single,no,Rejected
66,106695,11934,42,314,1,2,high school,No,semiurban,married,no,Rejected
34,81394,31723,17,621,27,4,bachelor,No,semiurban,married,no,Approved
60,88945,21405,46,636,3,2,master,No,semiurban,married,no,Approved
42,135377,19748,48,831,4,1,high school,No,urban,single,no,Approved
20,141716,6230,24,680,38,4,master,No,urban,married,no,Approved
32,76414,47413,36,810,4,2,bachelor,No,semiurban,married,no,Approved
46,74816,23354,43,419,7,1,bachelor,No,semiurban,single,no,Rejected
70,75918,9954,12,325,33,4,master,No,rural,married,no,Rejected
60,111281,24139,60,833,24,0,high school,No,semiurban,single,no,Approved
49,131484,46022,46,363,26,1,phd,No,rural,single,no,Rejected
43,135640,18388,30,759,6,2,master,No,rural,married,no,Approved
33,82694,40825,23,613,35,4,high school,No,rural,married,no,Approved
42,49455,37523,51,515,31,0,bachelor,Yes,semiurban,married,no,Rejected
45,124446,36614,51,755,20,1,high school,No,semiurban,single,no,Approved
26,58735,36732,58,839,17,0,bachelor,No,semiurban,single,no,Approved
18,114702,42646,54,772,1,1,bachelor,Yes,urban,single,no,Rejected
46,125509,22021,31,658,4,2,phd,No,urban,single,no,Approved
39,113608,28702,44,425,37,1,high school,No,urban,married,no,Rejected
33,134310,46416,40,386,27,2,bachelor,Yes,semiurban,single,no,Rejected
58,32109,36523,27,642,30,1,master,No,semiurban,single,no,Rejected
68,65802,20116,25,694,23,4,bachelor,Yes,rural,single,no,Approved
61,88020,7473,18,783,32,1,high school,No,semiurban,single,yes,Rejected
68,54622,48322,17,755,38,1,high school,No,semiurban,married,no,Approved
58,129935,23735,32,775,11,3,high school,No,semiurban,married,no,Approved
24,149368,35461,47,509,38,3,high school,No,urban,married,no,Rejected
31,137919,12084,33,824,8,1,high school,No,semiurban,single,no,Approved
46,22597,45771,51,606,14,3,master,No,semiurban,married,no,Rejected
36,60597,29756,30,375,22,2,high school,No,rural,single,no,Rejected
36,60954,18068,36,321,21,3,master,No,rural,married,no,Rejected
19,89519,29916,14,359,35,1,high school,No,urban,married,no,Rejected
58,76115,3919,47,685,9,0,bachelor,No,semiurban,single,no,Approved
62,124988,24550,56,355,27,0,bachelor,No,semiurban,married,no,Rejected
32,63151,37524,45,467,34,1,high school,No,urban,married,no,Rejected
20,145515,4283,22,711,28,1,high school,No,urban,married,no,Approved
28,37040,5691,59,490,4,0,high school,No,rural,married,no,Rejected
70,64772,24212,53,781,3,4,bachelor,No,urban,single,no,Approved
63,142431,41118,58,715,14,3,master,No,semiurban,married,no,Approved
47,116090,29602,38,639,29,4,phd,Yes,semiurban,married,no,Approved
57,83832,18540,53,558,25,2,high school,No,urban,single,no,Rejected
35,47916,36829,13,649,22,0,phd,No,rural,married,yes,Rejected
68,64871,6919,17,736,38,0,bachelor,No,rural,married,no,Approved
65,141527,23277,57,521,28,4,high school,No,urban,married,no,Rejected
19,46372,18676,13,712,21,2,high school,No,semiurban,single,no,Rejected
49,81707,43844,53,649,34,4,high school,No,urban,single,yes,Rejected
25,59080,10752,28,781,17,2,bachelor,No,urban,married,no,Approved
39,126242,17012,51,358,34,1,phd,No,urban,married,no,Rejected
23,62722,10175,59,451,32,1,high school,No,semiurban,single,yes,Rejected
29,140864,41670,25,839,6,0,bachelor,No,semiurban,married,yes,Rejected
64,49048,3067,21,524,33,1,high school,No,urban,single,no,Rejected
57,105205,32478,56,617,9,4,high school,No,urban,married,no,Approved
53,29777,27439,44,578,23,2,master,No,semiurban,married,no,Rejected
32,74711,35747,53,773,24,0,high school,Yes,semiurban,married,no,Approved
45,56331,30810,23,323,26,1,high school,No,semiurban,married,no,Rejected
69,145320,19302,43,818,5,0,phd,No,semiurban,married,no,Approved
66,40968,1700,60,667,7,0,high school,Yes,semiurban,single,no,Rejected
62,73969,37814,35,634,20,2,high school,No,urban,single,no,Approved
35,123345,35841,25,732,18,4,master,No,rural,married,no,Approved
19,31292,45713,16,302,33,4,bachelor,No,semiurban,single,no,Rejected
30,140870,4048,16,557,38,3,master,No,rural,married,no,Rejected
62,60794,34290,58,562,22,4,bachelor,No,semiurban,married,no,Rejected
32,99459,12101,43,420,12,1,high school,Yes,semiurban,single,no,Rejected
37,137932,30778,56,320,38,3,high school,No,urban,single,no,Rejected
46,70192,28425,60,439,27,3,master,No,semiurban,single,no,Rejected
59,47703,42509,44,776,5,3,high school,No,semiurban,married,no,Rejected
46,104193,18852,57,588,11,3,phd,No,rural,married,no,Rejected
20,89165,25500,15,505,2,4,high school,No,rural,married,no,Rejected
36,87650,13674,41,342,19,3,master,Yes,semiurban,married,no,Rejected
20,76516,24195,52,417,7,1,master,No,semiurban,married,no,Rejected
31,119981,25371,28,304,25,1,bachelor,No,semiurban,married,no,Rejected
57,149858,34053,14,506,37,0,bachelor,No,urban,married,no,Rejected
21,121398,12957,24,644,27,1,master,Yes,urban,married,no,Approved
69,111110,8108,55,441,34,0,bachelor,No,semiurban,single,no,Rejected
28,117885,48758,59,671,37,1,bachelor,No,semiurban,married,no,Approved
48,42257,18829,47,531,1,3,bachelor,No,urban,single,no,Rejected
60,120588,6837,29,463,6,2,bachelor,No,rural,married,no,Rejected
49,123356,16032,34,846,24,3,high school,No,semiurban,married,no,Approved
44,141750,35234,46,663,31,4,high school,No,semiurban,single,no,Approved
47,103509,27352,60,634,11,0,high school,No,semiurban,single,no,Approved
60,111273,31215,44,310,10,2,bachelor,No,semiurban,single,no,Rejected
19,71672,10106,47,707,9,1,phd,No,rural,married,no,Approved
66,83308,42247,28,374,34,3,bachelor,No,urban,married,no,Rejected
26,97583,29766,50,599,3,0,bachelor,No,rural,single,no,Rejected
45,139336,44048,45,680,1,0,bachelor,No,semiurban,married,no,Rejected
48,42113,39700,23,327,27,1,high school,No,semiurban,married,no,Rejected
51,20694,10996,16,762,13,0,master,No,rural,married,no,Rejected
32,142495,2178,59,695,28,1,bachelor,No,urban,married,no,Approved
65,35588,36319,51,675,1,1,phd,No,semiurban,single,no,Rejected
42,81756,17025,38,720,33,3,high school,No,semiurban,married,no,Approved
53,84085,10780,51,663,32,0,bachelor,No,rural,married,no,Approved
25,131359,23706,24,515,19,4,master,Yes,semiurban,single,no,Rejected
26,134384,43916,37,400,29,4,bachelor,No,rural,married,no,Rejected
54,81142,10967,25,392,25,3,bachelor,No,rural,single,no,Rejected
65,84373,31856,43,565,19,3,high school,Yes,rural,married,no,Rejected
62,105603,38630,22,505,0,1,high school,No,rural,single,no,Rejected
56,26704,10179,49,379,0,4,bachelor,No,semiurban,married,no,Rejected
49,60136,39623,27,336,24,0,high school,No,semiurban,married,no,Rejected
69,87507,18587,33,310,32,4,high school,Yes,urban,single,no,Rejected
34,67361,24733,58,389,22,3,master,No,semiurban,married,yes,Rejected
52,78847,23770,27,318,10,3,master,Yes,rural,married,yes,Rejected
54,126359,34887,24,673,14,1,phd,No,rural,married,yes,Rejected
36,31441,4975,23,393,13,0,bachelor,No,urban,single,no,Rejected
61,117012,13919,29,331,0,3,bachelor,No,semiurban,married,no,Rejected
46,138906,10602,40,439,32,0,high school,Yes,semiurban,married,yes,Rejected
24,34677,46463,29,320,5,4,master,No,semiurban,single,no,Rejected
45,47818,35060,57,448,22,1,bachelor,No,urban,single,no,Rejected
26,21868,43154,13,520,25,4,bachelor,No,urban,married,no,Rejected
45,103591,11140,13,518,2,3,high school,No,rural,single,no,Rejected
23,143962,22170,14,840,5,3,bachelor,Yes,urban,married,no,Approved
46,87264,29830,40,357,39,0,master,No,urban,married,no,Rejected
34,93168,45540,19,724,24,3,master,No,semiurban,single,yes,Rejected
33,32043,7590,22,574,16,0,phd,Yes,semiurban,married,no,Rejected
40,91939,47745,23,439,27,2,bachelor,No,semiurban,married,no,Rejected
48,35732,31609,43,322,31,3,bachelor,No,urban,single,yes,Rejected
20,75244,18401,15,677,28,4,high school,No,rural,married,no,Approved
38,38526,28729,20,672,22,4,high school,No,urban,single,yes,Rejected
43,29340,38944,35,362,15,0,phd,No,urban,married,no,Rejected
53,124488,46167,60,641,31,2,high school,No,semiurban,married,no,Approved
59,42394,29645,27,466,25,3,master,No,semiurban,married,no,Rejected
54,118557,30047,28,450,32,1,phd,No,urban,married,no,Rejected
70,24102,23560,58,822,18,1,high school,No,urban,single,no,Rejected
39,121846,7647,33,800,16,4,high school,No,urban,single,no,Approved
59,39159,22106,18,647,37,3,bachelor,Yes,semiurban,married,no,Rejected
29,142366,7015,21,571,13,1,high school,No,urban,married,no,Rejected
59,85092,22506,40,729,17,0,high school,No,urban,single,no,Approved
30,26212,49613,47,532,20,3,bachelor,Yes,rural,married,no,Rejected
28,117360,25067,35,507,38,4,bachelor,No,semiurban,married,no,Rejected
33,57405,3056,57,752,38,2,bachelor,Yes,semiurban,married,no,Approved
25,97061,32719,25,800,27,0,master,No,semiurban,single,no,Approved
57,114296,30328,25,518,19,0,high school,No,semiurban,single,no,Rejected
57,75186,13176,36,380,5,3,high school,No,urban,married,no,Rejected
62,64239,43771,57,848,25,2,high school,No,semiurban,married,no,Approved
19,130804,32885,33,840,5,0,bachelor,No,semiurban,married,no,Approved
47,112993,22269,58,550,38,2,phd,No,urban,single,no,Rejected
47,143145,47515,34,714,25,4,phd,Yes,semiurban,married,no,Approved
29,133551,4114,43,385,16,0,high school,No,urban,married,no,Rejected
27,30532,14442,37,516,39,1,high school,Yes,rural,single,yes,Rejected
61,99054,41151,38,495,1,4,high school,Yes,rural,married,no,Rejected
28,92012,2629,56,596,20,4,bachelor,No,semiurban,married,no,Rejected
32,137836,18927,23,343,6,0,master,No,rural,single,no,Rejected
33,105279,32317,30,692,19,1,master,No,semiurban,married,no,Approved
34,86540,24896,30,742,2,2,phd,No,urban,married,no,Rejected
43,128590,29155,45,389,35,1,master,Yes,rural,married,no,Rejected
19,123021,19288,43,454,18,4,bachelor,No,semiurban,married,no,Rejected
67,23271,22415,40,777,29,0,high school,Yes,semiurban,married,yes,Rejected
29,65482,37085,32,358,10,1,high school,No,urban,married,no,Rejected
68,20209,12251,46,409,12,1,bachelor,No,semiurban,married,no,Rejected
43,110999,37884,53,778,32,4,bachelor,No,semiurban,married,no,Approved
40,25539,26574,16,348,37,2,high school,Yes,semiurban,single,no,Rejected
35,134841,10623,23,676,1,1,high school,No,rural,single,no,Rejected
49,39977,21936,18,331,22,1,high school,No,semiurban,married,no,Rejected
66,94142,7123,52,785,19,3,high school,Yes,urban,single,no,Approved
55,129920,4061,13,830,29,4,master,No,semiurban,single,no,Approved
64,148156,41857,36,302,14,3,master,No,rural,single,no,Rejected
20,119588,37499,21,677,1,4,bachelor,No,urban,single,no,Rejected
55,88684,40095,49,541,29,4,high school,No,semiurban,married,no,Rejected
20,119072,29451,55,840,24,3,master,No,urban,married,no,Approved
47,143862,17361,17,656,3,2,bachelor,Yes,semiurban,single,no,Approved
18,25607,16907,38,496,0,2,bachelor,No,urban,single,no,Rejected
47,105122,35814,46,718,7,4,high school,No,semiurban,married,no,Approved
62,114786,20605,21,572,13,3,master,No,semiurban,married,no,Rejected
49,146406,33256,20,801,10,1,master,No,semiurban,married,no,Approved
45,71939,12332,31,334,23,4,master,No,rural,married,yes,Rejected
38,38594,38832,48,760,23,4,bachelor,No,rural,married,no,Rejected
63,78382,30476,46,552,31,0,high school,No,urban,married,no,Rejected
30,27399,10445,48,811,24,2,high school,No,urban,single,no,Rejected
44,141026,34490,51,347,27,3,high school,No,semiurban,married,no,Rejected
53,146812,30767,19,484,15,1,high school,No,semiurban,married,no,Rejected
24,45117,47057,57,790,38,1,high school,No,urban,married,no,Rejected
39,118662,16210,42,572,15,4,high school,No,urban,married,yes,Rejected
27,53617,25159,60,826,35,1,master,No,semiurban,married,no,Approved
56,27498,8564,54,427,11,1,bachelor,Yes,semiurban,single,no,Rejected
70,122826,42043,27,509,11,4,master,No,rural,married,yes,Rejected
32,137232,22219,39,441,33,2,high school,No,urban,single,no,Rejected
32,149851,28946,17,472,37,0,high school,Yes,rural,married,no,Rejected
21,131077,37587,43,746,19,2,high school,No,semiurban,married,yes,Rejected
49,136519,4364,39,418,14,2,master,Yes,urban,married,no,Rejected
40,70624,5318,22,310,21,0,high school,Yes,rural,married,no,Rejected
23,29628,12479,53,603,15,4,high school,Yes,rural,married,yes,Rejected
41,20329,8398,34,453,23,2,high school,No,urban,married,no,Rejected
37,58619,3452,41,622,2,3,bachelor,No,urban,married,no,Rejected
54,27032,22672,20,836,0,3,bachelor,No,rural,single,no,Rejected
37,68094,34193,39,744,37,0,high school,No,urban,married,no,Approved
29,58034,14865,35,641,16,3,bachelor,No,rural,married,yes,Rejected
50,122658,26345,39,520,20,4,master,No,urban,married,no,Rejected
45,141123,47275,35,409,12,1,high school,No,semiurban,single,no,Rejected
25,142666,21359,26,709,1,4,bachelor,No,semiurban,married,no,Rejected
18,106158,9799,50,717,1,0,high school,No,urban,married,no,Rejected
54,75264,24053,44,804,24,1,phd,No,semiurban,single,no,Approved
39,114120,35892,58,339,27,3,master,No,semiurban,married,no,Rejected
23,67850,18684,45,808,25,2,bachelor,Yes,urban,married,no,Approved
38,24722,6015,33,758,34,3,high school,No,rural,single,no,Rejected
49,37772,32665,40,562,27,4,bachelor,No,rural,married,no,Rejected
52,106105,9657,45,417,32,4,master,No,semiurban,married,no,Rejected
32,61679,22951,53,749,17,0,master,Yes,semiurban,single,no,Approved
22,88771,33063,58,713,13,2,master,Yes,semiurban,married,no,Approved
63,24576,33743,21,825,8,2,high school,No,rural,married,no,Rejected
67,46707,27521,56,760,29,1,high school,No,rural,married,no,Rejected
65,119404,11731,41,417,2,1,bachelor,Yes,urban,married,no,Rejected
23,61632,19744,22,516,33,4,high school,No,semiurban,married,no,Rejected
42,61476,19423,45,376,32,0,high school,No,urban,married,no,Rejected
63,137220,18568,32,720,26,4,bachelor,No,urban,single,no,Approved
57,50285,48411,24,471,8,2,high school,No,urban,single,no,Rejected
46,44154,4934,36,689,12,2,master,No,rural,single,no,Rejected
24,40054,12409,32,325,29,4,master,No,urban,single,no,Rejected
57,37165,32410,12,427,15,2,bachelor,No,semiurban,single,no,Rejected
30,34439,31808,16,673,25,1,master,No,semiurban,single,no,Rejected
55,138211,9172,33,323,4,2,bachelor,No,semiurban,married,no,Rejected
35,64518,28358,18,769,26,1,bachelor,No,urban,married,no,Approved
19,108051,1777,24,722,14,3,high school,Yes,semiurban,married,no,Approved
25,46962,20763,56,476,27,0,master,Yes,urban,single,no,Rejected
28,73934,49673,34,837,2,0,bachelor,No,rural,married,no,Rejected
50,128085,36186,32,565,0,2,bachelor,No,urban,single,no,Rejected
55,57763,32170,17,569,0,0,high school,No,urban,single,yes,Rejected
65,136189,21461,31,628,5,3,high school,Yes,semiurban,married,no,Approved
44,130290,46222,23,754,10,2,phd,Yes,urban,single,no,Approved
37,84094,3439,51,594,15,1,phd,Yes,semiurban,single,no,Rejected
29,130814,8804,20,421,32,3,master,No,semiurban,married,no,Rejected
60,39464,46791,39,458,23,3,phd,Yes,urban,single,no,Rejected
48,62036,48594,22,477,31,0,high school,No,semiurban,married,no,Rejected
44,143980,14212,43,627,9,1,high school,No,semiurban,single,no,Approved
49,115949,22653,22,606,24,4,master,No,semiurban,married,no,Approved
27,53270,22971,35,388,9,3,high school,No,semiurban,married,no,Rejected
20,62299,2989,26,337,12,0,high school,No,urban,married,no,Rejected
62,105805,8868,52,645,0,3,master,No,urban,single,yes,Rejected
44,51541,43026,46,551,34,1,bachelor,No,semiurban,married,no,Rejected
52,93545,34712,28,448,13,1,high school,Yes,rural,married,no,Rejected
48,102543,25604,36,315,20,2,bachelor,Yes,urban,married,no,Rejected
32,111998,23135,60,666,37,4,master,Yes,semiurban,single,no,Approved
33,149188,31544,46,417,0,4,master,No,urban,married,no,Rejected
30,97078,38918,30,616,19,0,bachelor,No,urban,married,no,Approved
66,102970,31847,52,587,4,4,phd,No,rural,married,no,Rejected
52,49765,44774,42,650,39,1,bachelor,No,rural,married,no,Rejected
69,43769,11680,28,596,31,4,high school,No,urban,married,no,Rejected
28,108001,48972,34,493,0,0,bachelor,No,rural,married,no,Rejected
38,107404,31083,58,691,39,3,high school,No,urban,married,no,Approved
68,40156,35433,12,742,1,4,high school,No,rural,married,no,Rejected
28,105836,46579,21,580,30,4,high school,Yes,rural,married,yes,Rejected
47,138706,27309,19,600,25,1,high school,Yes,urban,single,no,Rejected
65,70481,42719,53,725,8,1,bachelor,No,urban,married,no,Approved
70,33435,11349,37,549,29,3,high school,No,rural,married,no,Rejected
52,89650,10543,45,814,7,2,high school,No,semiurban,married,yes,Rejected
39,66336,10460,30,705,4,4,high school,No,semiurban,single,no,Approved
55,56135,35553,25,543,38,1,high school,No,semiurban,married,no,Rejected
48,93631,29525,19,666,3,2,high school,No,semiurban,single,no,Approved
31,57909,6948,12,419,39,4,high school,No,urban,married,no,Rejected
41,89487,15498,59,739,35,4,bachelor,No,semiurban,married,no,Approved
67,41468,19991,36,803,20,2,high school,No,rural,married,no,Rejected
66,112609,25974,35,732,32,1,bachelor,No,rural,single,no,Approved
49,67655,36398,58,482,25,3,master,No,semiurban,married,no,Rejected
53,54341,8660,31,760,39,4,high school,Yes,urban,married,no,Approved
49,131663,27245,41,417,38,0,high school,No,rural,married,no,Rejected
32,84182,1238,16,330,10,0,bachelor,No,urban,married,no,Rejected
60,71786,20920,14,448,20,0,master,No,semiurban,married,no,Rejected
52,88304,47659,43,827,21,3,phd,No,semiurban,married,no,Approved
20,123606,10338,28,572,36,4,high school,No,semiurban,single,no,Rejected
33,66514,43517,53,684,6,1,high school,No,rural,married,no,Approved
22,140938,11349,16,401,12,1,high school,Yes,semiurban,married,no,Rejected
38,53979,47350,22,371,19,3,bachelor,No,urban,single,no,Rejected
27,110887,12643,49,707,14,4,bachelor,No,rural,single,no,Approved
36,100981,29274,15,646,37,2,phd,No,semiurban,married,no,Approved
42,75107,46013,50,666,33,2,master,No,semiurban,married,no,Approved
21,148842,41667,30,848,35,4,bachelor,No,urban,single,no,Approved
46,134119,40913,50,590,24,4,high school,Yes,semiurban,married,no,Rejected
36,21160,39629,57,721,28,1,high school,No,semiurban,single,no,Rejected
60,107897,46819,60,480,27,3,bachelor,No,urban,married,no,Rejected
19,92577,17632,34,413,13,3,master,No,urban,married,no,Rejected
27,104303,28144,28,537,3,1,bachelor,No,urban,single,no,Rejected
60,30846,13321,24,393,37,0,high school,No,rural,married,no,Rejected
42,149861,38091,38,559,6,2,bachelor,No,urban,single,no,Rejected
37,124180,30256,12,406,12,4,bachelor,No,rural,married,yes,Rejected
65,39924,24485,13,543,16,2,bachelor,Yes,semiurban,married,no,Rejected
36,131193,3860,29,722,28,2,master,No,semiurban,married,no,Approved
40,33882,15919,47,634,16,3,high school,No,urban,single,no,Rejected
41,100274,34337,56,322,35,1,bachelor,Yes,urban,married,no,Rejected
28,106555,9411,44,570,18,0,phd,No,urban,married,no,Rejected
63,21095,10586,47,439,25,0,master,No,urban,married,no,Rejected
51,124205,25312,13,765,8,1,high school,No,urban,married,no,Approved
45,60983,24055,15,753,1,2,bachelor,No,urban,married,no,Rejected
22,131215,35890,27,683,19,1,bachelor,No,semiurban,married,no,Approved
22,34123,29807,15,676,22,1,high school,No,urban,single,no,Rejected
68,113668,21384,20,737,17,4,high school,No,semiurban,married,no,Approved
38,86615,48177,60,721,25,4,master,No,urban,married,no,Approved
29,115193,29925,32,455,24,2,bachelor,No,urban,married,no,Rejected
67,65278,4089,34,634,16,3,bachelor,No,semiurban,married,no,Approved
21,117911,15242,13,830,38,0,high school,No,semiurban,married,no,Approved
66,110290,40978,14,431,9,4,high school,No,urban,single,no,Rejected
59,71999,17433,34,800,24,2,phd,No,rural,married,no,Approved
37,51153,34282,37,821,27,1,high school,No,semiurban,married,no,Approved
55,38344,11983,58,439,25,4,high school,No,semiurban,single,no,Rejected
42,119777,44738,18,434,11,1,high school,No,semiurban,married,yes,Rejected
31,57656,44578,47,706,18,1,high school,No,urban,married,no,Approved
28,90515,43797,55,393,22,4,bachelor,Yes,semiurban,single,no,Rejected
49,149515,5671,44,540,13,2,bachelor,No,semiurban,married,no,Rejected
28,21212,25133,60,464,16,0,bachelor,No,urban,married,no,Rejected
35,140385,44209,47,624,14,2,bachelor,No,semiurban,married,no,Approved
44,29001,1414,15,517,20,3,bachelor,Yes,semiurban,single,no,Rejected
35,98784,48861,34,530,37,3,high school,Yes,rural,married,no,Rejected
40,118723,22242,36,478,29,0,master,Yes,urban,married,no,Rejected
28,101144,36184,52,379,18,3,bachelor,No,semiurban,single,no,Rejected
38,56427,39379,37,653,31,1,high school,Yes,urban,single,no,Approved
61,51368,16231,39,460,28,3,high school,No,rural,married,no,Rejected
22,90819,22849,39,726,21,4,bachelor,No,semiurban,married,no,Approved
40,81160,42163,32,702,19,1,high school,No,urban,married,no,Approved
58,45854,32676,21,331,37,2,phd,Yes,semiurban,married,no,Rejected
42,30715,23056,38,420,37,0,bachelor,No,rural,single,no,Rejected
58,101701,42028,26,814,35,4,phd,No,semiurban,married,no,Approved
27,78784,20947,28,684,0,4,master,No,urban,single,no,Rejected
39,149193,46416,50,724,18,0,master,No,urban,single,no,Approved
36,119644,27040,46,775,25,3,high school,No,urban,married,no,Approved
18,46797,47110,16,466,6,0,high school,No,semiurban,married,yes,Rejected
24,67573,47978,27,688,33,0,bachelor,No,urban,married,no,Approved
21,96120,26282,34,632,35,3,bachelor,No,rural,married,no,Approved
18,34780,27201,50,822,5,2,phd,Yes,semiurban,single,no,Rejected
32,57905,7833,59,770,36,0,high school,No,semiurban,married,no,Approved
57,41573,5752,20,823,21,3,bachelor,No,semiurban,married,no,Rejected
29,136049,25507,44,352,8,4,master,No,semiurban,married,no,Rejected
39,149651,21169,46,320,28,0,bachelor,No,semiurban,single,no,Rejected
39,53359,45746,51,318,16,0,phd,No,semiurban,married,yes,Rejected
67,86062,42495,35,755,12,2,high school,No,urban,single,no,Approved
64,93391,25930,35,621,16,2,bachelor,No,urban,married,no,Approved
34,63463,6023,35,732,9,4,master,No,urban,married,no,Approved
46,119596,1982,30,358,24,2,high school,No,semiurban,married,no,Rejected
63,136342,15305,50,450,17,4,high school,Yes,urban,single,no,Rejected
31,115018,17146,36,739,14,0,high school,Yes,urban,married,no,Approved
67,36571,12201,42,357,26,3,high school,No,semiurban,single,no,Rejected
37,117276,17910,49,592,18,2,high school,Yes,urban,single,no,Rejected
67,148568,24031,36,481,14,4,high school,No,urban,married,no,Rejected
65,39142,24636,38,377,6,2,bachelor,No,urban,married,no,Rejected
50,45104,18314,43,404,39,2,high school,No,urban,single,no,Rejected
60,28625,28332,22,560,15,1,phd,No,semiurban,single,no,Rejected
32,59199,19330,16,522,23,0,bachelor,No,urban,single,no,Rejected
29,140725,16365,55,783,22,2,high school,Yes,semiurban,married,no,Approved
57,35926,44501,44,428,10,3,bachelor,No,semiurban,single,no,Rejected
37,51218,11108,30,618,23,1,master,Yes,semiurban,married,no,Approved
47,64472,4360,54,808,4,4,high school,No,rural,married,no,Approved
55,111916,43553,58,319,38,4,master,No,rural,single,no,Rejected
20,143182,41880,27,534,29,3,bachelor,No,semiurban,married,no,Rejected
45,40566,49784,46,649,15,3,master,No,urban,married,no,Rejected
43,76125,4625,22,752,19,0,master,No,semiurban,married,yes,Rejected
47,53205,39237,22,808,28,3,master,No,urban,married,yes,Rejected
30,129084,2223,21,722,16,4,high school,No,urban,married,no,Approved
30,49717,40878,45,489,18,0,high school,No,semiurban,married,no,Rejected
19,69984,10157,16,424,25,3,bachelor,No,urban,single,no,Rejected
54,127292,47019,34,305,14,3,high school,No,semiurban,married,no,Rejected
66,45135,38760,36,757,24,4,bachelor,No,semiurban,married,no,Rejected
55,48164,14646,40,821,14,0,bachelor,No,semiurban,married,no,Rejected
19,94489,45638,51,388,19,1,high school,No,semiurban,single,no,Rejected
53,58562,30024,24,410,29,1,high school,Yes,semiurban,married,no,Rejected
43,89110,5787,58,696,20,0,high school,No,urban,married,no,Approved
28,40169,24202,43,310,34,3,bachelor,No,urban,married,no,Rejected
25,79858,44908,45,796,5,3,bachelor,No,semiurban,single,no,Approved
61,41604,37067,23,315,36,0,bachelor,No,semiurban,married,no,Rejected
57,109670,10360,35,332,10,1,high school,No,urban,married,yes,Rejected
60,134605,33692,51,788,22,2,master,No,semiurban,single,yes,Rejected
39,108738,40219,32,487,38,4,master,No,rural,married,no,Rejected
37,20684,13941,40,757,8,0,bachelor,No,rural,married,no,Rejected
25,148140,16993,34,350,17,2,high school,No,semiurban,married,no,Rejected
46,122537,15620,44,570,35,4,master,No,semiurban,single,no,Rejected
57,135265,21193,19,763,39,2,master,Yes,semiurban,married,no,Approved
43,131301,22248,53,342,35,2,high school,No,semiurban,married,no,Rejected
47,28007,46852,24,838,27,4,bachelor,No,urban,single,no,Rejected
34,134915,6027,16,420,18,2,bachelor,No,semiurban,married,no,Rejected
37,120632,5260,52,615,29,1,high school,No,urban,married,no,Approved
69,137419,38596,21,414,37,0,master,No,urban,married,no,Rejected
33,61787,42540,25,753,14,1,high school,No,semiurban,single,no,Approved
63,69582,10012,35,819,11,1,master,No,semiurban,single,no,Approved
60,94791,26823,22,636,1,4,high school,Yes,semiurban,married,yes,Rejected
24,117798,9315,57,539,8,4,bachelor,No,semiurban,married,no,Rejected
33,103629,48027,14,685,34,4,high school,No,semiurban,married,yes,Rejected
62,25782,13631,40,444,0,2,high school,No,urban,married,yes,Rejected
64,86770,19258,59,676,30,2,high school,No,semiurban,married,no,Approved
65,77645,26099,41,303,27,0,bachelor,No,semiurban,single,no,Rejected
44,123509,36891,60,627,36,2,high school,No,semiurban,married,no,Approved
70,119724,37992,48,496,6,0,high school,No,rural,single,yes,Rejected
40,51996,32376,18,688,15,1,high school,No,semiurban,married,no,Approved
41,49204,11977,28,560,13,0,master,No,semiurban,married,no,Rejected
26,37152,27694,31,393,32,0,bachelor,No,urban,married,no,Rejected
52,75186,48376,22,556,5,4,high school,Yes,urban,married,yes,Rejected
68,127900,34978,55,435,20,2,bachelor,No,semiurban,married,yes,Rejected
37,110555,10218,36,824,9,3,bachelor,Yes,urban,married,no,Approved
54,105024,22788,35,797,31,3,master,No,urban,married,no,Approved
59,122659,21501,13,477,5,4,high school,No,semiurban,single,no,Rejected
34,39689,13453,38,411,1,1,high school,No,urban,single,no,Rejected
64,70690,39197,30,563,38,1,bachelor,No,semiurban,single,no,Rejected
48,114042,16210,40,713,26,1,high school,No,semiurban,single,no,Approved
25,103251,9689,48,668,13,0,high school,No,semiurban,married,no,Approved
32,77320,46489,22,677,22,2,master,No,semiurban,single,no,Approved
48,84226,28381,30,682,38,1,high school,Yes,semiurban,married,no,Approved
70,76091,30508,39,810,20,3,high school,No,urban,married,no,Approved
47,126565,43653,50,676,29,0,bachelor,No,semiurban,single,no,Approved
63,99301,22142,32,844,24,1,high school,No,semiurban,married,no,Approved
37,41942,41950,37,372,23,1,master,No,urban,married,no,Rejected
56,58712,9916,33,803,10,2,phd,Yes,semiurban,married,no,Approved
70,146315,1375,17,651,34,2,bachelor,No,semiurban,single,no,Approved
29,125430,32449,22,624,3,0,bachelor,Yes,urban,married,no,Approved
66,85277,24797,25,687,36,3,bachelor,No,semiurban,married,no,Approved
34,69632,21782,47,539,35,4,master,No,rural,married,no,Rejected
59,58031,28028,51,373,12,3,high school,No,urban,single,no,Rejected
47,40478,21243,52,330,8,2,bachelor,No,urban,single,yes,Rejected
46,42551,30379,13,778,27,2,master,No,semiurban,married,no,Rejected
36,68068,38780,54,313,15,4,master,No,rural,single,no,Rejected
63,113608,31740,31,615,5,3,high school,No,urban,married,no,Approved
28,55561,20984,33,367,26,3,master,Yes,rural,single,no,Rejected
51,22892,1050,50,837,9,4,high school,No,semiurban,married,no,Rejected
67,119502,7590,15,590,22,2,bachelor,No,semiurban,married,no,Rejected
24,44395,41205,40,323,20,0,phd,Yes,rural,married,no,Rejected
61,38756,16162,57,714,25,3,bachelor,No,rural,married,yes,Rejected
51,136580,14105,35,335,2,1,master,No,urban,married,yes,Rejected
37,107710,38499,12,400,34,3,master,No,urban,married,no,Rejected
67,54651,37641,35,845,6,3,master,No,urban,single,yes,Rejected
55,140155,12628,41,338,26,3,phd,No,semiurban,single,no,Rejected
41,86333,43032,23,510,32,2,high school,No,semiurban,married,yes,Rejected
27,93745,39516,30,471,3,1,high school,No,semiurban,married,no,Rejected
49,126539,22621,48,741,25,3,bachelor,No,semiurban,married,no,Approved
69,69306,2476,51,358,7,0,phd,No,rural,married,yes,Rejected
32,41346,41800,54,709,19,1,bachelor,No,urban,married,no,Rejected
54,133561,36788,15,833,16,4,master,No,semiurban,married,no,Approved
37,48024,25437,26,664,4,0,master,Yes,urban,single,no,Rejected
20,114950,27240,31,666,8,4,bachelor,No,semiurban,single,no,Approved
54,138768,46452,55,643,7,3,bachelor,No,urban,married,yes,Rejected
57,60818,11922,31,595,6,2,bachelor,No,semiurban,single,yes,Rejected
25,25947,49154,32,640,36,3,high school,No,rural,single,no,Rejected
57,95153,9066,21,822,35,3,master,No,rural,single,no,Approved
61,106240,13089,41,564,2,4,high school,No,urban,married,no,Rejected
40,147192,33600,35,823,7,3,phd,Yes,rural,single,no,Approved
57,146519,47176,59,337,4,0,high school,Yes,semiurban,married,no,Rejected
28,114238,9167,51,430,4,2,high school,No,semiurban,married,no,Rejected
63,87428,13816,51,681,16,4,high school,No,urban,single,no,Approved
25,49754,22164,49,524,26,1,master,No,semiurban,single,no,Rejected
46,83355,21429,14,442,39,3,high school,No,semiurban,married,no,Rejected
47,78241,36001,40,730,38,4,master,No,semiurban,married,yes,Rejected
27,88960,32415,19,688,11,3,high school,No,urban,married,no,Approved
56,149958,9117,40,353,27,3,bachelor,No,semiurban,married,no,Rejected
45,147420,48318,21,323,3,4,high school,No,semiurban,married,no,Rejected
66,127754,7359,16,694,27,0,high school,No,urban,married,no,Approved
53,33418,15364,22,418,24,1,high school,No,rural,married,no,Rejected
30,115422,37965,15,484,35,3,bachelor,No,urban,married,no,Rejected
49,120319,29794,60,491,2,0,high school,No,semiurban,married,no,Rejected
53,108593,11293,46,786,30,3,high school,No,urban,married,no,Approved
54,75184,10332,51,683,36,3,high school,No,semiurban,single,no,Approved
43,24833,1615,23,645,11,0,high school,No,rural,married,no,Rejected
39,95430,46612,32,772,36,3,master,No,semiurban,single,no,Approved
21,134246,13401,27,302,36,1,high school,No,urban,married,no,Rejected
48,61833,42936,25,349,3,4,bachelor,No,rural,married,no,Rejected
35,20565,30372,32,803,29,0,master,No,urban,single,no,Rejected
55,60180,43276,59,510,37,2,bachelor,No,urban,single,no,Rejected
41,38402,49322,38,827,37,3,high school,No,semiurban,married,no,Rejected
40,62845,3339,47,582,26,4,bachelor,No,rural,married,no,Rejected
39,95851,17246,12,678,21,1,master,Yes,urban,single,no,Approved
19,32834,9109,12,625,0,1,bachelor,No,semiurban,married,no,Rejected
48,87850,24758,33,597,37,2,bachelor,Yes,semiurban,single,no,Rejected
28,57180,24091,26,437,19,1,high school,No,semiurban,single,no,Rejected
45,23883,44056,31,424,17,4,high school,Yes,urban,married,no,Rejected
63,129688,14317,14,691,5,2,phd,Yes,rural,single,no,Approved
49,95587,17762,25,701,11,0,master,Yes,urban,married,no,Approved
22,126520,4465,20,779,16,2,high school,No,urban,married,no,Approved
55,31695,26622,30,700,21,0,high school,No,urban,single,no,Rejected
27,147135,7800,51,661,17,1,high school,No,semiurban,single,no,Approved
57,43123,36539,45,365,9,4,phd,No,urban,married,no,Rejected
63,78481,37651,15,727,23,3,bachelor,No,urban,married,no,Approved
41,93438,3600,44,820,19,2,master,No,urban,married,yes,Rejected
52,131491,6518,54,731,11,1,bachelor,No,semiurban,married,no,Approved
61,149525,20627,48,404,3,4,master,Yes,semiurban,married,yes,Rejected
65,37573,30369,13,388,4,3,high school,No,rural,married,no,Rejected
40,141844,32445,38,305,25,2,bachelor,Yes,rural,single,no,Rejected
34,114910,17689,56,457,35,4,high school,No,rural,married,no,Rejected
18,76494,16923,28,678,15,1,phd,No,semiurban,married,no,Approved
48,32288,39469,60,629,4,2,high school,No,rural,married,yes,Rejected
48,66978,31403,42,402,25,2,bachelor,No,semiurban,single,no,Rejected
59,92420,1958,52,522,18,0,master,No,urban,married,no,Rejected
59,137845,41363,17,701,5,0,master,No,urban,married,no,Approved
70,96095,4538,42,844,23,2,master,No,semiurban,single,no,Approved
51,74672,24404,14,808,30,4,high school,Yes,rural,married,no,Approved
26,81821,10983,51,483,30,1,phd,No,urban,single,no,Rejected
39,103661,36371,14,386,6,3,bachelor,No,rural,married,no,Rejected
30,89224,25642,44,679,9,0,master,Yes,urban,married,no,Approved
42,109405,14467,24,837,38,1,phd,No,semiurban,married,no,Approved
65,132418,1205,32,712,21,2,high school,No,semiurban,married,no,Approved
35,123673,28409,48,817,13,1,bachelor,No,semiurban,married,no,Approved
68,74796,13442,27,594,27,1,bachelor,No,rural,married,no,Rejected
29,64706,27290,32,559,21,1,master,No,semiurban,single,no,Rejected
57,148554,27108,59,683,31,2,bachelor,No,urban,single,no,Approved
34,143777,6691,55,603,10,0,high school,No,semiurban,married,no,Approved
32,24023,39909,24,615,13,3,master,No,semiurban,married,no,Rejected
59,134286,20504,15,376,30,4,bachelor,No,rural,married,no,Rejected
32,102636,31162,42,678,3,0,master,No,semiurban,married,no,Approved
32,56735,40496,20,760,21,3,bachelor,No,semiurban,married,no,Approved
56,92959,39798,59,355,28,2,high school,Yes,rural,married,no,Rejected
30,59218,22551,44,380,34,3,phd,No,rural,married,no,Rejected
34,32213,14383,48,475,12,2,bachelor,No,semiurban,single,yes,Rejected
49,121519,17496,48,682,19,3,bachelor,No,rural,married,no,Approved
26,142513,42716,35,448,18,0,phd,No,semiurban,married,no,Rejected
57,118694,10088,36,580,14,2,bachelor,Yes,semiurban,married,no,Rejected
37,48460,47982,52,644,25,1,bachelor,No,urban,married,yes,Rejected
43,144579,28444,40,708,19,2,high school,No,semiurban,single,yes,Rejected
44,84680,25734,51,329,35,2,phd,No,urban,single,no,Rejected
38,137725,42745,58,721,5,3,high school,No,urban,married,yes,Rejected
35,51017,35571,47,530,14,2,high school,No,semiurban,single,no,Rejected
30,118536,27415,26,658,3,3,master,No,urban,single,no,Approved
33,112038,16389,56,461,5,0,bachelor,Yes,urban,married,no,Rejected
26,50990,28744,29,527,1,2,high school,No,urban,single,no,Rejected
29,39515,19682,31,520,35,1,high school,No,semiurban,single,no,Rejected
61,49991,46038,16,372,14,1,phd,Yes,semiurban,single,yes,Rejected
55,27634,35310,29,698,11,0,bachelor,No,rural,married,no,Rejected
36,97034,8259,51,394,39,1,bachelor,No,semiurban,married,no,Rejected
24,96452,46168,12,774,6,3,master,No,semiurban,single,no,Approved
52,49377,13546,30,394,21,2,bachelor,No,semiurban,single,no,Rejected
65,53001,3154,34,423,7,4,high school,No,rural,single,no,Rejected
35,21391,9766,37,799,10,2,high school,Yes,urban,single,no,Rejected
33,85206,49517,60,347,1,2,master,No,urban,married,no,Rejected
56,129388,12230,40,394,29,4,bachelor,No,semiurban,single,no,Rejected
21,62215,18765,45,776,3,1,high school,No,rural,married,no,Approved
42,99720,6902,30,332,24,1,bachelor,No,semiurban,single,no,Rejected
49,47114,2222,59,417,20,2,high school,No,semiurban,married,no,Rejected
57,31882,28050,29,550,24,1,phd,No,semiurban,married,no,Rejected
30,133142,35269,13,602,8,3,high school,No,rural,married,no,Approved
62,37273,10050,38,421,7,3,bachelor,No,semiurban,married,no,Rejected
34,126206,49976,17,517,4,4,bachelor,No,semiurban,single,no,Rejected
66,65647,4574,50,352,27,2,bachelor,No,urban,single,no,Rejected
54,102665,37497,17,425,1,3,bachelor,No,rural,married,no,Rejected
23,84892,12157,17,458,20,0,high school,No,rural,single,no,Rejected
36,62679,20575,42,475,7,1,phd,No,urban,single,no,Rejected
30,20427,41244,52,591,33,2,high school,No,urban,married,no,Rejected
43,116952,18945,51,458,22,3,master,No,rural,married,no,Rejected
31,149669,15962,41,790,14,4,high school,No,rural,married,no,Approved
48,86267,36290,32,656,26,3,high school,Yes,semiurban,married,no,Approved
21,20799,36159,52,536,1,0,bachelor,No,urban,married,no,Rejected
56,75659,25852,55,727,27,3,bachelor,No,urban,married,no,Approved
25,114409,31684,29,424,10,2,phd,No,semiurban,married,no,Rejected
42,27025,45842,34,614,20,4,master,No,semiurban,single,no,Rejected
30,34481,12796,49,578,31,4,phd,No,semiurban,married,no,Rejected
49,45411,25450,34,404,31,0,bachelor,No,urban,married,no,Rejected
55,116894,35846,39,341,6,2,high school,No,urban,married,no,Rejected
55,125928,46037,47,696,21,0,bachelor,No,urban,married,no,Approved
45,143014,48130,36,759,13,0,master,No,rural,single,no,Approved
70,34961,18504,18,790,12,0,high school,No,semiurban,married,no,Rejected
47,41767,46728,29,467,20,3,master,No,semiurban,single,no,Rejected
20,140895,31041,31,473,21,1,bachelor,No,rural,married,yes,Rejected
45,71690,11715,16,671,33,3,master,No,semiurban,married,no,Approved
20,72870,22803,29,449,9,2,bachelor,No,semiurban,married,no,Rejected
62,126536,4370,53,548,0,0,master,No,urban,married,no,Rejected
51,56135,2908,51,479,0,0,high school,No,semiurban,married,no,Rejected
33,84514,38075,44,419,23,1,high school,No,semiurban,single,no,Rejected
39,106928,22134,26,327,2,4,bachelor,No,semiurban,single,no,Rejected
49,148705,45065,46,416,30,0,bachelor,No,semiurban,married,no,Rejected
55,98798,4587,58,561,12,3,phd,No,semiurban,married,no,Rejected
25,90765,31023,57,337,3,0,high school,No,rural,single,no,Rejected
25,43772,46153,12,496,22,2,master,No,urban,married,no,Rejected
23,38799,3413,32,824,5,1,bachelor,Yes,semiurban,married,no,Rejected
31,132051,26038,19,736,33,4,bachelor,No,urban,single,no,Approved
49,149941,23555,18,709,17,2,high school,No,rural,single,no,Approved
52,43555,11952,52,632,35,3,bachelor,No,semiurban,married,no,Rejected
27,112152,4457,55,830,25,2,bachelor,No,semiurban,single,no,Approved
20,147219,9464,51,764,32,0,high school,No,semiurban,single,no,Approved
29,39333,2150,51,457,32,1,bachelor,No,urban,married,no,Rejected
66,24261,48305,41,459,24,0,high school,No,semiurban,married,no,Rejected
48,139833,33264,49,633,16,1,bachelor,No,rural,married,no,Approved
46,89002,41222,46,675,2,3,bachelor,No,urban,married,no,Rejected
22,66553,48553,13,378,21,2,master,No,rural,married,no,Rejected
69,23088,45349,57,496,34,1,high school,Yes,semiurban,single,no,Rejected
42,65783,33786,19,419,3,2,high school,No,urban,married,yes,Rejected
58,21115,10808,49,525,27,1,master,No,semiurban,married,no,Rejected
48,90114,39345,15,709,12,0,high school,No,urban,married,no,Approved
38,88126,5081,48,837,29,1,master,No,semiurban,single,no,Approved
37,92908,40222,32,638,11,1,high school,No,semiurban,single,no,Approved
56,89109,9933,24,836,2,4,master,Yes,urban,single,no,Rejected
39,22978,3671,20,519,20,3,high school,No,urban,single,no,Rejected
21,128943,44739,56,592,39,0,bachelor,No,semiurban,married,no,Rejected
30,29422,48738,40,503,0,0,phd,No,rural,married,no,Rejected
62,63626,32217,52,813,17,2,high school,No,semiurban,married,no,Approved
59,109233,40155,35,501,12,1,high school,Yes,semiurban,married,no,Rejected
67,76174,40601,27,331,6,1,bachelor,No,rural,single,yes,Rejected
66,116356,20008,23,388,12,1,master,No,semiurban,single,no,Rejected
37,57743,22883,13,501,16,0,high school,No,urban,married,no,Rejected
69,90461,34282,30,592,31,4,master,No,semiurban,married,no,Rejected
30,77199,33974,41,414,28,2,master,No,rural,single,no,Rejected
34,149000,34715,27,521,29,1,high school,No,semiurban,married,no,Rejected
53,142778,44401,35,481,10,4,high school,No,rural,married,no,Rejected
50,49430,16380,24,768,13,3,high school,No,semiurban,single,no,Rejected
18,48834,19212,16,725,9,0,bachelor,Yes,semiurban,married,yes,Rejected
32,44435,29174,34,359,7,3,bachelor,No,urban,married,no,Rejected
30,107212,7861,49,784,30,0,high school,No,semiurban,married,no,Approved
34,75797,7094,42,310,5,2,bachelor,Yes,semiurban,married,no,Rejected
41,63554,40113,28,684,18,3,bachelor,No,semiurban,married,no,Approved
25,74555,47728,60,709,18,2,high school,No,rural,married,no,Approved
67,105350,25363,60,341,11,2,phd,Yes,urban,married,no,Rejected
44,34716,23310,14,422,38,2,master,No,semiurban,married,no,Rejected
62,80261,40300,37,551,17,3,high school,No,urban,married,no,Rejected
40,47528,6943,24,783,2,3,phd,No,urban,married,no,Rejected
63,21995,15569,55,512,8,3,phd,No,semiurban,married,yes,Rejected
25,42414,43616,49,567,5,1,high school,No,rural,single,no,Rejected
25,33844,9793,33,839,0,2,high school,No,rural,single,no,Rejected
43,56659,39207,32,434,39,1,master,No,semiurban,married,yes,Rejected
64,35522,26287,40,797,28,0,phd,Yes,semiurban,married,no,Rejected
30,125449,34971,56,425,34,3,master,No,semiurban,single,no,Rejected
56,149632,43351,57,658,34,4,high school,No,semiurban,married,no,Approved
54,94034,48179,50,802,29,0,high school,No,semiurban,married,yes,Rejected
66,62322,32369,16,617,34,2,bachelor,Yes,semiurban,married,no,Approved
45,87638,24023,25,311,38,2,high school,No,rural,single,no,Rejected
42,121334,46885,29,776,21,1,high school,Yes,semiurban,married,no,Approved
33,28524,24897,15,593,27,3,bachelor,No,urban,single,no,Rejected
19,50846,24010,44,739,17,3,bachelor,No,rural,married,no,Approved
35,93643,41154,50,815,31,0,high school,No,semiurban,married,no,Approved
34,80096,36899,31,690,4,0,phd,No,rural,married,yes,Rejected
47,134930,21114,24,615,33,0,high school,No,urban,married,no,Approved
56,103804,20050,47,307,30,4,bachelor,Yes,rural,married,no,Rejected
30,67703,22125,56,807,32,4,bachelor,Yes,semiurban,single,no,Approved
49,44399,29558,15,423,3,2,high school,No,semiurban,single,no,Rejected
67,95160,45846,46,671,13,2,master,No,rural,married,no,Approved
46,112662,21396,19,613,14,2,master,No,semiurban,married,no,Approved
63,108667,28125,51,484,19,3,bachelor,No,rural,married,no,Rejected
47,143182,23580,60,846,19,2,master,No,semiurban,single,no,Approved
35,68591,39973,58,824,34,1,high school,No,urban,single,yes,Rejected
30,40714,24574,47,338,3,0,high school,No,urban,married,no,Rejected
60,126167,25619,17,383,17,3,bachelor,No,semiurban,married,no,Rejected
38,55877,14869,33,320,23,4,phd,No,rural,married,yes,Rejected
47,104106,1658,17,552,26,0,bachelor,No,urban,married,no,Rejected
38,98018,48150,53,602,32,2,bachelor,No,urban,married,no,Approved
65,119854,13122,47,557,24,4,bachelor,No,semiurban,married,no,Rejected
34,79136,44827,20,841,4,4,high school,Yes,semiurban,single,no,Approved
57,53414,14335,27,760,17,4,bachelor,No,urban,married,no,Approved
36,140832,22677,50,523,19,0,high school,No,rural,married,no,Rejected
69,106576,29223,57,391,34,3,bachelor,No,urban,married,no,Rejected
32,98943,30814,49,579,5,0,master,No,urban,married,no,Rejected
26,143592,19075,44,469,26,1,bachelor,Yes,semiurban,married,no,Rejected
69,65468,44185,29,547,27,2,phd,Yes,semiurban,married,no,Rejected
27,118841,12258,23,660,10,3,high school,No,urban,single,no,Approved
61,99702,31527,38,648,8,3,high school,Yes,rural,married,no,Approved
48,92108,11139,58,734,27,2,bachelor,No,urban,married,no,Approved
70,118538,43325,12,705,18,1,phd,No,urban,single,no,Approved
40,112508,41503,26,377,38,4,high school,No,rural,married,no,Rejected
69,66835,20514,58,757,20,2,phd,Yes,urban,single,no,Approved
47,83333,21917,38,691,30,4,bachelor,No,rural,single,no,Approved
50,62464,30097,27,313,6,2,master,No,urban,married,no,Rejected
69,132454,18788,32,344,36,0,phd,No,urban,single,no,Rejected
26,42923,26061,12,337,24,1,bachelor,Yes,urban,married,no,Rejected
64,136062,10947,40,715,27,1,bachelor,No,semiurban,single,no,Approved
18,81855,16544,14,544,35,2,bachelor,No,semiurban,married,yes,Rejected
61,87445,21014,23,361,16,1,master,No,semiurban,married,no,Rejected
52,143795,15795,39,792,25,4,high school,No,semiurban,married,no,Approved
28,130454,33632,50,622,27,1,master,No,semiurban,married,no,Approved
51,141906,20352,48,551,36,1,master,No,semiurban,married,yes,Rejected
33,118384,24653,42,767,16,1,bachelor,Yes,rural,married,yes,Rejected
26,87619,2579,42,360,16,3,high school,No,semiurban,married,no,Rejected
49,66146,32758,44,418,32,2,master,No,rural,married,no,Rejected
32,80032,44755,44,386,33,0,high school,No,semiurban,single,no,Rejected
29,133521,39760,58,379,22,0,phd,No,semiurban,married,no,Rejected
50,136378,33818,51,527,29,3,high school,No,urban,married,no,Rejected
62,37140,7452,22,782,26,3,master,No,urban,single,yes,Rejected
31,22670,38921,57,609,8,0,high school,No,semiurban,single,no,Rejected
25,56519,16340,40,784,19,4,master,No,rural,married,no,Approved
25,64512,47668,36,324,22,0,bachelor,No,semiurban,married,no,Rejected
44,77811,48738,24,501,18,0,bachelor,Yes,semiurban,married,no,Rejected
29,123565,3787,55,524,36,2,high school,No,rural,married,no,Rejected
18,34691,47149,30,809,3,0,phd,No,urban,married,no,Rejected
60,125156,49357,47,819,12,0,high school,No,semiurban,married,yes,Rejected
57,54262,16839,39,482,37,1,phd,Yes,urban,married,no,Rejected
59,74892,3155,15,376,11,3,bachelor,No,semiurban,married,no,Rejected
68,45595,8019,14,725,8,0,high school,Yes,semiurban,married,no,Rejected
28,77207,21614,49,366,14,0,bachelor,No,urban,married,yes,Rejected
56,148590,27190,48,793,20,4,bachelor,No,semiurban,single,no,Approved
60,135589,41375,54,846,14,0,master,No,semiurban,married,no,Approved
48,53440,11928,36,376,4,2,high school,Yes,urban,married,no,Rejected
34,28630,49425,52,354,4,4,phd,No,rural,single,no,Rejected
50,51250,9598,46,772,24,0,bachelor,No,urban,married,no,Approved
49,114334,45339,40,546,23,2,high school,No,semiurban,married,no,Rejected
46,149228,21581,52,738,36,3,bachelor,No,rural,married,no,Approved
38,128572,49974,40,613,30,0,high school,No,urban,single,no,Approved
38,118748,45655,23,619,33,3,high school,No,rural,married,no,Approved
57,127461,48796,46,519,13,0,high school,No,semiurban,married,no,Rejected
40,97518,49743,31,670,26,4,master,No,semiurban,married,yes,Rejected
23,94191,47607,28,515,3,4,high school,No,semiurban,married,no,Rejected
39,84791,14919,23,348,22,2,master,No,semiurban,married,no,Rejected
67,104118,39180,47,762,37,1,high school,No,semiurban,married,no,Approved
55,120591,5499,21,417,4,2,high school,No,rural,married,no,Rejected
54,83753,38677,29,381,26,0,high school,No,semiurban,married,no,Rejected
62,130261,49246,41,562,13,3,master,No,urban,single,no,Rejected
68,80520,44862,19,795,6,3,high school,No,semiurban,married,no,Approved
25,24008,26602,52,475,17,0,high school,No,rural,single,no,Rejected
58,64464,30692,24,388,31,1,high school,Yes,urban,married,no,Rejected
66,127408,41422,42,658,1,1,high school,Yes,semiurban,single,no,Rejected
52,20496,49750,17,585,19,1,phd,No,semiurban,married,no,Rejected
68,119767,22760,18,596,28,0,phd,No,rural,married,no,Rejected
28,148747,3920,32,559,25,4,high school,No,semiurban,married,no,Rejected
41,43212,25085,49,774,37,4,high school,No,semiurban,single,no,Rejected
66,40637,23925,54,835,0,0,master,No,urban,married,no,Rejected
38,65227,6615,60,336,4,4,high school,No,semiurban,single,no,Rejected
68,102413,38083,39,480,13,1,master,No,urban,married,no,Rejected
19,139753,46228,55,324,24,4,high school,Yes,semiurban,married,no,Rejected
57,140118,3783,32,648,8,0,bachelor,No,semiurban,single,no,Approved
36,103346,10605,32,842,29,4,high school,No,semiurban,married,no,Approved
56,29884,46557,35,526,18,4,master,No,semiurban,single,no,Rejected
45,136481,45608,38,647,39,4,high school,No,rural,single,no,Approved
34,88259,20192,38,337,7,4,high school,No,semiurban,married,no,Rejected
23,69810,4331,24,682,15,0,bachelor,Yes,semiurban,married,no,Approved
36,149926,32856,40,535,7,2,high school,No,urban,single,no,Rejected
55,24761,3846,50,480,22,4,high school,No,rural,married,no,Rejected
45,93166,34697,39,413,8,2,high school,No,semiurban,married,no,Rejected
19,147342,38586,48,605,31,0,phd,No,semiurban,married,no,Approved
55,36375,36030,40,431,36,3,high school,No,rural,married,no,Rejected
54,127045,13775,59,647,33,2,high school,No,rural,single,yes,Rejected
68,45218,8549,33,479,17,0,phd,No,semiurban,married,no,Rejected
69,50565,23437,47,714,14,3,master,No,semiurban,married,no,Approved
21,122654,24958,41,684,14,4,bachelor,No,urban,married,no,Approved
39,52975,25243,39,811,28,0,bachelor,No,urban,married,no,Approved
43,47073,43177,34,342,22,1,master,No,semiurban,married,no,Rejected
66,89726,43424,44,779,22,3,high school,No,rural,single,no,Approved
60,21883,29984,15,417,0,1,bachelor,No,semiurban,single,no,Rejected
53,88422,37942,14,360,21,4,high school,Yes,semiurban,married,no,Rejected
30,69629,38538,43,487,6,4,high school,No,urban,married,no,Rejected
69,84170,6833,15,752,31,2,high school,No,semiurban,married,no,Approved
49,94489,24386,12,486,27,4,master,No,semiurban,married,no,Rejected
34,28381,35813,23,763,31,2,master,Yes,semiurban,single,no,Rejected
58,43238,34805,24,463,32,3,bachelor,No,semiurban,married,no,Rejected
53,33795,7242,45,723,12,1,bachelor,Yes,urban,married,no,Rejected
63,115964,29704,40,401,27,3,bachelor,Yes,urban,married,no,Rejected
36,82999,43419,20,566,8,1,master,No,semiurban,married,no,Rejected
52,69907,25832,42,452,2,0,bachelor,No,semiurban,single,no,Rejected
63,29638,13321,18,728,16,3,bachelor,No,rural,single,no,Rejected
57,90467,39930,24,726,33,0,high school,No,urban,married,no,Approved
45,62623,33407,13,835,31,1,bachelor,No,urban,single,no,Approved
18,58492,5073,44,632,8,2,high school,No,urban,married,no,Approved
59,46411,18667,18,739,0,3,bachelor,No,rural,single,no,Rejected
35,130724,17035,29,423,19,3,master,No,urban,single,no,Rejected
65,40534,7732,19,601,4,2,high school,No,semiurban,single,no,Rejected
57,122364,4487,23,648,39,2,high school,No,semiurban,single,no,Approved
50,49181,35952,54,548,20,4,phd,Yes,urban,single,no,Rejected
29,123069,30425,41,570,4,4,master,No,rural,married,no,Rejected
25,39996,47658,20,728,3,1,high school,No,semiurban,single,no,Rejected
41,92089,20571,39,546,7,3,high school,No,urban,married,no,Rejected
33,125682,30075,15,780,24,2,high school,No,semiurban,married,no,Approved
67,103609,43185,50,397,6,2,bachelor,No,semiurban,single,yes,Rejected
21,136004,6495,28,628,36,0,master,No,rural,married,no,Approved
55,92666,19681,22,724,31,4,high school,No,semiurban,married,no,Approved
61,49405,15781,13,723,16,0,master,No,urban,single,no,Rejected
44,121490,40865,34,304,27,2,phd,No,semiurban,single,no,Rejected
26,146900,9469,33,758,5,3,high school,No,semiurban,married,no,Approved
64,91325,46167,37,797,35,3,high school,Yes,semiurban,married,no,Approved
33,48930,17202,23,386,1,0,master,Yes,semiurban,single,no,Rejected
29,134426,20928,43,701,30,4,master,No,semiurban,married,no,Approved
48,37529,11985,20,592,0,1,high school,Yes,rural,married,no,Rejected
41,73546,40599,54,580,2,3,bachelor,No,semiurban,married,no,Rejected
31,27942,17775,16,496,12,1,master,No,semiurban,married,no,Rejected
62,27548,1968,37,382,30,4,high school,Yes,urban,married,no,Rejected
42,135248,11382,18,326,28,0,high school,Yes,semiurban,single,no,Rejected
51,38296,6151,40,434,32,4,high school,Yes,semiurban,married,no,Rejected
20,71016,27804,44,389,9,2,phd,No,semiurban,married,no,Rejected
41,117780,44586,35,505,37,4,high school,Yes,rural,married,no,Rejected
59,20296,33259,36,326,8,0,high school,No,semiurban,married,no,Rejected
26,87945,21748,42,677,0,0,high school,No,semiurban,married,no,Rejected
43,79980,20691,40,714,36,4,phd,Yes,urban,married,no,Approved
37,76782,33020,16,526,31,0,high school,Yes,semiurban,married,no,Rejected
57,54229,44560,49,367,32,2,master,No,urban,single,no,Rejected
27,116382,28256,56,661,1,1,high school,Yes,rural,married,no,Rejected
36,73444,7125,22,559,1,4,master,No,semiurban,married,no,Rejected
20,55036,5370,43,362,4,0,master,No,semiurban,married,no,Rejected
41,135682,5838,19,691,9,1,high school,No,urban,married,no,Approved
22,149114,49943,31,545,37,2,high school,Yes,rural,married,no,Rejected
20,59322,4134,45,577,36,4,high school,No,semiurban,married,no,Rejected
44,134695,46459,58,646,1,0,high school,No,urban,married,no,Rejected
33,47167,44199,53,671,39,1,master,No,urban,single,no,Rejected
66,71667,12556,19,422,24,2,high school,No,semiurban,single,no,Rejected
32,114527,34822,13,356,37,3,bachelor,No,semiurban,married,no,Rejected
52,103337,28977,32,459,36,0,high school,No,semiurban,single,yes,Rejected
29,71468,21113,26,426,17,2,high school,Yes,urban,married,no,Rejected
58,92894,31566,17,610,26,1,high school,No,urban,married,no,Approved
70,73084,3669,16,817,19,4,high school,No,semiurban,single,no,Approved
61,83138,17081,14,564,33,1,high school,No,semiurban,married,yes,Rejected
43,42588,13938,54,587,7,4,bachelor,No,rural,single,no,Rejected
64,82901,6717,54,719,3,2,high school,No,semiurban,married,no,Approved
51,37671,13282,27,827,29,2,master,Yes,semiurban,married,no,Rejected
40,145724,48659,46,439,35,1,master,Yes,semiurban,married,no,Rejected
48,103038,43065,20,774,8,1,master,Yes,semiurban,married,no,Approved
67,110664,15201,46,828,11,4,phd,Yes,semiurban,married,no,Approved
37,51645,17289,30,688,13,0,phd,Yes,semiurban,single,yes,Rejected
29,27637,25406,54,810,34,1,high school,Yes,urban,married,yes,Rejected
40,20660,32286,57,837,5,0,high school,No,semiurban,married,no,Rejected
21,127211,13873,45,512,22,0,bachelor,Yes,urban,single,no,Rejected
40,26922,17512,50,812,3,0,high school,No,semiurban,married,no,Rejected
65,113697,29927,21,564,0,2,phd,Yes,semiurban,single,no,Rejected
65,64721,24461,21,642,8,2,high school,No,semiurban,married,no,Approved
18,77256,21710,31,337,8,0,master,No,rural,married,no,Rejected
42,141025,20952,12,532,14,0,bachelor,Yes,semiurban,married,no,Rejected
19,137217,14448,17,559,23,2,phd,No,semiurban,married,no,Rejected
47,89506,16198,57,607,7,4,master,No,semiurban,married,no,Approved
20,88943,8622,13,702,27,3,high school,No,rural,married,no,Approved
38,144338,41848,49,560,16,1,high school,No,rural,married,no,Rejected
42,47843,3402,44,775,34,0,master,No,urban,single,no,Rejected
37,29046,37324,14,405,30,2,phd,Yes,rural,married,no,Rejected
66,109336,29467,47,546,3,0,master,No,urban,married,no,Rejected
69,83985,35961,24,603,13,0,master,No,urban,married,no,Approved
39,100083,44007,46,642,24,0,high school,No,rural,married,no,Approved
38,123064,21739,26,746,39,0,bachelor,Yes,rural,married,yes,Rejected
50,116925,19518,56,337,6,4,phd,Yes,semiurban,married,no,Rejected
69,146417,27547,33,345,30,1,high school,No,semiurban,married,yes,Rejected
55,136585,29936,54,519,34,1,bachelor,No,urban,single,no,Rejected
32,50346,21287,15,555,37,2,high school,No,semiurban,married,no,Rejected
63,108284,42351,28,436,19,4,bachelor,Yes,semiurban,married,no,Rejected
69,143152,26476,16,530,15,4,bachelor,Yes,urban,single,no,Rejected
32,131769,13875,32,337,21,1,bachelor,Yes,semiurban,married,no,Rejected
63,122391,11686,35,454,35,2,high school,Yes,semiurban,single,no,Rejected
42,111384,18536,42,802,18,4,high school,No,semiurban,married,no,Approved
38,73526,35062,51,404,1,2,master,No,urban,married,no,Rejected
41,93143,49216,41,554,3,1,phd,No,urban,married,no,Rejected
22,56787,26041,53,703,33,0,high school,Yes,urban,married,yes,Rejected
23,53583,32653,18,787,6,4,high school,No,semiurban,married,no,Approved
66,32563,22673,60,757,13,2,master,No,semiurban,married,no,Rejected
60,66060,11367,18,827,31,0,high school,No,urban,married,no,Approved
65,149537,20629,38,824,16,1,high school,No,semiurban,married,no,Approved
61,141943,47105,35,669,36,3,bachelor,No,semiurban,single,no,Approved
64,134462,24100,30,401,13,4,bachelor,Yes,rural,married,no,Rejected
40,53690,7654,52,840,16,4,high school,No,semiurban,married,no,Approved
21,131233,26063,45,811,31,2,phd,No,urban,single,no,Approved
44,114712,20322,33,688,1,1,high school,No,urban,married,yes,Rejected
35,34925,20010,38,662,38,1,high school,No,semiurban,single,no,Rejected
38,106787,13693,17,414,3,4,bachelor,No,urban,married,no,Rejected
45,103184,10241,21,642,39,4,master,No,semiurban,single,yes,Rejected
52,40108,30778,56,373,29,2,master,Yes,rural,single,no,Rejected
39,96515,37843,42,434,29,2,high school,No,semiurban,single,no,Rejected
57,88258,13651,36,679,32,3,high school,Yes,rural,married,yes,Rejected
40,25355,26966,13,789,0,0,high school,No,urban,married,no,Rejected
20,66069,10275,21,424,32,2,high school,No,semiurban,single,no,Rejected
57,114335,46606,21,337,35,0,bachelor,No,semiurban,married,no,Rejected
67,120854,2658,37,609,30,4,master,No,semiurban,single,no,Approved
27,74471,29963,16,405,36,3,bachelor,No,semiurban,single,no,Rejected
42,52705,7932,33,524,13,3,phd,No,urban,single,no,Rejected
69,63909,15248,15,541,5,3,master,No,semiurban,single,no,Rejected
66,108606,25437,45,696,6,1,high school,No,semiurban,married,no,Approved
25,148501,40727,18,452,39,4,high school,No,rural,married,no,Rejected
28,136361,19201,28,835,23,1,bachelor,No,semiurban,married,yes,Rejected
22,73739,42150,22,701,3,1,bachelor,No,semiurban,single,no,Approved
62,96820,25355,19,445,24,3,bachelor,No,rural,married,no,Rejected
70,107273,15999,39,490,2,1,bachelor,No,semiurban,married,no,Rejected
54,43241,7376,55,500,27,4,high school,No,semiurban,single,no,Rejected
62,47414,4476,44,311,22,4,high school,No,urban,single,no,Rejected
55,70818,5366,36,351,35,1,master,No,semiurban,married,no,Rejected
46,40895,49974,32,601,12,4,master,Yes,rural,single,no,Rejected
22,112307,26733,23,599,21,0,phd,Yes,semiurban,married,no,Rejected
26,82409,13458,37,820,24,1,phd,No,rural,single,no,Approved
65,75324,33795,40,439,23,3,high school,Yes,urban,married,no,Rejected
19,86920,21615,49,399,36,3,high school,No,rural,married,no,Rejected
18,73555,12164,46,784,32,4,master,Yes,urban,married,no,Approved
57,138642,40316,48,436,13,4,phd,No,rural,single,no,Rejected
68,85453,4024,57,665,23,3,high school,No,urban,single,no,Approved
47,42689,30559,55,833,21,0,high school,No,semiurban,married,no,Rejected
28,84356,2264,56,806,36,3,high school,No,urban,married,no,Approved
45,113011,10047,56,460,22,1,master,No,urban,single,no,Rejected
61,28252,45985,40,474,5,3,master,No,urban,single,no,Rejected
29,50844,7587,60,387,18,2,master,Yes,semiurban,single,no,Rejected
56,115687,7577,35,698,11,0,high school,No,rural,married,no,Approved
43,125542,18635,26,779,25,0,bachelor,No,semiurban,married,no,Approved
30,43365,46564,17,844,28,3,high school,No,urban,single,no,Rejected
25,26026,4870,43,776,13,2,high school,No,urban,single,no,Rejected
45,118303,35094,55,582,16,1,phd,Yes,urban,single,no,Rejected
47,48523,10217,45,751,29,3,high school,No,urban,single,no,Rejected
26,141297,18602,47,381,6,1,high school,No,semiurban,married,yes,Rejected
56,30482,1605,31,512,20,2,master,No,semiurban,married,no,Rejected
48,132105,23343,23,819,0,3,high school,No,rural,single,no,Rejected
38,68888,14003,46,433,37,3,phd,Yes,semiurban,married,no,Rejected
64,133884,44257,60,746,3,1,high school,No,semiurban,single,no,Approved
51,126968,33089,49,417,7,3,master,No,rural,married,no,Rejected
48,70110,18661,28,542,17,2,master,No,semiurban,married,no,Rejected
69,110644,17782,38,449,7,3,high school,No,semiurban,single,yes,Rejected
42,20493,31029,28,832,30,4,bachelor,No,rural,married,no,Rejected
29,76194,14487,22,678,30,2,high school,Yes,semiurban,married,no,Approved
18,102001,48501,50,824,27,0,bachelor,No,urban,married,no,Approved
39,59767,40042,13,812,36,1,bachelor,No,semiurban,single,no,Approved
57,49550,23065,13,416,2,2,phd,No,semiurban,married,no,Rejected
54,33833,11844,40,616,14,0,high school,No,semiurban,married,no,Rejected
64,22970,20323,56,311,3,0,high school,No,semiurban,married,yes,Rejected
18,118315,26397,35,389,34,2,high school,Yes,rural,single,no,Rejected
18,115494,46957,35,687,33,0,master,No,semiurban,married,no,Approved
59,142512,18328,27,382,35,0,phd,No,urban,single,no,Rejected
59,147424,44739,42,695,5,4,high school,No,semiurban,single,no,Approved
38,133855,39733,60,844,3,3,high school,No,urban,single,no,Approved
32,102681,46389,54,399,29,4,high school,No,urban,married,no,Rejected
34,121489,30715,20,756,38,3,high school,No,urban,married,yes,Rejected
39,69177,40116,38,627,17,0,bachelor,No,rural,married,no,Approved
55,87342,18580,52,373,21,3,high school,No,semiurban,single,no,Rejected
52,141339,1823,25,395,9,4,master,No,urban,married,no,Rejected
62,91200,27472,56,391,28,1,high school,Yes,rural,single,no,Rejected
33,81501,8084,36,629,22,1,phd,No,rural,married,no,Approved
25,48900,13455,54,474,3,3,high school,Yes,rural,married,no,Rejected
64,34126,11607,55,614,18,1,master,No,urban,married,no,Rejected
34,131198,17919,33,796,25,2,phd,No,urban,single,no,Approved
34,90690,48004,46,568,6,1,phd,No,urban,married,no,Rejected
43,107744,20394,44,727,12,3,master,No,rural,married,no,Approved
30,99303,11819,38,334,2,0,high school,No,semiurban,single,no,Rejected
34,105579,12969,51,418,39,4,high school,No,urban,married,no,Rejected
55,67994,18333,37,670,10,1,master,No,rural,married,no,Approved
34,87061,12700,30,750,15,3,master,No,semiurban,single,no,Approved
65,119064,32792,56,608,19,4,high school,No,semiurban,married,no,Approved
31,36978,34311,50,656,22,2,phd,No,semiurban,married,no,Rejected
62,76344,37668,56,675,22,0,bachelor,No,semiurban,single,no,Approved
23,66648,12945,37,404,31,4,high school,No,semiurban,married,no,Rejected
52,21055,37992,17,689,37,4,high school,No,semiurban,married,no,Rejected
63,95582,47526,14,475,2,3,high school,No,urban,married,yes,Rejected
31,121387,48717,17,405,7,2,high school,Yes,urban,single,no,Rejected
64,101214,36634,39,462,37,1,master,No,rural,married,no,Rejected
25,64876,19630,14,566,39,2,high school,No,rural,married,no,Rejected
32,138363,42036,24,578,13,0,bachelor,No,semiurban,married,no,Rejected
44,112160,25944,24,602,7,1,master,No,semiurban,married,no,Approved
30,127954,24360,24,426,10,2,master,Yes,urban,married,no,Rejected
66,58725,13813,12,545,32,0,bachelor,No,semiurban,married,no,Rejected
48,25255,5601,51,533,14,4,bachelor,No,semiurban,single,no,Rejected
70,94947,13930,48,738,36,4,phd,Yes,semiurban,married,no,Approved
52,73380,5333,42,436,13,4,high school,Yes,semiurban,married,no,Rejected
23,134648,6399,28,448,25,4,high school,Yes,semiurban,married,no,Rejected
22,73333,18839,20,355,7,1,master,No,semiurban,single,no,Rejected
39,62459,41204,56,655,3,4,high school,No,semiurban,married,yes,Rejected
66,136518,21195,24,556,35,1,high school,No,semiurban,married,no,Rejected
40,56163,28848,48,362,17,1,bachelor,No,rural,married,no,Rejected
42,53971,24693,25,362,26,2,high school,No,semiurban,married,no,Rejected
51,116771,48715,22,328,18,4,master,Yes,urban,single,no,Rejected
43,85149,47729,36,599,2,3,high school,Yes,urban,single,no,Rejected
64,147150,41854,42,514,8,4,bachelor,No,semiurban,single,no,Rejected
22,104730,37450,25,440,38,3,master,No,semiurban,single,no,Rejected
43,39476,2854,18,806,1,4,bachelor,No,semiurban,married,no,Rejected
37,88580,32558,35,798,8,1,bachelor,No,rural,married,no,Approved
23,140759,3985,60,801,5,4,high school,No,semiurban,single,no,Approved
23,125576,44585,47,490,37,4,high school,No,urban,married,no,Rejected
67,106593,20278,53,348,27,4,high school,No,semiurban,married,no,Rejected
35,89050,41264,53,662,33,4,bachelor,No,semiurban,single,no,Approved
21,95526,34326,58,795,28,2,bachelor,No,urban,married,no,Approved
34,124496,20280,55,576,2,2,bachelor,Yes,semiurban,married,no,Rejected
31,129071,35022,52,346,15,1,master,Yes,rural,single,no,Rejected
31,134832,16667,14,515,34,1,high school,No,semiurban,married,no,Rejected
30,27507,19065,58,529,10,3,high school,No,semiurban,single,yes,Rejected
24,90393,49846,55,622,22,1,bachelor,Yes,urban,married,no,Approved
61,32118,22655,37,720,29,2,bachelor,No,urban,married,no,Rejected
32,70529,11006,58,524,4,1,high school,Yes,rural,single,no,Rejected
36,88682,7283,37,586,7,3,high school,No,semiurban,married,no,Rejected
60,111937,42622,12,345,9,3,master,Yes,rural,married,yes,Rejected
64,74176,46076,26,313,27,2,bachelor,No,rural,married,no,Rejected
61,135481,4325,22,674,35,1,bachelor,No,semiurban,married,no,Approved
52,111713,31783,48,632,9,3,phd,No,rural,single,no,Approved
34,124060,4143,18,465,13,1,high school,No,urban,single,no,Rejected
52,24414,36805,23,806,37,1,phd,No,urban,married,no,Rejected
36,103030,13417,49,416,36,2,high school,No,urban,married,no,Rejected
37,140360,32300,14,738,4,2,bachelor,No,urban,married,yes,Rejected
53,105973,27526,53,603,5,1,bachelor,No,semiurban,married,no,Approved
52,82137,29896,37,756,29,4,bachelor,Yes,semiurban,single,yes,Rejected
49,23937,38443,41,570,18,4,high school,No,urban,single,no,Rejected
65,56731,28606,43,515,13,0,bachelor,No,urban,married,no,Rejected
61,106862,40916,47,412,10,0,high school,No,semiurban,single,no,Rejected
57,58665,8551,56,315,4,0,high school,No,semiurban,married,yes,Rejected
41,94510,36436,48,515,30,2,high school,No,semiurban,single,no,Rejected
34,132681,48680,29,726,31,1,bachelor,No,semiurban,married,no,Approved
24,37500,3246,12,434,23,3,high school,No,urban,single,no,Rejected
60,134360,40421,32,342,9,1,high school,No,urban,married,no,Rejected
67,21750,44901,39,583,12,1,high school,No,semiurban,married,no,Rejected
18,85018,8649,59,397,12,0,high school,Yes,urban,married,no,Rejected
52,145456,42209,27,359,35,1,bachelor,No,rural,married,no,Rejected
49,24027,1888,59,529,21,0,bachelor,Yes,semiurban,married,no,Rejected
53,129832,42983,39,684,8,1,bachelor,No,semiurban,married,no,Approved
30,25745,30424,33,458,18,3,phd,No,semiurban,single,no,Rejected
23,81731,42559,30,770,6,4,bachelor,No,urban,married,no,Approved
31,106984,12075,59,507,14,4,master,No,semiurban,married,no,Rejected
54,127983,23699,12,473,16,2,bachelor,Yes,semiurban,single,no,Rejected
65,48451,48972,42,380,13,3,high school,No,semiurban,single,no,Rejected
32,113743,10950,53,317,1,1,bachelor,No,semiurban,single,no,Rejected
64,91474,6413,45,590,13,3,high school,No,semiurban,married,no,Rejected
21,81536,40305,57,659,3,1,bachelor,No,rural,married,no,Approved
57,32150,4569,51,578,2,3,phd,No,semiurban,single,no,Rejected
33,33406,2242,17,696,2,3,high school,Yes,urban,married,no,Rejected
45,39781,38097,39,441,10,4,high school,No,urban,married,no,Rejected
33,77417,31085,14,816,4,3,bachelor,No,semiurban,single,no,Approved
21,136047,11487,42,550,28,2,bachelor,No,semiurban,married,no,Rejected
62,143971,19309,27,839,27,1,master,No,semiurban,single,no,Approved
43,123157,31771,28,536,22,0,high school,No,rural,married,no,Rejected
45,38325,27638,55,431,29,3,high school,Yes,rural,married,no,Rejected
49,88684,37163,38,605,22,0,bachelor,No,semiurban,married,no,Approved
62,114415,22615,35,657,21,4,bachelor,No,urban,single,no,Approved
19,134547,9039,31,584,11,0,bachelor,No,semiurban,married,no,Rejected
48,93469,9198,43,592,26,2,bachelor,No,urban,single,no,Rejected
20,29436,35354,46,462,39,2,master,No,urban,married,no,Rejected
25,37669,4824,24,718,14,4,high school,No,rural,single,no,Rejected
41,147385,24999,59,767,22,2,high school,No,semiurban,single,no,Approved
32,92010,4436,54,806,18,1,bachelor,No,rural,single,no,Approved
60,132983,29014,31,777,10,2,bachelor,No,rural,married,no,Approved
48,96764,41857,59,661,37,3,high school,No,semiurban,married,no,Approved
26,119074,17057,13,611,39,2,high school,No,rural,married,no,Approved
56,21843,2310,15,544,2,1,master,No,semiurban,single,yes,Rejected
62,85609,10819,38,776,15,4,high school,No,urban,married,yes,Rejected
19,70812,49233,36,735,31,2,phd,No,semiurban,married,no,Approved
25,36059,14457,15,549,37,1,phd,No,semiurban,married,no,Rejected
24,106269,1477,43,321,8,3,bachelor,No,semiurban,married,no,Rejected
61,141790,9906,28,776,37,0,master,No,rural,single,no,Approved
68,60768,10868,12,810,4,0,bachelor,No,semiurban,married,no,Approved
56,45395,19546,44,635,0,4,high school,Yes,urban,single,no,Rejected
59,40202,34276,41,641,34,4,bachelor,No,urban,single,no,Rejected
33,33273,8319,16,637,34,0,master,No,semiurban,single,no,Rejected
52,68889,34149,23,779,11,0,master,No,urban,married,no,Approved
47,118635,49055,49,341,35,4,master,No,urban,single,no,Rejected
27,136109,2845,43,373,20,0,phd,No,semiurban,married,no,Rejected
55,93048,24684,49,321,7,2,high school,No,semiurban,married,no,Rejected
35,113767,30858,28,519,26,1,master,No,semiurban,married,no,Rejected
67,108810,46330,56,378,8,4,bachelor,No,semiurban,married,no,Rejected
22,123235,43678,51,534,27,1,master,Yes,urban,single,no,Rejected
70,144571,27667,43,456,29,3,high school,Yes,semiurban,single,yes,Rejected
46,65510,26293,35,626,13,3,master,No,urban,married,no,Approved
56,107945,25893,23,413,22,2,bachelor,No,rural,married,no,Rejected
51,131730,5629,58,574,28,3,high school,No,semiurban,married,no,Rejected
60,139096,6704,42,680,25,4,high school,No,urban,single,no,Approved
62,90649,2776,30,319,21,2,phd,No,semiurban,single,yes,Rejected
40,126723,49281,40,508,14,2,bachelor,Yes,urban,married,no,Rejected
22,22881,48996,32,459,8,4,bachelor,Yes,semiurban,single,no,Rejected
47,65913,32236,37,337,25,0,high school,No,urban,married,no,Rejected
23,131860,2244,39,417,16,1,bachelor,No,semiurban,single,no,Rejected
63,104785,2333,28,689,8,4,phd,No,semiurban,single,no,Approved
61,85037,4669,20,676,2,0,high school,No,semiurban,single,no,Rejected
21,82457,18584,32,675,15,0,phd,No,urban,married,no,Approved
46,55343,49347,45,341,12,3,bachelor,No,semiurban,married,no,Rejected
40,82389,28277,22,769,25,2,phd,Yes,semiurban,married,no,Approved
23,98250,2933,31,757,16,2,bachelor,No,semiurban,married,yes,Rejected
49,124489,34514,60,429,31,3,high school,No,rural,married,no,Rejected
59,28656,42800,58,327,23,3,high school,No,urban,married,no,Rejected
35,25741,25357,50,625,35,2,high school,No,semiurban,single,no,Rejected
32,36661,28071,27,808,21,4,high school,No,urban,married,no,Rejected
57,117091,7827,40,624,8,4,bachelor,No,urban,married,no,Approved
49,48690,31844,12,459,21,4,high school,No,urban,single,yes,Rejected
26,52833,49965,29,815,19,4,phd,No,semiurban,married,no,Approved
54,122566,26664,33,553,2,3,master,No,semiurban,single,no,Rejected
27,91240,1792,19,547,35,1,phd,No,semiurban,married,no,Rejected
37,133659,40695,18,652,32,1,master,No,semiurban,married,no,Approved
23,126898,18651,36,697,17,2,bachelor,Yes,semiurban,single,no,Approved
65,97711,43510,41,502,35,1,high school,No,urban,married,no,Rejected
20,77141,40137,45,601,9,4,bachelor,No,semiurban,married,no,Approved
59,98232,48568,55,447,35,3,master,No,urban,married,no,Rejected
28,59023,20074,59,520,20,4,master,No,urban,married,no,Rejected
60,60209,8874,52,562,24,0,high school,No,semiurban,married,no,Rejected
34,113590,17676,22,595,39,3,bachelor,No,rural,married,no,Rejected
49,146324,40632,26,614,8,0,bachelor,No,urban,married,no,Approved
21,106612,37790,46,591,26,0,bachelor,No,semiurban,married,no,Rejected
21,100522,19032,34,330,14,2,high school,No,urban,single,no,Rejected
34,131654,31885,56,343,31,0,bachelor,No,rural,single,no,Rejected
58,34440,12008,32,433,38,1,master,No,semiurban,single,no,Rejected
36,139107,45870,39,648,15,1,master,No,semiurban,married,no,Approved
22,27960,49110,24,518,27,0,bachelor,No,urban,married,no,Rejected
49,42462,44878,45,749,5,2,phd,Yes,rural,married,no,Rejected
39,145919,6171,49,803,5,0,master,No,semiurban,married,no,Approved
23,37821,10589,17,385,37,3,master,No,urban,single,no,Rejected
52,77772,19077,55,550,1,3,bachelor,No,semiurban,married,no,Rejected
39,47258,7710,15,564,39,3,bachelor,No,urban,married,no,Rejected
18,112889,21236,16,822,6,3,high school,No,urban,single,no,Approved
37,108952,39227,51,379,26,0,bachelor,No,urban,married,yes,Rejected
39,82524,15937,17,760,27,4,bachelor,No,urban,married,no,Approved
65,42115,10754,32,551,15,4,high school,Yes,semiurban,single,no,Rejected
28,138066,26688,39,317,8,3,phd,No,semiurban,married,no,Rejected
30,66433,8048,14,555,14,2,high school,No,semiurban,single,no,Rejected
59,110504,23568,34,544,33,2,high school,No,rural,single,no,Rejected
20,108267,33047,19,452,19,0,bachelor,No,semiurban,married,no,Rejected
26,108321,10483,30,799,13,4,bachelor,No,semiurban,single,no,Approved
29,124933,18545,22,757,10,0,high school,Yes,urban,married,no,Approved
40,99364,18413,21,841,29,1,high school,Yes,urban,married,no,Approved
31,90077,29913,39,414,2,3,high school,Yes,semiurban,married,no,Rejected
50,60644,46217,31,746,1,1,high school,Yes,semiurban,single,no,Rejected
35,82643,49122,55,652,13,1,high school,No,rural,married,no,Approved
66,33311,34746,39,840,28,2,bachelor,No,urban,single,no,Rejected
58,143221,9709,40,621,4,4,high school,No,rural,single,no,Approved
26,143012,26358,19,758,5,3,high school,No,urban,married,no,Approved
40,149466,49528,30,525,7,0,master,No,semiurban,married,no,Rejected
27,50531,12023,59,660,38,3,bachelor,No,rural,single,no,Approved
36,34588,30851,32,830,38,0,high school,Yes,semiurban,married,yes,Rejected
64,69416,29756,29,411,28,0,high school,No,semiurban,single,no,Rejected
22,32380,12145,20,511,38,4,high school,No,semiurban,married,no,Rejected
64,62645,22192,15,532,26,1,master,No,rural,married,no,Rejected
69,37818,48259,52,458,15,0,high school,No,urban,married,no,Rejected
40,50857,19839,36,623,26,4,phd,No,urban,married,no,Approved
47,41711,28410,45,392,38,1,high school,Yes,semiurban,married,no,Rejected
42,25097,41160,20,547,39,1,bachelor,No,urban,married,no,Rejected
45,136348,12447,20,440,0,3,master,Yes,semiurban,married,no,Rejected
51,48393,22033,29,703,32,3,phd,No,urban,married,no,Rejected
62,42076,42355,22,703,38,3,high school,No,rural,married,no,Rejected
65,104274,11129,24,713,26,2,high school,No,semiurban,married,no,Approved
64,77609,31358,49,739,16,1,bachelor,No,semiurban,married,no,Approved
42,49317,14907,20,532,14,2,bachelor,No,rural,married,yes,Rejected
27,124765,22637,27,492,21,3,phd,No,rural,married,no,Rejected
31,78480,39196,15,398,18,4,bachelor,No,rural,married,no,Rejected
59,27044,23369,45,412,27,3,high school,No,semiurban,single,no,Rejected
63,91033,30481,18,835,22,0,bachelor,No,urban,single,no,Approved
47,139237,32681,26,580,35,4,high school,No,semiurban,married,no,Rejected
58,75486,3589,49,822,38,4,bachelor,No,semiurban,married,no,Approved
42,75162,24560,22,649,19,1,bachelor,Yes,semiurban,married,yes,Rejected
31,99287,4034,43,615,8,2,high school,No,rural,married,no,Approved
52,49882,1169,38,799,22,0,phd,No,rural,single,no,Rejected
69,74078,27913,41,836,6,4,bachelor,No,semiurban,single,no,Approved
65,78734,4239,28,735,30,2,master,No,semiurban,married,no,Approved
51,127608,4415,47,822,10,2,bachelor,No,semiurban,single,no,Approved
27,128730,20952,30,743,39,0,master,No,semiurban,single,no,Approved
52,63826,12408,18,507,16,0,bachelor,No,semiurban,single,no,Rejected
28,107985,4484,54,575,35,3,phd,No,semiurban,married,no,Rejected
28,64028,19225,56,796,25,3,bachelor,Yes,semiurban,single,no,Approved
38,71331,15923,32,596,35,4,high school,No,semiurban,single,no,Rejected
38,139655,21936,39,673,17,4,high school,No,urban,married,no,Approved
39,118938,40612,14,483,30,4,phd,No,urban,married,no,Rejected
62,138319,20410,25,331,34,3,bachelor,No,rural,married,no,Rejected
24,52543,30997,13,582,27,4,high school,No,urban,married,no,Rejected
34,144279,37733,40,731,25,4,master,No,semiurban,single,yes,Rejected
19,49362,40952,29,818,5,3,high school,No,semiurban,single,no,Rejected
29,47315,22863,48,761,33,3,master,No,rural,single,no,Rejected
59,47746,6380,56,667,27,4,bachelor,No,semiurban,married,no,Rejected
35,30057,21710,56,551,8,4,high school,No,urban,married,no,Rejected
28,131649,16285,35,465,28,2,high school,No,urban,married,no,Rejected
33,62915,28260,57,828,33,1,bachelor,No,urban,single,yes,Rejected
66,41061,33879,23,670,11,3,phd,No,urban,married,no,Rejected
68,71370,17143,56,402,15,1,bachelor,No,rural,married,no,Rejected
35,54157,8413,43,425,6,3,master,No,semiurban,single,no,Rejected
52,131375,32578,29,337,30,2,bachelor,No,urban,married,no,Rejected
70,31322,15726,24,647,32,1,high school,No,semiurban,single,no,Rejected
43,89812,28015,15,512,6,2,master,No,semiurban,single,no,Rejected
33,97842,6983,34,618,2,0,bachelor,No,semiurban,married,no,Rejected
23,54017,20178,21,725,19,1,high school,Yes,rural,married,yes,Rejected
61,76792,27990,16,546,4,1,high school,Yes,semiurban,single,no,Rejected
60,47742,11321,51,585,2,1,bachelor,No,semiurban,married,no,Rejected
64,117136,44829,25,530,37,0,bachelor,No,semiurban,married,yes,Rejected
64,84808,37366,45,619,14,0,high school,No,urban,married,no,Approved
65,140400,35294,39,811,34,2,bachelor,Yes,semiurban,married,no,Approved
59,149198,41677,19,820,22,0,bachelor,No,semiurban,single,no,Approved
29,37629,35737,27,524,32,3,high school,No,semiurban,single,no,Rejected
30,148614,42911,42,805,1,4,high school,No,urban,married,no,Rejected
21,28245,18886,18,406,35,1,master,No,semiurban,single,no,Rejected
56,116950,45296,14,630,20,2,phd,No,semiurban,married,no,Approved
19,63870,23791,40,304,13,2,high school,No,semiurban,married,no,Rejected
43,115634,9301,47,767,13,2,high school,Yes,semiurban,married,no,Approved
44,84829,36122,50,815,10,2,high school,No,urban,married,no,Approved
44,134530,39087,15,462,3,1,high school,Yes,urban,single,no,Rejected
32,30588,33993,20,830,29,2,high school,Yes,rural,married,no,Rejected
25,20442,48288,28,381,35,1,bachelor,No,semiurban,single,no,Rejected
24,125280,36779,60,780,19,2,bachelor,No,urban,married,yes,Rejected
64,122979,37894,31,815,15,2,bachelor,No,urban,single,no,Approved
63,97339,34381,25,486,33,4,high school,No,rural,single,no,Rejected
57,60721,15082,57,445,7,3,bachelor,No,urban,single,no,Rejected
29,57145,6458,40,451,19,0,high school,No,semiurban,single,no,Rejected
30,30599,42770,24,662,20,0,high school,No,semiurban,single,no,Rejected
60,92594,23300,47,392,39,0,master,No,semiurban,single,no,Rejected
34,102742,3699,56,330,29,3,high school,No,urban,married,no,Rejected
34,97430,30485,28,839,35,1,high school,No,urban,married,no,Approved
53,22939,41285,58,348,4,0,bachelor,Yes,rural,married,no,Rejected
38,141784,2019,54,557,20,0,bachelor,No,urban,married,no,Rejected
25,42149,33471,15,817,37,0,high school,No,semiurban,married,no,Rejected
22,147616,49671,31,840,22,1,high school,No,rural,married,yes,Rejected
43,86567,21270,22,709,18,3,bachelor,Yes,semiurban,married,no,Approved
33,30208,23615,53,455,9,3,phd,No,semiurban,married,no,Rejected
53,86098,14698,33,845,26,1,phd,No,semiurban,married,no,Approved
45,129034,49918,56,739,34,4,phd,No,rural,married,no,Approved
46,69492,39346,19,536,12,2,high school,Yes,rural,married,no,Rejected
64,40951,7729,39,667,8,1,high school,No,urban,married,no,Rejected
29,68920,40729,56,356,16,2,high school,No,urban,married,no,Rejected
54,66766,12171,52,474,30,3,high school,No,rural,single,yes,Rejected
47,77014,14947,41,513,23,2,high school,No,rural,single,no,Rejected
40,48351,35725,44,326,18,0,bachelor,No,urban,married,yes,Rejected
33,104216,20450,44,418,29,2,high school,Yes,rural,single,no,Rejected
31,69386,14300,58,446,4,2,high school,Yes,urban,married,no,Rejected
27,107122,20064,47,564,7,3,bachelor,No,urban,married,no,Rejected
24,29308,5441,38,702,36,4,high school,No,semiurban,married,no,Rejected
62,79252,46779,31,557,35,2,high school,No,semiurban,single,no,Rejected
69,95145,20332,44,488,24,3,bachelor,No,urban,married,no,Rejected
54,115031,21115,36,798,4,0,high school,No,rural,married,no,Approved
46,103211,34869,55,538,32,2,master,No,semiurban,married,no,Rejected
20,48064,22868,54,626,21,2,phd,Yes,semiurban,married,no,Rejected
32,73879,42997,30,369,24,0,bachelor,No,semiurban,married,no,Rejected
53,146534,21615,58,324,28,1,bachelor,No,urban,single,yes,Rejected
64,28720,14615,32,455,29,4,high school,No,semiurban,married,no,Rejected
63,146204,15732,53,518,29,0,phd,No,semiurban,single,no,Rejected
69,62940,26367,44,678,30,0,high school,No,semiurban,married,no,Approved
36,99993,46134,14,493,33,0,master,Yes,urban,married,no,Rejected
30,88475,43738,25,339,27,1,bachelor,Yes,urban,married,no,Rejected
59,67113,46760,26,642,9,0,master,No,urban,single,no,Approved
38,68926,1981,44,802,3,1,phd,Yes,rural,married,yes,Rejected
54,58203,22554,53,749,32,4,bachelor,No,rural,single,no,Approved
44,108901,26319,33,635,16,1,high school,No,rural,single,no,Approved
69,25392,17130,12,303,10,4,master,No,semiurban,married,no,Rejected
46,45905,19815,42,816,6,4,master,No,semiurban,married,no,Rejected
37,93508,9566,58,796,16,4,bachelor,Yes,urban,married,no,Approved
42,70385,27329,46,525,27,3,master,No,semiurban,married,no,Rejected
23,50653,7349,31,449,16,4,master,No,semiurban,married,no,Rejected
53,111865,11728,43,537,9,1,phd,No,urban,single,no,Rejected
19,104720,41316,23,402,25,3,bachelor,No,urban,single,no,Rejected
39,145813,19375,27,474,5,0,high school,Yes,urban,married,no,Rejected
49,34799,22814,19,760,16,0,bachelor,No,urban,married,no,Rejected
33,80103,37214,25,333,15,2,high school,Yes,urban,single,no,Rejected
35,137463,22545,29,817,38,4,bachelor,No,urban,single,no,Approved
22,35052,46588,41,739,25,2,master,No,semiurban,married,no,Rejected
53,26044,19953,44,584,3,4,high school,No,urban,single,no,Rejected
47,39871,3872,45,524,19,4,bachelor,No,rural,married,yes,Rejected
62,109303,10368,55,556,10,1,high school,No,rural,single,no,Rejected
36,132719,35103,60,358,22,1,high school,No,rural,single,no,Rejected
40,40234,6413,45,545,32,0,bachelor,No,semiurban,married,no,Rejected
51,145407,30269,60,818,30,3,bachelor,No,semiurban,married,no,Approved
30,41381,21156,18,513,6,0,master,No,semiurban,single,no,Rejected
60,37274,14423,17,515,21,4,high school,No,urban,married,no,Rejected
46,132162,39062,17,702,4,3,bachelor,No,semiurban,single,no,Approved
53,107840,43805,33,582,36,2,high school,Yes,rural,married,no,Rejected
39,144945,2987,19,514,0,4,high school,No,semiurban,married,no,Rejected
69,103108,38597,48,681,5,1,master,No,semiurban,married,no,Approved
69,123948,19369,26,344,3,0,high school,No,semiurban,married,no,Rejected
64,147177,28868,37,471,29,0,high school,No,semiurban,single,no,Rejected
53,69892,12434,50,520,29,2,bachelor,No,rural,single,no,Rejected
26,70521,15548,14,684,16,0,master,No,urban,married,no,Approved
56,111501,17636,21,394,23,0,bachelor,No,rural,married,no,Rejected
68,103920,33383,14,343,30,3,master,No,semiurban,single,no,Rejected
36,103391,43196,41,527,27,4,high school,No,rural,married,no,Rejected
55,37920,18007,57,616,3,3,bachelor,No,semiurban,married,no,Rejected
23,36702,36924,33,634,38,3,bachelor,No,semiurban,single,no,Rejected
69,145144,31211,14,766,18,0,master,No,rural,married,no,Approved
64,123457,12328,12,596,23,4,master,No,rural,single,no,Rejected
32,21894,4389,44,844,6,0,bachelor,No,urban,married,no,Rejected
37,50985,10458,30,788,8,0,bachelor,No,semiurban,married,no,Approved
26,48287,3945,47,514,21,3,bachelor,No,urban,married,no,Rejected
49,147699,10352,45,823,1,1,bachelor,No,urban,married,no,Rejected
21,145702,11486,42,301,26,1,bachelor,No,semiurban,single,yes,Rejected
67,93527,42400,54,506,15,3,high school,No,urban,single,no,Rejected
35,35439,3092,35,640,4,3,high school,No,semiurban,single,no,Rejected
22,148676,37527,23,706,11,0,high school,No,semiurban,married,no,Approved
37,114620,6112,24,605,25,4,master,No,rural,married,no,Approved
40,62235,17937,27,806,14,0,phd,No,urban,married,no,Approved
28,47659,38672,27,768,2,0,bachelor,No,urban,married,no,Rejected
54,44976,47026,31,794,8,2,high school,No,semiurban,married,no,Rejected
39,124239,2112,52,560,27,0,high school,No,urban,married,no,Rejected
21,102643,36545,59,663,38,4,high school,No,urban,married,no,Approved
46,87865,32740,38,813,35,0,high school,No,urban,single,no,Approved
61,127631,24481,50,840,24,3,high school,Yes,rural,single,yes,Rejected
51,88306,49355,24,754,27,4,master,No,rural,married,no,Approved
30,76697,11025,15,443,20,3,bachelor,No,rural,married,no,Rejected
59,90382,35082,43,491,28,2,high school,Yes,semiurban,married,no,Rejected
26,36651,14562,56,652,24,2,high school,No,semiurban,married,no,Rejected
59,69044,12304,51,598,29,4,bachelor,No,rural,married,no,Rejected
48,34633,8015,45,759,38,1,high school,No,semiurban,married,no,Rejected
24,99164,45885,50,726,10,1,bachelor,No,semiurban,married,no,Approved
21,20569,6710,54,330,18,4,high school,No,semiurban,single,no,Rejected
36,79900,13588,28,631,10,4,phd,No,semiurban,single,no,Approved
59,87509,21967,35,710,24,3,bachelor,Yes,semiurban,married,no,Approved
47,143425,22904,40,351,0,2,bachelor,No,semiurban,married,no,Rejected
48,121126,25256,57,683,31,4,master,No,urban,single,no,Approved
52,139148,26052,39,542,20,0,high school,Yes,urban,married,no,Rejected
38,147522,16436,56,716,12,3,bachelor,No,rural,single,no,Approved
48,53038,22815,58,774,33,2,high school,No,semiurban,married,no,Approved
36,69088,16196,33,691,16,3,bachelor,Yes,urban,married,no,Approved
48,93177,19089,39,688,18,2,high school,No,semiurban,single,no,Approved
70,94466,18604,36,768,9,0,bachelor,No,semiurban,single,yes,Rejected
49,92216,3506,52,707,8,2,high school,No,rural,married,no,Approved
19,86793,33584,14,818,10,3,high school,No,semiurban,single,no,Approved
69,93786,21709,24,488,37,2,master,No,urban,single,no,Rejected
27,58138,45840,42,650,30,3,phd,No,semiurban,married,yes,Rejected
19,83310,49904,24,582,1,4,high school,No,semiurban,single,no,Rejected
19,48757,48111,52,456,23,0,high school,Yes,rural,married,no,Rejected
41,90394,39247,29,447,4,3,high school,No,urban,single,no,Rejected
34,126885,44202,48,369,29,1,high school,No,urban,married,no,Rejected
49,99027,4090,54,669,38,1,high school,No,rural,married,yes,Rejected
33,110830,40265,45,814,34,2,bachelor,No,semiurban,married,no,Approved
33,76151,22552,28,533,16,4,high school,No,semiurban,married,no,Rejected
63,130740,30135,32,766,30,4,high school,No,rural,married,yes,Rejected
56,131174,15691,47,586,1,1,master,No,urban,married,no,Rejected
70,69272,40761,51,593,15,2,bachelor,No,semiurban,married,no,Rejected
48,26908,34741,30,780,20,4,bachelor,Yes,semiurban,single,no,Rejected
60,30844,22661,23,433,29,4,high school,No,semiurban,married,no,Rejected
41,71455,42025,39,307,0,2,bachelor,No,semiurban,married,no,Rejected
18,123165,7092,22,327,13,3,master,Yes,semiurban,married,yes,Rejected
28,88447,36674,59,819,15,1,bachelor,No,urban,single,yes,Rejected
38,94527,1570,48,609,8,4,bachelor,No,rural,married,yes,Rejected
21,97108,13084,39,840,7,3,high school,No,semiurban,married,yes,Rejected
24,63066,1307,46,793,8,3,high school,No,urban,single,no,Approved
43,115229,4742,55,333,33,3,bachelor,No,semiurban,single,no,Rejected
64,60004,42742,26,306,32,3,phd,No,urban,married,no,Rejected
67,58333,29792,27,339,21,0,bachelor,No,semiurban,married,no,Rejected
29,141219,1765,56,629,29,0,bachelor,No,rural,married,no,Approved
48,103029,42732,18,361,6,2,bachelor,No,urban,single,yes,Rejected
34,59697,25198,58,385,17,1,bachelor,No,urban,married,no,Rejected
50,37634,8735,14,415,20,2,phd,No,semiurban,married,no,Rejected
28,145520,17202,42,596,4,0,high school,No,semiurban,married,no,Rejected
45,44561,48199,23,678,6,2,master,No,semiurban,married,no,Rejected
49,38033,12377,19,621,11,2,bachelor,No,semiurban,married,no,Rejected
18,92887,47042,36,694,16,3,high school,No,urban,married,no,Approved
64,75063,15297,55,656,23,4,high school,Yes,urban,single,no,Approved
45,45921,9036,46,718,36,0,bachelor,No,urban,married,no,Rejected
70,39340,41364,23,777,18,0,high school,No,semiurban,married,yes,Rejected
59,82781,25369,32,635,15,2,bachelor,No,urban,married,no,Approved
24,34901,35817,37,319,24,4,high school,No,semiurban,married,no,Rejected
19,30638,38443,13,711,26,2,bachelor,No,urban,single,yes,Rejected
59,58596,2663,25,848,6,1,bachelor,No,rural,single,no,Approved
41,106914,40244,57,558,7,0,bachelor,Yes,rural,single,no,Rejected
21,64324,13028,15,656,14,3,master,No,semiurban,single,no,Approved
61,108356,20823,28,500,15,3,master,No,rural,married,no,Rejected
36,110596,16077,58,710,7,3,master,No,rural,married,no,Approved
43,52642,40911,59,587,35,0,bachelor,No,semiurban,married,no,Rejected
28,142302,20631,16,347,31,0,bachelor,No,rural,single,no,Rejected
57,45378,2910,35,669,16,3,bachelor,No,rural,married,no,Rejected
67,70867,34500,60,530,35,0,master,Yes,semiurban,married,no,Rejected
60,93686,20897,18,394,21,3,high school,No,rural,married,no,Rejected
28,62875,38377,34,602,31,1,bachelor,No,rural,single,no,Approved
62,138171,12134,58,517,10,1,master,No,urban,single,no,Rejected
20,109595,38224,28,686,5,1,master,Yes,rural,single,no,Approved
29,120061,27897,23,390,21,2,high school,No,semiurban,married,no,Rejected
20,103729,48280,22,357,13,2,high school,No,rural,married,no,Rejected
59,84377,37103,22,733,27,4,high school,No,urban,married,no,Approved
44,149267,49313,45,821,38,4,phd,No,urban,married,no,Approved
66,74691,46582,58,782,11,4,high school,No,rural,married,no,Approved
19,140736,8056,48,666,26,1,phd,No,semiurban,married,no,Approved
66,129503,29950,40,706,0,1,phd,No,semiurban,married,no,Rejected
33,113337,3753,59,817,9,1,master,No,semiurban,married,yes,Rejected
19,84303,32941,47,630,32,0,master,No,semiurban,married,no,Approved
47,80839,35140,38,534,15,0,phd,No,semiurban,married,yes,Rejected
37,145200,15234,53,710,38,1,high school,No,rural,married,yes,Rejected
55,69063,10636,33,482,5,3,high school,No,semiurban,married,no,Rejected
45,111782,4376,13,586,24,4,master,No,semiurban,married,no,Rejected
42,148824,31783,58,422,19,2,high school,No,rural,single,no,Rejected
49,98343,42249,47,457,35,4,high school,No,semiurban,married,no,Rejected
27,103071,44025,59,622,22,3,high school,No,semiurban,single,no,Approved
59,25492,17447,41,312,15,0,bachelor,No,rural,married,no,Rejected
57,141399,21329,18,503,0,1,bachelor,No,rural,single,no,Rejected
50,51357,17713,23,601,29,0,high school,No,rural,married,yes,Rejected
30,91838,5858,14,342,26,0,bachelor,Yes,semiurban,married,no,Rejected
58,52314,20472,28,805,1,3,bachelor,No,semiurban,married,no,Rejected
59,68697,17524,52,490,20,0,phd,No,semiurban,married,no,Rejected
64,90283,47387,43,359,8,0,high school,No,urban,married,no,Rejected
54,79567,5539,19,765,23,4,high school,Yes,urban,single,no,Approved
33,67006,19857,34,678,38,4,high school,Yes,urban,single,no,Approved
62,80011,39362,49,728,6,3,phd,No,rural,married,no,Approved
39,126706,37671,41,361,29,1,high school,No,rural,single,no,Rejected
37,30686,6364,26,601,1,4,high school,No,semiurban,married,no,Rejected
67,57449,1449,21,471,11,0,high school,No,semiurban,single,no,Rejected
60,81606,21830,49,804,12,2,bachelor,No,urban,married,no,Approved
44,38891,22078,26,362,2,4,bachelor,No,urban,single,no,Rejected
58,72115,38574,41,315,39,2,master,No,semiurban,married,no,Rejected
33,121732,1869,57,400,17,1,bachelor,No,rural,married,no,Rejected
51,80719,39847,37,475,38,0,bachelor,No,urban,married,no,Rejected
49,115464,41075,56,492,5,4,high school,No,urban,married,no,Rejected
43,93030,29140,25,572,26,1,bachelor,No,rural,married,no,Rejected
42,56723,4659,14,766,14,3,bachelor,No,semiurban,single,no,Approved
19,49877,37370,47,474,14,1,high school,Yes,urban,married,no,Rejected
29,138393,42352,37,533,18,3,master,No,urban,single,no,Rejected
57,113517,15385,25,515,37,3,high school,No,semiurban,married,no,Rejected
26,34026,44751,42,790,19,4,master,No,semiurban,married,no,Rejected
29,40422,20337,25,716,19,2,high school,No,semiurban,married,no,Rejected
43,29244,6131,51,832,17,3,bachelor,No,rural,single,no,Rejected
26,53481,2358,21,750,33,0,high school,No,urban,married,no,Approved
27,109180,26614,20,579,38,4,high school,No,semiurban,single,no,Rejected
49,129384,17771,57,543,36,3,master,No,urban,single,no,Rejected
51,141699,14603,51,445,34,4,bachelor,No,semiurban,married,yes,Rejected
65,78031,17246,54,366,37,0,bachelor,No,semiurban,married,no,Rejected
37,28521,18216,53,402,37,4,phd,No,urban,married,no,Rejected
56,21746,42209,29,609,0,4,bachelor,No,semiurban,married,no,Rejected
19,103127,43987,47,416,11,3,bachelor,Yes,urban,married,yes,Rejected
18,112254,43488,47,771,4,1,high school,Yes,urban,married,no,Approved
68,135472,21577,23,620,26,4,high school,No,urban,single,no,Approved
53,88232,43320,51,734,38,3,high school,No,semiurban,single,no,Approved
41,32012,12301,14,669,19,0,master,No,rural,married,no,Rejected
44,100224,10515,29,486,39,0,bachelor,No,semiurban,married,no,Rejected
19,43457,27802,18,768,18,1,high school,No,rural,single,no,Rejected
48,90572,1891,42,772,37,0,bachelor,No,semiurban,married,no,Approved
31,125431,22972,12,753,14,3,high school,No,semiurban,single,no,Approved
19,49960,48853,42,745,5,1,phd,No,rural,married,no,Rejected
46,122022,21932,24,393,8,3,bachelor,No,urban,single,no,Rejected
32,107695,5192,40,337,35,1,phd,No,semiurban,married,no,Rejected
29,27910,17128,14,781,22,1,high school,Yes,semiurban,married,no,Rejected
54,22693,23836,40,410,9,3,high school,No,urban,single,no,Rejected
45,135313,25837,46,709,0,1,bachelor,No,urban,married,no,Rejected
37,35858,23778,26,467,10,3,master,No,semiurban,married,no,Rejected
56,48810,44130,32,696,19,0,bachelor,No,semiurban,single,no,Rejected
41,40092,17708,30,426,27,0,master,Yes,semiurban,single,no,Rejected
38,108779,42945,39,341,21,4,high school,No,semiurban,married,no,Rejected
27,68700,25232,15,340,19,2,bachelor,No,semiurban,married,no,Rejected
63,78105,40412,56,786,37,2,bachelor,No,semiurban,married,no,Approved
31,50505,5782,24,698,15,0,bachelor,No,rural,married,no,Approved
54,93228,27315,26,481,1,4,bachelor,No,semiurban,single,no,Rejected
35,48555,11052,59,480,24,2,bachelor,No,urban,single,no,Rejected
41,91934,20521,50,763,26,3,bachelor,No,rural,single,no,Approved
31,92788,4898,43,349,2,3,high school,No,urban,single,no,Rejected
51,97257,18219,14,707,22,1,high school,No,semiurban,married,no,Approved
29,37939,5154,41,700,31,2,high school,No,semiurban,single,yes,Rejected
39,31825,36546,31,445,16,3,bachelor,No,semiurban,married,no,Rejected
23,110787,14809,13,597,39,2,bachelor,No,semiurban,married,no,Rejected
53,122491,26972,36,444,19,1,bachelor,No,semiurban,single,no,Rejected
62,44151,40177,22,315,29,0,high school,Yes,urban,married,no,Rejected
53,148068,13523,12,384,27,4,high school,No,semiurban,married,no,Rejected
39,20036,38081,59,515,22,1,high school,Yes,rural,single,no,Rejected
31,113948,23030,60,781,18,1,bachelor,No,semiurban,single,no,Approved
33,103707,41376,59,351,24,1,master,No,semiurban,single,no,Rejected
53,59051,21105,21,847,23,4,master,No,semiurban,married,yes,Rejected
42,118297,47485,28,406,0,3,phd,No,urban,married,no,Rejected
49,100738,25295,41,518,27,2,high school,Yes,semiurban,married,no,Rejected
50,93596,12864,46,636,28,0,high school,Yes,semiurban,married,no,Approved
62,80071,44982,30,670,34,0,master,No,rural,married,no,Approved
53,93601,13876,57,553,16,4,bachelor,No,semiurban,married,no,Rejected
37,49873,19055,45,704,10,0,high school,No,rural,married,no,Rejected
35,56648,34684,43,329,36,4,bachelor,No,semiurban,married,no,Rejected
55,91468,22972,23,484,6,4,bachelor,No,urban,single,no,Rejected
20,46470,26493,54,588,25,2,phd,No,urban,married,no,Rejected
40,85129,10325,28,658,22,2,master,Yes,semiurban,married,yes,Rejected
49,28328,37775,17,773,17,4,high school,Yes,semiurban,married,no,Rejected
62,26333,21373,24,699,28,2,high school,No,rural,married,yes,Rejected
33,140447,37253,50,432,38,3,bachelor,Yes,urban,married,no,Rejected
22,141173,22181,33,801,33,1,high school,No,semiurban,married,no,Approved
21,66638,11961,22,802,37,0,high school,No,semiurban,married,no,Approved
38,31268,18705,18,376,7,0,phd,No,semiurban,married,no,Rejected
57,90603,45676,56,649,20,0,master,No,semiurban,single,no,Approved
68,133920,37122,56,359,20,0,bachelor,No,semiurban,married,no,Rejected
31,130379,27104,32,754,35,3,master,No,urban,married,no,Approved
56,37045,14509,12,764,16,3,high school,No,semiurban,single,no,Rejected
48,60741,8101,41,610,15,1,master,Yes,semiurban,married,no,Approved
31,108306,5743,30,390,14,4,bachelor,No,semiurban,married,no,Rejected
23,62770,9951,58,597,14,2,master,No,rural,single,no,Rejected
29,27887,8014,57,624,39,1,high school,No,semiurban,single,no,Rejected
33,118718,37180,40,579,16,0,master,No,semiurban,married,no,Rejected
34,117906,42908,46,417,0,2,master,Yes,semiurban,single,no,Rejected
62,125154,44039,31,570,12,1,bachelor,Yes,rural,married,no,Rejected
40,44918,9219,47,816,37,0,bachelor,Yes,urban,married,no,Rejected
31,55497,8163,50,400,9,1,phd,Yes,semiurban,single,no,Rejected
24,113562,3470,12,687,32,0,high school,Yes,semiurban,married,no,Approved
63,81009,44498,34,585,25,0,high school,No,urban,married,no,Rejected
49,31929,17543,42,352,11,3,high school,Yes,semiurban,married,no,Rejected
32,133292,20276,46,539,18,0,bachelor,Yes,urban,single,no,Rejected
61,122201,37881,58,513,14,1,master,No,rural,single,no,Rejected
34,147121,14414,56,660,4,2,master,No,semiurban,married,no,Approved
58,81762,8749,33,663,1,3,bachelor,Yes,rural,single,no,Rejected
64,120473,25182,57,626,13,2,phd,No,rural,married,no,Approved
61,99099,12914,18,775,28,4,bachelor,No,rural,married,no,Approved
51,136566,16007,44,396,0,2,phd,No,urban,married,no,Rejected
22,48546,31951,56,626,12,4,phd,No,semiurban,married,no,Rejected
62,141142,45691,47,372,31,4,bachelor,No,semiurban,single,no,Rejected
44,98424,33608,55,555,33,3,high school,Yes,rural,married,no,Rejected
69,57338,22383,18,469,13,2,high school,Yes,urban,single,no,Rejected
40,145497,14042,38,632,37,0,bachelor,No,semiurban,single,no,Approved
57,54283,26412,13,456,37,3,master,No,semiurban,single,no,Rejected
31,102494,14181,28,718,14,3,high school,No,rural,married,no,Approved
32,98170,45898,12,757,38,0,high school,No,rural,married,no,Approved
60,104787,4405,57,398,5,2,bachelor,No,semiurban,married,no,Rejected
50,66566,31868,41,543,28,3,bachelor,No,semiurban,married,no,Rejected
70,105464,11862,33,776,36,4,bachelor,No,semiurban,married,no,Approved
48,122781,29688,39,740,18,0,bachelor,No,semiurban,married,no,Approved
52,148279,49017,44,493,0,1,high school,No,urban,married,no,Rejected
34,101991,31945,37,674,20,3,master,No,urban,married,no,Approved
45,112680,13939,46,666,38,4,master,Yes,semiurban,single,no,Approved
36,48013,47735,22,454,17,2,bachelor,No,urban,single,no,Rejected
63,72132,29931,18,798,26,2,high school,No,semiurban,single,no,Approved
40,143997,39616,39,833,27,0,bachelor,No,urban,married,no,Approved
49,107412,40585,36,757,7,4,bachelor,Yes,semiurban,married,no,Approved
57,112498,39911,52,412,30,0,high school,No,semiurban,single,no,Rejected
30,48084,48277,42,323,11,3,master,No,urban,single,no,Rejected
37,127855,43826,14,582,5,0,high school,No,semiurban,single,no,Rejected
52,41143,42164,44,591,25,1,high school,No,semiurban,married,no,Rejected
22,111627,23942,45,662,15,0,bachelor,No,rural,single,yes,Rejected
26,142772,45539,32,700,29,0,high school,No,semiurban,married,no,Approved
46,34179,6272,48,565,18,3,high school,No,rural,married,no,Rejected
23,118343,45134,60,353,17,4,bachelor,No,semiurban,married,no,Rejected
42,78726,25265,30,721,23,1,bachelor,No,semiurban,married,no,Approved
48,30222,49192,48,773,19,0,bachelor,Yes,semiurban,married,no,Rejected
39,79965,29668,32,542,6,3,high school,No,semiurban,married,no,Rejected
19,140061,47196,25,653,6,3,high school,No,urban,married,no,Approved
62,147941,17024,21,687,15,3,bachelor,No,semiurban,married,no,Approved
22,84068,32899,18,477,13,4,master,No,semiurban,married,no,Rejected
44,43949,4747,40,774,11,0,master,No,semiurban,married,no,Rejected
42,36116,10297,51,704,28,2,bachelor,No,semiurban,married,no,Rejected
25,71052,2607,19,335,14,1,bachelor,Yes,semiurban,married,no,Rejected
18,71369,22458,50,657,7,2,phd,No,urban,married,no,Approved
37,68817,28973,24,626,38,4,high school,No,urban,single,no,Approved
61,123100,24117,57,343,8,0,high school,No,semiurban,married,no,Rejected
40,122910,17450,30,619,27,2,bachelor,No,semiurban,married,no,Approved
49,103203,16535,22,771,26,2,bachelor,Yes,rural,married,no,Approved
28,94311,30355,13,568,6,2,high school,No,semiurban,single,yes,Rejected
56,49655,8645,60,824,13,1,bachelor,No,semiurban,married,yes,Rejected
64,77802,43238,17,324,10,0,high school,Yes,semiurban,married,no,Rejected
41,67632,5158,40,456,31,3,bachelor,No,rural,single,no,Rejected
28,34193,42773,52,484,27,0,high school,No,rural,married,no,Rejected
46,100212,17786,16,473,5,2,phd,No,rural,married,no,Rejected
43,50776,41693,52,693,34,0,high school,No,semiurban,married,no,Approved
33,63225,31911,41,485,5,3,master,Yes,semiurban,married,no,Rejected
52,80010,27578,50,580,23,1,high school,No,semiurban,married,no,Rejected
37,102735,47408,47,594,8,0,master,No,urban,married,yes,Rejected
63,85451,5166,38,827,1,0,master,Yes,rural,married,no,Rejected
20,68812,20309,29,487,37,1,high school,No,urban,married,no,Rejected
18,100602,16076,60,711,13,1,high school,No,rural,married,no,Approved
70,38895,20377,47,485,30,2,bachelor,No,urban,single,no,Rejected
64,85782,10278,27,843,29,2,high school,No,semiurban,married,no,Approved
18,41209,34539,16,600,26,1,phd,No,semiurban,single,no,Rejected
34,124820,12440,20,608,35,3,high school,No,semiurban,married,no,Approved
19,102336,27245,45,488,30,2,high school,No,semiurban,married,no,Rejected
46,131646,23097,45,710,5,3,high school,No,rural,single,no,Approved
37,81807,9167,47,837,17,1,high school,No,urban,single,no,Approved
23,43086,2556,42,686,13,0,bachelor,No,rural,married,no,Rejected
25,105637,44918,31,492,19,1,bachelor,No,rural,single,no,Rejected
46,102027,2151,28,462,10,1,master,No,semiurban,married,yes,Rejected
65,47207,22698,31,352,36,4,master,No,semiurban,married,no,Rejected
68,127334,18601,39,774,39,1,high school,No,rural,single,no,Approved
50,40897,27807,32,473,3,2,master,No,semiurban,married,no,Rejected
20,83083,46302,30,495,5,0,high school,No,rural,married,no,Rejected
52,115028,21328,14,510,22,3,high school,No,semiurban,married,yes,Rejected
22,86957,9039,41,689,7,4,high school,No,semiurban,single,no,Approved
44,117551,48427,16,607,29,2,master,No,rural,married,no,Approved
61,98506,7303,53,756,35,0,bachelor,No,urban,single,yes,Rejected
29,27283,20053,17,630,10,3,bachelor,No,semiurban,single,no,Rejected
37,114024,32644,14,794,4,0,bachelor,No,semiurban,married,no,Approved
62,101481,36745,60,628,2,2,bachelor,No,semiurban,single,no,Rejected
37,20255,46309,53,328,14,0,bachelor,No,urban,single,no,Rejected
26,141936,21762,35,421,1,1,high school,No,semiurban,married,no,Rejected
56,96555,24611,55,757,1,0,high school,No,semiurban,married,no,Rejected
21,35487,1422,12,717,7,1,bachelor,No,urban,married,no,Rejected
68,127333,32275,47,458,29,2,bachelor,Yes,semiurban,married,no,Rejected
36,39346,27597,26,815,4,4,high school,No,urban,single,no,Rejected
55,55050,12985,52,301,29,1,high school,No,urban,married,no,Rejected
44,28744,29707,49,601,9,0,high school,Yes,semiurban,married,no,Rejected
62,44756,4372,55,378,32,0,bachelor,No,semiurban,married,no,Rejected
60,81596,17083,29,614,23,0,master,No,semiurban,married,no,Approved
30,103397,35710,34,627,18,2,bachelor,No,urban,single,no,Approved
30,45146,26816,58,575,29,3,bachelor,No,urban,married,no,Rejected
39,139640,10950,40,751,24,0,high school,No,urban,married,no,Approved
45,75032,35247,52,785,10,0,master,No,semiurban,married,no,Approved
69,62687,5626,33,406,34,1,master,No,rural,married,yes,Rejected
64,66103,27408,35,545,0,4,high school,No,semiurban,married,yes,Rejected
70,41976,11777,56,463,16,0,bachelor,No,semiurban,married,no,Rejected
62,82863,6147,59,826,30,2,phd,No,rural,single,no,Approved
39,141779,6443,24,300,5,3,bachelor,No,semiurban,married,no,Rejected
60,20591,1079,44,436,12,3,phd,No,semiurban,married,no,Rejected
36,26277,32282,33,450,25,3,high school,No,rural,married,no,Rejected
25,81860,39345,46,479,35,2,bachelor,No,rural,married,no,Rejected
69,22260,13901,28,786,4,3,high school,No,semiurban,married,no,Rejected
25,129443,3223,33,317,13,3,high school,No,semiurban,married,yes,Rejected
59,149505,36337,16,524,14,1,master,No,urban,married,no,Rejected
43,85883,43732,36,404,11,3,high school,No,semiurban,married,no,Rejected
65,44741,14768,17,364,7,1,high school,No,urban,married,no,Rejected
68,139720,18507,28,632,30,1,bachelor,No,semiurban,married,no,Approved
43,57211,17249,42,671,25,1,phd,No,semiurban,married,no,Approved
40,129392,36391,28,506,28,2,high school,No,urban,single,no,Rejected
60,147373,35171,44,528,3,0,high school,No,urban,married,no,Rejected
30,61542,8485,50,441,27,4,bachelor,No,semiurban,married,no,Rejected
45,26869,45568,59,630,24,3,master,No,urban,married,no,Rejected
26,113618,30784,48,570,39,4,high school,Yes,rural,single,no,Rejected
37,107616,46566,59,624,31,0,high school,No,rural,single,no,Approved
36,84732,25617,15,826,35,1,high school,No,rural,married,no,Approved
65,114515,38748,54,846,10,1,high school,No,semiurban,single,no,Approved
56,39422,4878,25,368,36,1,high school,No,semiurban,married,yes,Rejected
68,55613,2949,24,511,9,1,phd,No,rural,married,no,Rejected
29,77016,20844,38,681,37,3,master,Yes,urban,married,no,Approved
32,80110,21881,35,719,35,0,phd,No,semiurban,single,no,Approved
48,108529,22614,38,347,26,0,high school,No,urban,married,no,Rejected
31,97922,24828,19,530,16,0,high school,No,urban,married,yes,Rejected
28,54033,10958,58,776,6,4,high school,No,semiurban,single,no,Approved
43,65213,9697,50,388,8,1,high school,No,rural,married,no,Rejected
59,149633,22624,32,351,34,2,phd,No,urban,married,yes,Rejected
44,81993,16493,52,833,8,0,phd,No,urban,married,no,Approved
28,32938,43801,22,721,35,4,master,No,urban,married,yes,Rejected
55,96695,22199,42,745,29,3,high school,No,rural,married,no,Approved
51,22274,43354,38,430,30,1,bachelor,Yes,rural,married,no,Rejected
60,104390,1256,53,673,18,4,bachelor,No,semiurban,single,no,Approved
36,51815,35488,57,829,22,2,master,No,semiurban,married,no,Approved
23,96018,31493,59,404,19,2,bachelor,No,semiurban,married,no,Rejected
63,38961,47009,38,686,5,3,high school,No,semiurban,married,no,Rejected
69,40044,24731,19,635,23,0,high school,No,urban,married,no,Rejected
55,119372,8076,44,416,21,0,master,No,rural,married,no,Rejected
66,41975,2071,23,300,5,4,bachelor,No,semiurban,single,no,Rejected
59,34706,35390,46,837,23,4,bachelor,No,semiurban,single,no,Rejected
45,25974,3066,45,735,21,0,phd,No,urban,married,no,Rejected
18,149675,26645,27,795,17,0,bachelor,No,urban,married,no,Approved
52,96464,42410,47,311,15,4,high school,No,urban,married,no,Rejected
57,41213,34665,13,593,35,1,high school,Yes,semiurban,married,no,Rejected
25,21950,30412,23,807,12,2,high school,No,rural,married,no,Rejected
69,142971,32835,38,427,36,2,high school,No,rural,married,no,Rejected
64,105013,42041,28,375,23,3,high school,No,urban,married,no,Rejected
24,30411,39549,31,568,18,2,high school,Yes,semiurban,married,no,Rejected
28,148603,47390,32,445,19,4,high school,No,urban,married,no,Rejected
56,107231,47052,41,702,26,1,high school,No,semiurban,married,no,Approved
21,66156,44167,53,798,16,4,high school,No,semiurban,married,no,Approved
42,82744,27578,31,498,15,0,phd,No,rural,married,no,Rejected
29,37771,10883,19,802,0,0,phd,Yes,urban,single,no,Rejected
43,89810,43139,29,702,20,2,bachelor,Yes,rural,married,no,Approved
55,55053,23217,29,508,26,1,master,No,semiurban,married,no,Rejected
63,137894,11707,29,641,0,3,bachelor,No,semiurban,married,no,Rejected
29,72076,41856,13,347,29,4,master,No,urban,married,no,Rejected
60,27045,14140,23,840,19,3,bachelor,No,semiurban,single,no,Rejected
68,77623,12093,43,475,23,3,bachelor,No,urban,single,no,Rejected
70,49714,17500,53,810,1,3,master,No,semiurban,single,no,Rejected
54,54386,39553,19,318,14,3,bachelor,No,semiurban,married,no,Rejected
63,129283,7507,21,794,28,4,high school,No,urban,married,no,Approved
70,28562,33586,22,654,34,0,bachelor,No,semiurban,married,no,Rejected
41,75048,6830,25,644,12,4,phd,No,semiurban,married,no,Approved
33,113295,31608,37,359,18,0,bachelor,No,rural,single,no,Rejected
30,32026,38329,58,528,0,0,bachelor,No,semiurban,married,no,Rejected
42,126147,48287,41,446,15,4,bachelor,No,semiurban,married,no,Rejected
69,51589,25511,53,597,2,4,phd,Yes,rural,married,no,Rejected
21,128199,34427,15,632,39,4,bachelor,No,semiurban,married,no,Approved
28,117274,19506,50,631,5,0,bachelor,No,rural,single,no,Approved
49,46844,29395,22,732,30,4,bachelor,No,semiurban,married,no,Rejected
66,43447,45303,35,698,4,1,high school,No,semiurban,single,no,Rejected
24,110415,47770,33,634,25,2,high school,No,urban,married,no,Approved
63,97502,28126,14,508,27,2,master,No,semiurban,single,no,Rejected
28,103268,30466,48,710,14,1,bachelor,No,rural,single,no,Approved
45,74708,18970,13,570,8,2,high school,No,urban,single,no,Rejected
58,83925,5682,23,479,21,0,high school,No,semiurban,single,no,Rejected
40,90825,49470,32,714,36,4,master,No,semiurban,married,no,Approved
62,71574,11939,16,645,20,4,bachelor,No,rural,married,yes,Rejected
40,105548,9826,18,818,28,4,high school,No,rural,single,no,Approved
67,38812,24371,15,737,25,1,high school,No,semiurban,married,yes,Rejected
45,121337,30946,54,312,5,1,bachelor,No,semiurban,married,no,Rejected
60,75309,25359,52,703,10,0,master,No,semiurban,single,no,Approved
64,84230,20266,47,679,35,1,phd,Yes,rural,married,no,Approved
43,61628,39017,33,720,19,4,high school,No,urban,married,no,Approved
42,143379,20195,40,479,19,0,master,No,rural,single,no,Rejected
46,60581,46413,20,582,26,0,bachelor,Yes,urban,married,no,Rejected
36,136102,28315,37,717,5,4,bachelor,No,urban,single,no,Approved
50,66628,19268,23,655,32,3,phd,Yes,semiurban,married,no,Approved
53,108628,10710,59,315,29,4,high school,No,semiurban,married,no,Rejected
31,45105,42581,12,614,33,0,high school,No,semiurban,single,yes,Rejected
31,99830,46537,19,832,4,3,master,Yes,semiurban,married,no,Approved
52,141323,15161,44,315,15,4,high school,No,semiurban,single,no,Rejected
47,89157,32821,15,764,11,4,master,Yes,semiurban,single,no,Approved
45,52442,10729,25,762,11,3,bachelor,No,urban,married,no,Approved
34,146336,49448,40,844,10,3,high school,No,semiurban,single,no,Approved
20,107235,49915,25,368,20,2,high school,No,rural,single,no,Rejected
33,135442,27913,20,710,6,3,high school,Yes,semiurban,married,no,Approved
63,22347,23184,20,351,33,1,master,No,semiurban,single,no,Rejected
47,115022,24279,37,364,28,3,high school,No,semiurban,married,no,Rejected
69,67650,27570,60,766,5,0,bachelor,Yes,rural,married,no,Approved
46,37110,44030,58,571,35,3,high school,No,semiurban,single,yes,Rejected
62,82170,36133,53,738,33,4,master,No,rural,married,no,Approved
32,24923,14195,28,829,7,1,phd,No,urban,single,no,Rejected
63,71801,44805,52,572,36,3,bachelor,No,urban,single,no,Rejected
42,82771,44998,15,758,9,1,phd,No,semiurban,married,no,Approved
68,144926,18238,57,472,15,2,high school,Yes,urban,married,no,Rejected
55,101147,16552,14,820,1,1,high school,No,semiurban,married,no,Rejected
59,68135,3728,40,796,18,4,high school,No,semiurban,single,no,Approved
64,39199,49245,36,833,6,2,bachelor,No,semiurban,married,no,Rejected
70,29066,24557,32,371,1,3,high school,Yes,semiurban,married,no,Rejected
69,121583,5938,23,471,22,1,master,No,rural,single,no,Rejected
55,72136,32202,12,591,30,2,master,No,urban,married,no,Rejected
40,112290,1131,12,551,3,3,bachelor,No,rural,married,no,Rejected
42,56575,26692,56,708,15,3,master,No,semiurban,married,no,Approved
59,109796,20977,57,666,9,1,high school,No,urban,married,no,Approved
24,140787,34061,59,555,20,1,high school,No,urban,single,no,Rejected
39,66733,28264,18,824,27,2,bachelor,Yes,urban,single,no,Approved
34,134427,26575,21,739,11,1,bachelor,No,rural,single,no,Approved
35,36991,15727,26,634,12,3,bachelor,No,urban,single,no,Rejected
66,42553,11488,51,734,39,4,high school,No,semiurban,married,no,Rejected
58,109710,21069,22,760,16,2,bachelor,No,semiurban,married,no,Approved
27,107493,25400,57,607,17,4,master,No,urban,married,no,Approved
27,20634,25146,56,394,9,4,bachelor,No,semiurban,married,no,Rejected
24,115417,7846,34,708,27,3,high school,No,semiurban,married,no,Approved
65,32771,41352,24,467,12,4,high school,No,semiurban,married,no,Rejected
67,145607,24694,38,386,33,0,high school,Yes,urban,married,no,Rejected
55,135762,22740,52,302,5,2,bachelor,No,semiurban,single,no,Rejected
44,38298,31996,28,671,11,3,high school,No,urban,married,no,Rejected
69,99876,33125,24,827,28,1,master,No,rural,married,yes,Rejected
50,118892,42409,23,322,12,3,high school,No,semiurban,married,no,Rejected
18,55999,45200,40,397,25,1,bachelor,No,urban,single,no,Rejected
61,91887,23970,32,821,3,3,bachelor,No,semiurban,married,no,Approved
70,79648,11895,31,620,14,0,high school,Yes,semiurban,married,no,Approved
51,82668,39071,31,833,15,2,phd,Yes,rural,married,no,Approved
21,89374,23258,42,666,18,4,master,No,urban,single,yes,Rejected
34,87509,24354,19,483,25,3,high school,No,semiurban,married,no,Rejected
21,132650,31641,35,716,31,2,bachelor,Yes,semiurban,single,no,Approved
60,123348,9444,22,513,5,2,master,Yes,urban,married,no,Rejected
43,95783,10611,50,509,5,2,bachelor,No,urban,married,no,Rejected
21,64440,11528,44,432,4,2,bachelor,No,semiurban,married,no,Rejected
18,51655,1999,53,352,1,2,master,Yes,rural,single,no,Rejected
24,63039,4760,26,322,1,4,master,Yes,semiurban,single,no,Rejected
47,75255,37884,15,405,36,4,bachelor,No,semiurban,married,no,Rejected
67,92219,38179,12,759,2,3,high school,No,semiurban,single,no,Rejected
26,74989,22941,43,781,5,1,high school,Yes,semiurban,married,no,Approved
52,31244,27022,22,419,30,3,bachelor,No,rural,married,no,Rejected
25,114594,44130,41,507,4,2,master,No,rural,married,no,Rejected
41,78595,44881,48,617,9,1,bachelor,No,semiurban,single,yes,Rejected
36,59551,37451,30,637,26,3,bachelor,No,semiurban,married,no,Approved
53,83230,27521,47,454,23,1,high school,Yes,semiurban,single,no,Rejected
67,123898,48750,45,454,21,4,bachelor,No,urban,married,no,Rejected
69,48371,30639,18,693,24,2,high school,Yes,semiurban,married,no,Rejected
60,89358,35621,56,804,2,1,bachelor,No,semiurban,married,no,Rejected
44,48878,32449,31,612,15,0,master,No,rural,married,yes,Rejected
49,56157,14079,23,558,29,2,master,No,semiurban,married,no,Rejected
31,25914,7895,43,456,3,4,master,No,semiurban,single,no,Rejected
35,103700,28979,13,313,39,4,bachelor,Yes,rural,married,no,Rejected
45,47180,46703,33,376,15,3,phd,No,rural,married,no,Rejected
46,23688,13552,52,638,39,0,bachelor,Yes,rural,married,no,Rejected
33,100219,28394,59,708,7,1,master,No,semiurban,married,no,Approved
52,98616,49821,51,693,23,3,bachelor,No,urban,single,no,Approved
64,116489,33276,35,519,15,4,master,Yes,semiurban,married,no,Rejected
48,29916,34630,42,732,26,1,high school,No,semiurban,single,no,Rejected
21,76363,5527,15,754,1,4,master,No,rural,single,no,Rejected
54,115213,13247,35,439,19,4,high school,Yes,semiurban,married,no,Rejected
34,47360,18603,54,797,19,0,high school,Yes,semiurban,single,no,Rejected
56,57805,37563,28,829,19,2,bachelor,No,semiurban,single,no,Approved
65,33453,46564,51,395,18,1,high school,No,semiurban,single,no,Rejected
63,146599,46502,30,327,17,0,bachelor,No,semiurban,married,no,Rejected
43,42703,1527,51,529,12,4,bachelor,No,semiurban,single,no,Rejected
65,79021,3922,49,715,16,4,high school,No,urban,married,no,Approved
56,94176,6849,45,755,32,0,bachelor,Yes,semiurban,married,no,Approved
58,114799,31300,58,324,27,1,phd,No,semiurban,married,no,Rejected
21,118385,28780,44,703,4,4,master,No,urban,single,no,Approved
47,124582,46724,17,841,27,1,high school,No,urban,single,no,Approved
47,101614,29140,47,464,24,0,bachelor,No,urban,single,no,Rejected
39,108919,18230,24,507,19,4,high school,Yes,semiurban,single,no,Rejected
28,101072,27693,58,672,20,3,bachelor,No,urban,married,no,Approved
19,136094,7959,20,368,12,3,bachelor,No,urban,married,no,Rejected
61,27410,36854,46,819,5,4,phd,No,semiurban,married,yes,Rejected
29,101462,43730,45,652,28,2,master,No,urban,single,no,Approved
47,68268,20667,27,400,8,4,master,Yes,rural,married,yes,Rejected
53,54248,27401,29,300,28,4,bachelor,No,semiurban,married,no,Rejected
35,51159,49187,29,650,37,4,bachelor,No,urban,single,no,Approved
43,62039,4323,49,306,0,0,phd,Yes,urban,married,no,Rejected
70,121902,1445,54,617,29,4,high school,No,urban,single,yes,Rejected
24,67800,18409,43,808,31,4,high school,No,semiurban,married,yes,Rejected
18,60761,10963,18,485,22,0,high school,Yes,urban,married,no,Rejected
43,114626,16437,34,761,38,4,high school,No,urban,single,no,Approved
40,106103,17855,34,642,9,3,bachelor,No,semiurban,single,yes,Rejected
43,138368,17411,57,307,20,3,high school,No,semiurban,married,no,Rejected
62,63663,11847,29,435,25,4,phd,Yes,rural,single,no,Rejected
23,100903,4236,18,682,14,0,bachelor,No,semiurban,single,no,Approved
23,60412,14487,53,485,16,4,master,No,urban,married,no,Rejected
61,138998,12848,51,671,34,4,master,No,urban,married,no,Approved
25,130252,14155,35,465,24,1,master,No,semiurban,married,no,Rejected
41,136446,12255,25,620,14,2,master,No,urban,married,no,Approved
39,55367,2979,16,456,32,0,high school,No,semiurban,married,no,Rejected
36,140304,22305,57,584,10,2,high school,No,urban,married,no,Rejected
54,25813,10007,33,327,23,1,phd,Yes,rural,single,no,Rejected
35,79894,36094,33,650,5,2,bachelor,No,rural,single,no,Approved
48,122157,36098,21,382,27,4,high school,No,rural,married,no,Rejected
54,145626,25030,37,669,28,3,bachelor,Yes,semiurban,married,no,Approved
47,71444,34770,26,840,20,0,phd,No,semiurban,married,no,Approved
59,54269,10734,49,694,11,0,phd,No,rural,single,no,Approved
50,81748,7448,52,779,21,4,bachelor,No,semiurban,single,no,Approved
27,61190,40605,53,512,26,2,master,No,semiurban,single,no,Rejected
54,60318,13396,60,659,20,0,bachelor,No,urban,married,no,Approved
29,57018,28881,12,513,14,1,bachelor,No,semiurban,married,no,Rejected
47,144078,32177,25,603,17,1,bachelor,No,urban,single,no,Approved
44,59759,41122,47,454,9,2,master,No,semiurban,single,no,Rejected
56,36498,48019,42,679,21,1,bachelor,No,semiurban,single,no,Rejected
26,45989,36297,39,499,19,3,high school,No,semiurban,single,no,Rejected
38,122710,46977,45,537,18,4,bachelor,No,semiurban,married,yes,Rejected
29,45568,37680,46,466,27,0,bachelor,No,semiurban,married,no,Rejected
46,137035,18916,50,525,36,4,bachelor,No,urban,single,no,Rejected
50,86577,32239,34,550,0,2,high school,No,semiurban,single,no,Rejected
60,125231,45084,57,579,33,4,bachelor,No,semiurban,married,no,Rejected
70,134699,35189,55,775,34,0,high school,No,rural,single,yes,Rejected
32,50099,14510,30,797,25,0,master,No,rural,single,no,Approved
19,109900,25966,29,834,29,2,bachelor,No,urban,married,no,Approved
69,60639,23152,26,710,11,0,master,No,semiurban,single,no,Approved
56,124679,20202,12,728,13,1,master,No,semiurban,married,no,Approved
70,43482,27445,36,838,38,4,bachelor,No,urban,single,no,Rejected
61,89212,12152,37,742,3,3,high school,No,urban,single,no,Approved
35,75261,6617,46,509,11,3,bachelor,No,urban,single,no,Rejected
20,131321,2195,26,846,23,3,phd,No,semiurban,single,no,Approved
24,107317,39997,15,790,39,2,high school,Yes,rural,single,no,Approved
60,50048,26433,26,770,30,3,high school,No,urban,married,no,Approved
35,23065,6305,53,762,0,4,phd,Yes,urban,married,no,Rejected
61,22036,9077,49,849,36,0,master,No,semiurban,married,yes,Rejected
55,55814,49648,56,776,0,1,bachelor,No,semiurban,single,no,Rejected
54,79694,32385,50,497,14,3,bachelor,Yes,urban,married,no,Rejected
50,36924,43113,12,820,12,3,bachelor,No,semiurban,single,no,Rejected
61,149493,38968,33,798,28,3,bachelor,No,urban,married,no,Approved
48,80204,43642,22,810,3,1,bachelor,No,semiurban,single,no,Approved
28,52844,34062,57,624,14,4,bachelor,No,semiurban,married,no,Approved
21,137755,7097,49,766,39,3,bachelor,No,semiurban,single,yes,Rejected
35,134184,40180,48,438,11,0,high school,No,semiurban,single,yes,Rejected
21,101943,42604,37,541,24,2,high school,No,semiurban,married,no,Rejected
66,41518,45593,38,615,26,1,master,No,semiurban,single,yes,Rejected
51,37059,7678,24,434,5,4,high school,No,urban,married,yes,Rejected
46,43052,33121,18,487,22,0,master,No,semiurban,single,no,Rejected
41,145274,49503,19,368,14,1,high school,No,semiurban,married,no,Rejected
39,89803,22404,57,738,38,1,high school,No,rural,single,no,Approved
19,91524,6743,34,376,4,2,high school,No,urban,married,no,Rejected
61,113510,17494,37,699,22,2,high school,No,urban,married,yes,Rejected
23,145639,42543,55,673,14,4,high school,No,semiurban,single,no,Approved
59,109572,45185,38,311,24,3,high school,No,semiurban,single,no,Rejected
42,28680,10678,20,786,29,2,bachelor,No,semiurban,married,no,Rejected
38,87021,38632,57,716,3,4,high school,No,urban,married,no,Approved
33,100249,47235,49,506,12,1,high school,No,semiurban,single,no,Rejected
48,40043,2648,58,640,39,3,bachelor,No,semiurban,single,no,Rejected
31,146115,16677,24,610,38,0,bachelor,No,semiurban,single,no,Approved
56,22419,49686,18,607,22,1,high school,No,rural,married,no,Rejected
45,76892,23765,22,592,15,4,high school,Yes,urban,married,no,Rejected
49,141831,3381,21,675,34,0,high school,No,urban,married,no,Approved
45,133616,17489,44,826,15,1,master,Yes,semiurban,single,no,Approved
68,121799,12745,50,639,6,2,bachelor,Yes,semiurban,single,no,Approved
66,37140,6818,14,382,12,4,high school,No,urban,married,no,Rejected
26,63484,43654,52,751,28,0,phd,No,rural,single,yes,Rejected
62,83869,34149,40,302,38,2,phd,Yes,semiurban,single,yes,Rejected
39,65210,28312,48,755,19,0,high school,No,semiurban,married,no,Approved
49,77600,38124,56,535,28,3,high school,No,rural,married,no,Rejected
22,136467,39686,27,688,17,3,high school,No,semiurban,married,no,Approved
40,98497,2316,27,692,21,4,master,No,semiurban,single,no,Approved
22,128611,6454,55,329,35,0,bachelor,No,semiurban,married,no,Rejected
59,26487,14107,54,447,35,3,high school,No,urban,married,yes,Rejected
70,80692,5074,60,582,7,1,phd,No,rural,married,no,Rejected
49,82112,22188,18,537,2,1,bachelor,No,urban,single,no,Rejected
27,51110,48579,26,618,28,3,bachelor,No,rural,single,no,Approved
56,127968,32968,49,636,8,3,master,No,semiurban,single,no,Approved
32,36360,41389,17,330,7,4,master,No,urban,single,no,Rejected
24,69410,24102,29,506,29,4,high school,No,urban,married,no,Rejected
46,122379,49894,30,528,11,1,bachelor,No,semiurban,married,no,Rejected
64,110418,42422,13,641,27,2,bachelor,No,semiurban,single,no,Approved
20,142702,32957,14,759,9,0,high school,Yes,rural,married,no,Approved
36,103038,13872,57,435,12,2,high school,No,urban,married,no,Rejected
27,133589,48719,36,583,1,4,high school,No,semiurban,married,no,Rejected
45,93167,9349,47,650,0,2,master,No,rural,single,yes,Rejected
46,23017,20693,60,316,21,4,master,No,semiurban,single,no,Rejected
32,106261,33627,39,514,32,2,master,No,semiurban,single,no,Rejected
52,80124,44677,49,694,15,1,phd,Yes,urban,single,no,Approved
23,136346,11760,39,698,28,4,high school,No,rural,single,no,Approved
29,110298,12584,43,713,9,1,bachelor,No,semiurban,single,no,Approved
64,70949,3106,52,543,38,2,bachelor,No,semiurban,single,no,Rejected
55,78268,14669,47,394,6,3,bachelor,No,urban,single,no,Rejected
30,86320,26223,50,305,0,3,master,No,semiurban,single,no,Rejected
46,113556,36706,47,386,25,0,bachelor,Yes,rural,married,no,Rejected
36,123995,3483,54,488,4,3,bachelor,No,semiurban,married,no,Rejected
20,101301,28482,34,719,34,0,bachelor,No,urban,married,no,Approved
25,51127,35143,13,366,12,2,master,No,semiurban,married,no,Rejected
25,23196,25240,21,547,26,0,high school,No,semiurban,single,no,Rejected
37,95088,11015,17,506,11,0,phd,No,semiurban,married,no,Rejected
64,61300,17628,19,504,29,0,high school,No,rural,single,no,Rejected
21,69714,26443,26,618,31,1,high school,No,semiurban,single,no,Approved
68,51921,31819,56,382,30,0,high school,No,semiurban,married,no,Rejected
38,24746,16060,40,723,4,4,master,No,semiurban,married,no,Rejected
20,88535,28437,39,381,36,2,phd,No,urban,single,no,Rejected
62,85350,11654,33,848,1,1,phd,No,rural,married,no,Rejected
25,70345,15253,45,786,37,4,bachelor,No,semiurban,single,no,Approved
40,129606,12565,31,432,6,2,bachelor,Yes,semiurban,married,no,Rejected
33,69220,28597,44,414,0,1,bachelor,Yes,urban,married,no,Rejected
30,101131,28768,26,676,2,2,phd,No,semiurban,single,no,Rejected
20,42063,1087,18,510,19,3,high school,No,urban,married,no,Rejected
65,137116,10432,35,431,1,2,bachelor,No,semiurban,married,yes,Rejected
26,91736,9764,37,673,20,3,bachelor,No,semiurban,married,no,Approved
31,123700,1178,21,453,31,3,high school,No,semiurban,married,no,Rejected
30,108913,27301,26,722,19,2,high school,Yes,urban,single,yes,Rejected
70,98946,36408,48,665,30,3,bachelor,Yes,urban,single,no,Approved
24,65971,42965,35,446,32,1,phd,No,urban,married,no,Rejected
32,23598,32913,22,426,23,3,phd,Yes,semiurban,single,no,Rejected
24,30564,19732,51,607,17,0,bachelor,Yes,semiurban,married,no,Rejected
55,131052,3421,32,417,19,1,phd,No,semiurban,single,no,Rejected
51,116434,44715,51,530,31,1,high school,Yes,semiurban,single,yes,Rejected
58,143723,21526,49,750,4,1,master,No,urban,single,no,Approved
39,69725,29317,26,799,1,0,bachelor,Yes,urban,single,no,Rejected
41,106134,2217,26,444,25,0,master,No,semiurban,married,no,Rejected
66,125940,36242,48,348,24,0,master,Yes,semiurban,married,no,Rejected
54,79940,1929,56,406,21,0,high school,No,semiurban,married,no,Rejected
61,82085,41726,25,392,38,0,phd,No,urban,married,no,Rejected
18,37862,35270,54,439,21,4,high school,Yes,semiurban,married,no,Rejected
27,30265,34188,32,613,10,4,master,Yes,urban,married,no,Rejected
60,29705,14580,55,310,10,0,high school,No,semiurban,single,no,Rejected
33,75279,49608,31,747,3,1,master,No,rural,married,no,Approved
63,82471,39598,44,694,32,3,high school,No,semiurban,married,no,Approved
25,111080,31431,14,804,17,3,bachelor,No,semiurban,married,no,Approved
66,99834,21742,51,677,30,4,phd,No,urban,married,no,Approved
42,82979,18833,34,660,27,0,master,No,urban,single,no,Approved
67,75828,31885,55,847,21,2,master,No,semiurban,married,no,Approved
29,118206,6811,58,695,39,3,master,Yes,semiurban,married,no,Approved
42,136884,9619,34,485,2,3,bachelor,No,semiurban,married,no,Rejected
34,128007,25255,38,520,6,1,phd,No,semiurban,married,no,Rejected
43,66104,25972,46,817,19,3,master,No,rural,married,no,Approved
63,60934,14527,36,599,6,4,bachelor,No,rural,single,no,Rejected
65,143534,49991,43,474,6,0,master,No,rural,single,no,Rejected
31,134420,33874,33,670,28,0,phd,No,semiurban,single,no,Approved
58,26050,5049,19,808,25,3,master,Yes,semiurban,married,yes,Rejected
53,63952,42057,49,503,2,2,high school,No,rural,married,yes,Rejected
40,106570,2903,29,581,16,4,master,No,semiurban,married,no,Rejected
60,131016,45261,39,715,39,3,master,No,semiurban,married,no,Approved
23,28484,6376,39,332,19,4,high school,No,urban,married,no,Rejected
64,82648,1042,22,381,33,2,phd,No,rural,married,no,Rejected
22,79945,23769,23,782,32,4,bachelor,No,rural,single,no,Approved
60,73678,2577,13,447,15,4,bachelor,No,semiurban,married,no,Rejected
42,51323,13382,48,794,22,4,high school,No,semiurban,single,no,Approved
35,106332,23449,15,469,3,0,high school,No,rural,married,no,Rejected
30,114605,39653,52,306,39,2,bachelor,No,rural,married,no,Rejected
60,107363,29859,56,679,32,0,bachelor,No,semiurban,single,no,Approved
31,144468,9576,56,733,7,1,high school,No,semiurban,single,no,Approved
45,143475,46874,58,333,4,3,bachelor,No,semiurban,married,no,Rejected
35,55361,12663,45,437,32,0,high school,No,urban,married,no,Rejected
45,30315,37345,34,666,24,4,master,No,semiurban,married,no,Rejected
68,67968,49910,24,405,6,1,phd,No,semiurban,married,no,Rejected
44,46519,6244,18,331,6,2,bachelor,No,rural,single,no,Rejected
49,29107,35902,43,823,32,2,master,No,urban,single,no,Rejected
64,141540,4892,34,467,32,0,master,Yes,urban,single,no,Rejected
26,75781,28112,60,377,28,4,master,No,semiurban,single,no,Rejected
57,23869,5321,19,845,38,4,high school,No,urban,single,no,Rejected
49,100983,6776,58,508,31,2,high school,No,semiurban,married,no,Rejected
37,47370,44352,58,710,36,4,phd,No,urban,single,no,Rejected
45,82695,17119,48,307,28,3,high school,Yes,semiurban,married,no,Rejected
50,80422,31569,45,526,21,0,high school,No,urban,single,no,Rejected
21,27971,39596,59,474,1,0,high school,No,semiurban,single,no,Rejected
63,116805,34063,40,380,8,4,bachelor,No,semiurban,single,no,Rejected
51,143855,34181,48,356,28,2,bachelor,No,urban,married,no,Rejected
65,45651,23340,34,434,32,3,bachelor,No,semiurban,single,no,Rejected
20,76974,11187,49,537,9,3,high school,No,urban,married,no,Rejected
43,121293,48084,40,771,27,3,high school,No,rural,single,no,Approved
25,43446,7668,55,516,38,1,high school,Yes,semiurban,single,no,Rejected
23,146347,16344,16,325,11,4,bachelor,No,rural,single,no,Rejected
33,58108,9195,51,486,21,3,bachelor,No,urban,single,no,Rejected
41,95179,17561,22,415,5,4,high school,Yes,urban,single,no,Rejected
65,23823,38122,25,462,39,2,high school,No,semiurban,married,no,Rejected
56,33454,23298,60,713,22,2,master,No,semiurban,single,no,Rejected
47,23932,39250,53,477,33,2,master,No,urban,single,no,Rejected
62,30220,17076,13,579,37,1,high school,No,semiurban,married,no,Rejected
30,94090,16376,46,511,15,2,bachelor,No,semiurban,married,no,Rejected
22,87965,37039,56,353,9,4,bachelor,No,urban,single,yes,Rejected
42,48208,44442,60,366,20,0,high school,Yes,semiurban,single,no,Rejected
37,92980,6392,46,843,9,0,phd,No,rural,single,no,Approved
35,30510,28106,53,819,10,4,high school,No,semiurban,married,no,Rejected
64,64045,15309,39,798,20,0,high school,No,rural,married,no,Approved
35,30537,25809,19,730,24,3,high school,No,urban,married,no,Rejected
19,92683,1693,43,345,33,0,master,Yes,urban,single,no,Rejected
27,125935,34937,15,334,30,1,master,Yes,urban,single,no,Rejected
62,89134,30233,56,488,26,2,bachelor,Yes,semiurban,married,no,Rejected
67,122633,9623,18,388,24,0,bachelor,No,semiurban,married,no,Rejected
64,92254,41550,50,634,31,0,high school,Yes,urban,married,no,Approved
29,128227,47624,59,435,10,1,phd,Yes,semiurban,single,no,Rejected
64,142906,10174,38,845,25,1,high school,No,semiurban,single,no,Approved
30,33782,12352,48,412,35,0,high school,Yes,rural,married,yes,Rejected
67,134780,6530,28,471,36,3,phd,No,semiurban,single,no,Rejected
64,145544,5992,21,638,32,0,phd,No,urban,married,no,Approved
28,143188,24354,15,824,32,3,bachelor,No,semiurban,married,no,Approved
36,85587,4312,34,473,35,2,bachelor,Yes,urban,single,no,Rejected
52,102238,46833,25,631,12,4,phd,Yes,semiurban,married,no,Approved
56,95720,5318,16,506,13,2,master,Yes,semiurban,married,no,Rejected
70,98004,47827,13,642,36,0,master,No,rural,single,no,Approved
43,42072,35456,57,403,39,0,high school,No,rural,single,no,Rejected
63,101015,1467,35,339,0,3,master,No,rural,married,no,Rejected
31,114003,28192,29,322,4,1,high school,No,semiurban,married,no,Rejected
62,108938,43305,38,551,29,3,bachelor,No,rural,single,no,Rejected
61,92746,36190,35,589,17,1,high school,Yes,semiurban,married,no,Rejected
41,65702,24663,40,501,36,1,high school,No,semiurban,married,no,Rejected
58,122260,32246,22,454,38,1,bachelor,No,semiurban,married,no,Rejected
18,26057,48372,59,405,11,1,high school,No,semiurban,married,yes,Rejected
68,148259,38489,29,559,33,0,high school,No,urban,married,no,Rejected
60,50916,42971,59,499,13,4,high school,No,semiurban,married,no,Rejected
39,47268,41309,15,516,37,4,phd,No,rural,married,no,Rejected
40,63978,43637,44,710,15,2,high school,No,urban,single,no,Approved
36,132894,29273,25,416,10,2,high school,No,semiurban,single,no,Rejected
35,144904,48553,55,723,32,2,bachelor,No,semiurban,single,no,Approved
29,43259,30473,53,511,14,3,master,No,rural,single,no,Rejected
45,73583,14679,43,454,9,2,bachelor,No,semiurban,married,no,Rejected
45,99400,28445,15,562,2,2,phd,No,semiurban,married,no,Rejected
50,54293,46310,31,806,10,2,high school,Yes,semiurban,married,no,Approved
36,131581,18870,32,450,10,0,bachelor,No,rural,married,no,Rejected
45,27043,48229,14,511,15,2,master,Yes,urban,single,no,Rejected
69,70430,26992,36,491,37,4,bachelor,No,semiurban,single,no,Rejected
66,127009,30433,15,397,29,0,high school,No,urban,married,no,Rejected
54,58893,12038,58,840,0,1,bachelor,No,semiurban,married,no,Rejected
43,60642,26933,22,471,37,3,phd,No,urban,married,no,Rejected
52,98065,46020,27,670,33,0,master,Yes,rural,single,no,Approved
51,50868,30236,47,454,18,0,high school,No,rural,married,no,Rejected
52,46309,10770,17,439,33,4,high school,No,semiurban,married,no,Rejected
57,146250,4749,42,555,35,2,master,No,semiurban,married,no,Rejected
33,43284,45585,51,715,3,1,high school,No,rural,married,no,Rejected
55,146801,36271,24,628,9,4,bachelor,No,semiurban,single,no,Approved
30,133259,8855,34,677,16,4,high school,No,semiurban,married,no,Approved
40,120804,47146,15,565,15,0,high school,Yes,rural,married,no,Rejected
39,89000,45097,48,840,20,1,master,No,semiurban,married,no,Approved
33,104179,24439,53,438,27,4,master,No,urban,married,no,Rejected
45,82107,31290,48,811,7,3,bachelor,No,rural,single,no,Approved
65,85049,12101,55,548,28,3,high school,No,urban,married,no,Rejected
52,49265,28240,44,607,5,4,master,No,rural,single,yes,Rejected
62,101490,17783,53,518,29,0,high school,No,rural,married,no,Rejected
63,149154,45917,40,592,1,3,bachelor,No,semiurban,married,no,Rejected
25,43880,27809,48,709,30,0,high school,No,urban,single,yes,Rejected
61,104579,48387,30,497,24,2,bachelor,No,rural,single,no,Rejected
39,20255,18923,31,379,22,2,bachelor,No,rural,single,no,Rejected
38,21502,48753,43,684,20,0,master,No,urban,married,no,Rejected
43,90192,16026,55,436,15,4,master,No,semiurban,single,no,Rejected
57,85424,42196,27,512,3,2,bachelor,No,semiurban,married,no,Rejected
38,95838,24569,16,506,7,2,high school,No,semiurban,single,yes,Rejected
42,90966,42887,60,432,5,3,high school,No,semiurban,single,yes,Rejected
58,61366,21893,57,465,26,4,high school,Yes,semiurban,single,no,Rejected
18,47425,23435,23,802,35,0,master,Yes,urban,married,no,Rejected
23,72328,37892,56,729,35,2,high school,Yes,urban,single,no,Approved
40,134280,33399,32,479,23,4,high school,No,rural,married,no,Rejected
68,87396,26236,25,420,5,2,bachelor,No,semiurban,married,no,Rejected
40,91694,28199,48,473,32,3,high school,No,semiurban,married,no,Rejected
60,25806,21334,33,630,1,4,master,No,rural,married,yes,Rejected
60,106274,34217,41,367,15,1,bachelor,No,urban,single,no,Rejected
40,37106,16034,34,437,37,3,high school,Yes,semiurban,married,no,Rejected
49,76731,32085,16,607,8,0,bachelor,Yes,semiurban,single,no,Approved
47,95010,10442,40,629,4,4,master,No,semiurban,single,no,Approved
30,102533,13643,41,537,9,2,phd,No,semiurban,single,no,Rejected
60,138019,36069,29,829,29,4,master,No,semiurban,single,no,Approved
35,52599,8710,57,375,6,0,high school,No,rural,married,no,Rejected
40,91326,39560,12,450,28,4,high school,Yes,semiurban,married,no,Rejected
32,137804,43427,50,615,1,2,bachelor,No,semiurban,married,no,Rejected
50,95706,8216,28,336,19,3,bachelor,No,urban,single,no,Rejected
38,29004,12712,14,425,3,3,high school,Yes,semiurban,married,no,Rejected
56,128282,5905,53,585,27,2,phd,Yes,rural,single,no,Rejected
40,135018,49534,18,539,7,1,master,Yes,semiurban,married,no,Rejected
44,71364,39767,38,519,34,1,bachelor,No,rural,single,no,Rejected
62,45792,28930,39,306,1,3,high school,No,semiurban,single,yes,Rejected
61,115752,32192,55,515,27,0,high school,Yes,rural,married,no,Rejected
35,84912,24506,42,592,10,4,bachelor,No,semiurban,married,no,Rejected
41,74645,8288,26,838,35,2,master,No,semiurban,married,no,Approved
68,27232,45034,59,783,8,0,phd,Yes,rural,married,no,Rejected
64,98210,31011,19,342,37,4,bachelor,No,semiurban,single,no,Rejected
57,74766,16586,17,606,0,3,bachelor,No,urban,married,no,Rejected
68,140601,33400,39,392,26,2,bachelor,No,semiurban,single,no,Rejected
59,101588,2567,15,568,2,0,high school,No,rural,single,no,Rejected
24,68542,48878,41,514,38,4,bachelor,No,urban,married,no,Rejected
67,25913,49850,54,413,8,3,master,Yes,rural,married,yes,Rejected
65,132406,2094,28,484,39,3,bachelor,No,semiurban,married,no,Rejected
37,133693,12135,45,424,27,4,high school,No,semiurban,married,no,Rejected
44,113449,14508,17,404,20,1,bachelor,No,urban,married,no,Rejected
23,30567,46113,47,536,27,1,master,No,urban,married,no,Rejected
44,58379,10684,46,457,23,4,bachelor,No,rural,married,no,Rejected
26,94968,28247,50,773,17,4,master,No,urban,single,no,Approved
70,20319,7191,50,804,8,4,high school,Yes,semiurban,married,no,Rejected
62,110005,18842,27,573,25,3,bachelor,No,urban,married,no,Rejected
48,130990,9046,13,416,23,2,master,No,semiurban,single,no,Rejected
38,112026,5934,19,835,5,3,bachelor,Yes,urban,single,no,Approved
43,106120,47806,26,359,11,3,phd,No,semiurban,married,no,Rejected
57,24791,2354,38,700,35,1,high school,Yes,urban,married,no,Rejected
65,117272,40241,27,479,8,4,high school,Yes,rural,single,no,Rejected
62,20329,30816,12,531,9,3,high school,Yes,semiurban,single,no,Rejected
30,94387,46562,21,775,2,3,phd,No,semiurban,married,no,Rejected
66,81032,3963,18,544,28,4,master,No,semiurban,married,no,Rejected
40,64078,28424,59,512,6,2,high school,Yes,rural,single,no,Rejected
37,108662,15503,21,758,25,1,high school,No,rural,married,yes,Rejected
54,41300,4042,23,427,7,0,high school,No,rural,single,no,Rejected
70,95700,31241,28,516,12,3,bachelor,No,semiurban,married,no,Rejected
45,149664,40741,56,319,34,2,high school,No,rural,married,no,Rejected
34,70945,8139,23,359,18,0,high school,No,urban,married,no,Rejected
45,75609,12226,26,428,21,4,bachelor,No,urban,married,yes,Rejected
58,80562,40698,57,496,15,0,master,No,semiurban,single,no,Rejected
19,110045,15762,43,791,14,4,bachelor,No,rural,married,no,Approved
42,81901,19116,43,803,1,2,master,No,urban,married,no,Rejected
67,25703,39108,37,546,37,0,bachelor,No,rural,married,no,Rejected
58,112645,6111,25,559,20,1,high school,Yes,urban,single,no,Rejected
23,83115,4081,37,646,29,2,bachelor,No,semiurban,single,no,Approved
28,128953,30815,16,496,6,0,bachelor,No,rural,single,no,Rejected
55,108090,8802,49,406,30,3,bachelor,No,rural,married,no,Rejected
23,47676,43230,57,459,34,0,high school,No,semiurban,single,no,Rejected
62,81710,49348,15,721,3,0,high school,No,semiurban,married,no,Approved
28,80077,18913,39,506,33,1,phd,No,urban,married,yes,Rejected
31,141332,18465,12,612,0,2,high school,No,urban,married,no,Rejected
19,109340,8994,24,731,9,3,master,No,rural,married,no,Approved
57,65440,4531,54,534,29,2,high school,No,urban,single,no,Rejected
20,56923,10343,14,626,31,2,phd,No,urban,married,yes,Rejected
70,49802,34484,60,778,2,3,phd,No,semiurban,married,no,Rejected
52,110331,7229,36,727,9,3,master,No,semiurban,single,no,Approved
50,82904,29775,53,399,8,1,bachelor,No,semiurban,single,no,Rejected
41,80162,27766,27,537,16,4,bachelor,No,semiurban,married,no,Rejected
36,144786,17588,32,406,2,1,high school,Yes,urban,single,no,Rejected
35,85169,24168,24,663,26,3,high school,No,rural,single,no,Approved
66,88147,45789,55,792,34,0,high school,Yes,urban,single,no,Approved
69,42075,45069,47,342,3,0,bachelor,No,semiurban,single,no,Rejected
41,137281,37862,19,372,3,2,phd,No,urban,married,no,Rejected
62,102015,22866,55,603,31,2,high school,No,semiurban,single,no,Approved
52,94716,10524,30,304,37,4,bachelor,No,urban,married,no,Rejected
18,29304,23538,58,648,10,4,bachelor,No,semiurban,single,no,Rejected
53,149851,43809,27,699,38,4,high school,No,rural,married,no,Approved
42,140729,22226,23,732,5,4,high school,No,urban,married,no,Approved
62,79622,9103,31,406,34,0,high school,No,rural,married,no,Rejected
66,74215,19402,29,416,31,3,master,Yes,urban,single,no,Rejected
60,100146,16090,23,682,22,4,phd,Yes,urban,married,no,Approved
51,93973,16915,59,381,36,1,high school,Yes,semiurban,married,no,Rejected
42,128654,42477,36,709,25,4,phd,No,semiurban,single,yes,Rejected
33,32521,35206,22,369,33,0,master,No,semiurban,married,no,Rejected
51,138037,22511,33,686,37,2,bachelor,No,urban,married,no,Approved
46,44028,16029,57,823,10,1,high school,No,urban,married,no,Rejected
36,59328,31831,45,596,20,4,master,Yes,urban,single,no,Rejected
40,47301,24531,24,364,23,0,high school,No,rural,married,yes,Rejected
36,58015,5517,57,477,14,2,master,No,semiurban,married,no,Rejected
42,107276,22961,49,307,2,4,bachelor,No,semiurban,married,no,Rejected
33,56845,27835,23,458,1,0,high school,No,semiurban,married,no,Rejected
68,106818,28725,50,310,6,0,bachelor,Yes,semiurban,single,no,Rejected
26,96394,26357,47,710,4,3,master,No,rural,married,no,Approved
18,64159,44673,39,454,39,0,bachelor,No,urban,married,no,Rejected
59,63714,2244,38,505,28,4,master,No,semiurban,married,no,Rejected
36,100722,3416,50,414,31,0,bachelor,No,semiurban,single,yes,Rejected
50,119721,49061,24,678,29,1,phd,Yes,urban,married,no,Approved
51,116730,7490,54,649,7,0,high school,No,urban,married,no,Approved
33,45230,12683,51,397,31,0,master,No,semiurban,single,no,Rejected
61,112554,6839,38,318,1,1,master,No,urban,married,no,Rejected
57,69262,25992,42,612,9,4,bachelor,Yes,urban,married,no,Approved
35,110201,48618,13,827,36,2,high school,No,semiurban,married,no,Approved
51,61722,45938,29,744,2,3,bachelor,No,semiurban,single,yes,Rejected
42,66359,45735,37,530,22,2,bachelor,No,urban,married,no,Rejected
62,82796,38777,53,658,33,4,bachelor,No,urban,married,no,Approved
23,60159,48080,42,682,17,4,master,No,rural,single,no,Approved
38,129668,9924,49,811,32,1,high school,No,rural,married,no,Approved
23,128675,16921,33,343,32,2,high school,No,semiurban,single,no,Rejected
49,107052,25260,47,664,16,0,bachelor,No,rural,single,no,Approved
58,120808,29380,30,410,5,1,high school,No,rural,married,no,Rejected
65,144344,19811,25,522,12,1,bachelor,No,semiurban,single,no,Rejected
60,110209,6721,25,685,20,3,bachelor,Yes,semiurban,married,yes,Rejected
56,25239,42191,40,564,30,1,master,No,rural,single,no,Rejected
48,134980,5930,28,570,20,2,bachelor,No,semiurban,married,no,Rejected
59,111951,5353,48,511,32,4,bachelor,No,semiurban,married,no,Rejected
27,70886,8832,20,795,27,3,high school,No,urban,married,no,Approved
47,123424,23951,12,613,5,0,high school,Yes,semiurban,married,no,Approved
69,47195,8770,15,686,7,2,bachelor,No,rural,married,yes,Rejected
35,124697,26525,18,546,12,0,master,No,semiurban,married,no,Rejected
41,114859,17556,22,649,33,1,bachelor,No,semiurban,married,no,Approved
69,120500,16094,25,371,39,2,bachelor,No,urban,married,no,Rejected
26,121770,8935,53,595,21,3,bachelor,Yes,rural,married,no,Rejected
48,116299,3675,30,512,0,3,bachelor,No,semiurban,single,no,Rejected
32,54674,32280,51,594,12,0,high school,No,semiurban,married,yes,Rejected
21,38105,12240,14,470,0,4,bachelor,No,semiurban,married,no,Rejected
57,130187,5005,19,545,9,3,high school,Yes,semiurban,married,no,Rejected
26,49739,7544,40,440,4,0,bachelor,No,semiurban,married,no,Rejected
62,133741,18332,48,539,19,4,master,No,semiurban,married,no,Rejected
26,51969,27836,54,610,12,2,high school,Yes,semiurban,married,no,Approved
43,34497,15388,20,715,36,3,bachelor,No,rural,single,no,Rejected
21,21816,48727,30,697,9,3,master,No,urban,single,no,Rejected
34,143132,2694,23,321,2,0,bachelor,No,urban,married,no,Rejected
33,138915,22141,38,377,33,3,high school,No,urban,married,no,Rejected
32,146399,23666,48,774,33,0,bachelor,Yes,semiurban,married,no,Approved
52,112019,48521,59,652,29,3,master,No,semiurban,married,no,Approved
69,79254,39769,36,670,36,0,high school,Yes,semiurban,married,no,Approved
22,129017,40420,56,320,3,3,high school,No,semiurban,married,yes,Rejected
22,107695,48753,49,806,33,2,bachelor,No,semiurban,single,no,Approved
37,89385,38349,59,459,31,2,high school,No,urban,married,no,Rejected
32,107148,38855,28,660,20,0,master,No,semiurban,married,no,Approved
35,125153,2460,55,596,23,2,master,No,rural,single,no,Rejected
64,53826,37655,44,651,8,0,high school,No,rural,married,no,Approved
19,130034,48646,50,479,23,0,bachelor,No,rural,married,no,Rejected
46,83365,42252,25,771,24,1,master,No,urban,married,no,Approved
30,104242,10835,39,694,35,2,high school,No,urban,single,no,Approved
21,143066,49411,29,512,7,1,master,No,urban,single,no,Rejected
59,70100,11910,44,829,28,1,high school,No,rural,single,no,Approved
62,110099,18221,53,694,24,3,high school,No,rural,married,no,Approved
27,145170,26613,26,326,34,0,high school,No,semiurban,married,no,Rejected
48,24359,32353,22,748,37,4,high school,No,semiurban,married,no,Rejected
58,116205,39614,47,737,27,1,bachelor,No,semiurban,married,no,Approved
25,32809,9463,26,584,18,3,phd,No,semiurban,single,no,Rejected
20,84450,14336,59,488,31,2,high school,No,semiurban,single,no,Rejected
65,58428,27534,41,498,36,4,high school,No,rural,married,no,Rejected
63,114990,3369,26,401,27,0,bachelor,No,semiurban,married,no,Rejected
26,92790,26381,60,778,34,3,high school,Yes,urban,married,no,Approved
47,131126,47760,34,523,7,4,high school,No,semiurban,married,no,Rejected
70,110321,20558,54,816,22,0,phd,Yes,semiurban,married,no,Approved
28,22093,23369,59,826,39,0,bachelor,No,semiurban,married,no,Rejected
52,64498,34650,26,740,22,4,master,No,urban,married,no,Approved
54,136251,31954,40,816,31,3,high school,No,semiurban,single,no,Approved
59,60985,26407,22,529,9,4,bachelor,No,urban,single,no,Rejected
30,52009,36939,56,413,16,1,bachelor,No,rural,married,no,Rejected
53,102094,27767,29,815,34,0,master,Yes,semiurban,single,no,Approved
30,148515,3040,51,483,34,2,high school,No,semiurban,married,no,Rejected
29,37718,24116,42,333,2,4,master,No,urban,married,no,Rejected
54,36705,27170,20,595,35,4,high school,No,urban,married,no,Rejected
27,107618,7372,33,752,28,0,phd,No,rural,married,no,Approved
26,82598,23369,22,804,26,0,high school,No,semiurban,single,no,Approved
69,97878,8562,28,705,30,4,bachelor,No,urban,married,no,Approved
24,32239,45544,44,426,33,2,high school,No,rural,married,no,Rejected
19,66622,6900,22,441,11,0,bachelor,No,rural,married,no,Rejected
40,66665,41733,50,427,36,0,high school,No,semiurban,single,no,Rejected
56,52274,22700,19,649,24,1,bachelor,No,semiurban,single,no,Approved
57,31419,42233,15,823,1,3,bachelor,No,urban,married,no,Rejected
56,128368,1589,47,762,29,1,bachelor,Yes,semiurban,single,no,Approved
38,35003,6063,30,543,8,2,high school,Yes,urban,single,no,Rejected
40,50866,21017,35,485,22,3,master,No,rural,married,no,Rejected
46,41988,19374,52,532,8,4,high school,Yes,semiurban,married,no,Rejected
31,75894,23899,60,813,19,2,phd,No,urban,married,no,Approved
43,128563,2258,29,300,0,2,master,No,urban,married,no,Rejected
68,142124,14598,44,538,38,1,bachelor,No,semiurban,single,no,Rejected
22,110444,3866,57,354,22,3,high school,No,urban,married,no,Rejected
48,25674,42504,47,794,17,2,high school,No,rural,single,no,Rejected
42,90538,31132,21,717,31,3,bachelor,Yes,urban,married,no,Approved
48,113103,30404,25,747,8,4,high school,No,semiurban,married,no,Approved
67,86446,46472,18,637,10,3,master,No,semiurban,single,no,Approved
37,49072,1637,23,576,0,1,master,No,semiurban,single,no,Rejected
61,53717,25616,33,309,10,1,phd,No,semiurban,single,yes,Rejected
34,107345,38650,38,640,32,2,bachelor,No,urban,married,no,Approved
62,46651,16828,59,403,29,3,phd,No,semiurban,married,no,Rejected
19,137202,27196,48,644,4,1,high school,Yes,semiurban,married,no,Approved
42,64291,37440,22,669,0,0,master,No,urban,single,no,Rejected
30,142389,46097,47,497,9,1,high school,No,semiurban,single,yes,Rejected
56,129525,48735,24,313,12,4,high school,No,semiurban,married,no,Rejected
45,83350,33022,43,637,26,0,high school,No,urban,married,no,Approved
59,102020,33202,19,841,7,3,high school,No,urban,single,no,Approved
23,24646,29704,18,756,27,2,bachelor,No,urban,married,no,Rejected
20,59713,26875,54,825,1,0,phd,No,urban,married,no,Rejected
52,87936,24641,54,735,11,1,high school,No,rural,married,no,Approved
35,64331,38479,28,665,26,2,bachelor,Yes,rural,single,no,Approved
28,42185,14235,33,700,12,2,high school,No,urban,married,no,Rejected
37,104263,23027,57,781,21,2,high school,No,semiurban,married,no,Approved
22,118656,33927,45,409,39,2,high school,Yes,rural,married,no,Rejected
36,72107,43912,31,705,14,3,phd,No,semiurban,single,no,Approved
39,133793,48561,19,608,30,3,bachelor,No,semiurban,married,no,Approved
36,86554,43691,33,459,6,3,master,No,rural,married,no,Rejected
64,37563,28022,38,354,38,1,bachelor,No,semiurban,married,no,Rejected
33,90729,6938,45,555,34,3,master,Yes,rural,single,yes,Rejected
41,35701,45122,32,833,6,2,bachelor,No,urban,married,no,Rejected
58,89072,43692,26,721,11,0,master,No,rural,married,no,Approved
21,68217,34348,16,563,13,0,bachelor,No,rural,married,no,Rejected
32,64610,33209,49,532,33,0,bachelor,No,rural,single,no,Rejected
42,104422,38242,28,532,38,0,high school,No,urban,married,no,Rejected
61,122123,10941,19,816,8,0,high school,No,semiurban,married,no,Approved
52,141543,8073,30,344,32,4,master,No,semiurban,single,no,Rejected
31,70131,43430,16,735,11,0,high school,No,semiurban,married,no,Approved
66,148331,38827,34,634,33,0,bachelor,No,urban,married,no,Approved
36,49410,47225,30,703,26,0,bachelor,No,urban,married,yes,Rejected
55,119280,38096,25,463,21,1,master,No,semiurban,married,no,Rejected
53,78715,1921,21,555,17,4,high school,No,semiurban,married,no,Rejected
24,136968,3773,42,365,17,0,bachelor,No,semiurban,married,no,Rejected
47,58665,5462,24,387,36,3,bachelor,No,urban,married,yes,Rejected
36,35957,21960,33,539,6,1,master,No,semiurban,married,no,Rejected
66,68127,31268,48,610,3,4,bachelor,No,rural,married,no,Approved
42,83589,20818,50,557,15,3,bachelor,Yes,urban,single,no,Rejected
33,66008,40501,21,813,21,3,phd,No,urban,married,no,Approved
64,81920,45542,42,733,35,1,high school,No,semiurban,single,yes,Rejected
57,148213,43078,54,428,19,3,high school,No,urban,married,no,Rejected
68,52875,2865,46,625,30,2,master,No,urban,single,no,Approved
25,133828,31706,24,316,32,1,high school,No,semiurban,married,no,Rejected
35,143852,29887,41,641,12,1,bachelor,No,semiurban,single,no,Approved
45,21626,31511,45,548,19,2,bachelor,No,semiurban,married,no,Rejected
33,110815,34479,47,476,37,1,high school,No,semiurban,married,no,Rejected
69,83822,41478,46,656,21,3,high school,No,urban,married,no,Approved
36,91765,27401,58,794,38,3,bachelor,No,semiurban,married,no,Approved
59,92413,29502,15,334,22,3,high school,No,semiurban,married,no,Rejected
34,53642,47214,15,706,32,2,bachelor,No,rural,married,no,Approved
62,58311,14394,58,309,29,3,bachelor,No,semiurban,married,no,Rejected
30,52356,34158,17,830,13,2,master,No,rural,married,yes,Rejected
24,23809,10262,39,834,35,2,high school,No,semiurban,single,no,Rejected
44,63371,5487,41,394,7,2,high school,Yes,semiurban,married,no,Rejected
27,54875,28341,38,749,21,1,bachelor,No,semiurban,single,no,Approved
51,130049,44388,16,519,3,4,bachelor,Yes,urban,single,no,Rejected
53,29465,14570,55,395,34,2,master,No,semiurban,single,no,Rejected
42,86095,30605,50,680,7,3,bachelor,No,rural,married,no,Approved
23,93844,7066,46,506,33,2,high school,Yes,semiurban,married,no,Rejected
41,85250,38262,50,545,21,0,bachelor,No,rural,single,no,Rejected
35,106889,27723,55,809,24,1,master,No,urban,single,no,Approved
40,35250,4572,26,382,24,3,high school,No,semiurban,married,no,Rejected
23,66023,13670,30,616,39,1,high school,Yes,semiurban,married,no,Approved
46,121350,28839,41,404,39,1,master,No,semiurban,married,yes,Rejected
42,66624,49707,49,669,16,0,high school,No,semiurban,married,no,Approved
34,36427,29401,43,479,15,2,bachelor,No,rural,married,no,Rejected
63,53276,11249,51,382,38,3,high school,Yes,semiurban,single,no,Rejected
41,91643,3311,40,831,14,4,master,No,semiurban,single,no,Approved
28,99012,33011,17,800,16,1,bachelor,No,semiurban,single,no,Approved
43,23439,44839,37,647,34,4,high school,No,semiurban,married,no,Rejected
68,105848,40541,38,571,32,4,master,No,urban,single,no,Rejected
51,107331,40673,46,630,39,2,high school,No,semiurban,single,no,Approved
45,98672,4642,39,688,38,4,high school,No,semiurban,single,yes,Rejected
20,99703,7338,16,436,17,3,phd,No,semiurban,married,no,Rejected
28,37300,10622,52,660,29,2,bachelor,No,rural,married,no,Rejected
55,80289,49423,59,581,22,4,master,No,rural,married,no,Rejected
31,37182,43873,27,501,36,2,phd,No,semiurban,single,no,Rejected
68,90507,40008,52,830,6,3,master,No,urban,single,no,Approved
43,70912,48565,29,315,9,1,high school,No,semiurban,married,no,Rejected
65,46909,8806,24,413,15,0,high school,Yes,urban,single,no,Rejected
38,39659,1757,54,367,27,2,bachelor,Yes,semiurban,married,no,Rejected
56,51403,27710,36,329,22,0,high school,No,rural,married,no,Rejected
47,134187,22470,21,818,33,1,bachelor,No,rural,single,no,Approved
25,53586,7220,40,321,17,3,bachelor,No,semiurban,married,no,Rejected
68,30360,43872,21,730,22,1,bachelor,No,rural,single,no,Rejected
37,41424,27315,17,329,19,0,bachelor,No,rural,married,no,Rejected
65,118035,28793,27,709,30,3,bachelor,No,semiurban,single,yes,Rejected
49,130231,15316,36,348,13,4,master,No,semiurban,married,yes,Rejected
39,68791,43094,55,624,22,4,master,No,urban,single,no,Approved
24,23065,23505,15,787,1,2,bachelor,No,urban,married,no,Rejected
26,88795,29288,48,597,28,4,high school,No,semiurban,single,yes,Rejected
62,135594,9956,45,480,8,0,bachelor,Yes,semiurban,married,no,Rejected
18,32300,20109,30,421,32,4,bachelor,No,semiurban,married,no,Rejected
46,53370,4497,44,423,11,2,bachelor,No,rural,married,no,Rejected
25,89831,10864,15,752,18,3,high school,No,semiurban,single,no,Approved
21,47209,32510,55,565,19,4,master,No,urban,married,no,Rejected
52,128287,28981,45,327,36,2,bachelor,Yes,urban,married,no,Rejected
20,121831,23026,23,558,30,4,master,No,urban,married,no,Rejected
62,40927,9774,42,376,34,4,high school,Yes,semiurban,married,no,Rejected
57,54579,47807,27,731,20,0,bachelor,Yes,rural,married,no,Approved
24,130407,22017,13,334,12,2,high school,No,urban,single,no,Rejected
44,29032,2821,60,735,38,2,bachelor,Yes,semiurban,married,no,Rejected
18,113254,46485,13,413,26,1,high school,No,semiurban,single,no,Rejected
44,98413,19021,47,361,24,1,master,No,semiurban,married,no,Rejected
33,60731,11372,17,351,1,2,high school,No,rural,married,yes,Rejected
55,139937,42148,34,415,34,0,bachelor,No,semiurban,married,no,Rejected
24,133528,35514,50,346,7,4,bachelor,No,semiurban,married,no,Rejected
61,112202,29402,58,737,32,3,bachelor,Yes,semiurban,married,no,Approved
40,73767,6797,55,711,24,4,master,No,semiurban,married,no,Approved
58,143916,17283,48,400,20,3,high school,Yes,rural,married,no,Rejected
28,127220,41857,57,578,35,0,high school,No,semiurban,married,yes,Rejected
59,92302,45905,27,406,12,1,high school,No,semiurban,married,no,Rejected
70,143867,8597,54,334,8,2,bachelor,No,semiurban,single,yes,Rejected
50,69954,31320,55,658,34,0,bachelor,No,urban,married,no,Approved
67,137270,32261,30,301,35,3,master,No,urban,married,no,Rejected
53,108365,7107,60,791,9,2,bachelor,Yes,semiurban,married,no,Approved
54,105757,26760,35,571,4,3,phd,No,urban,single,no,Rejected
58,45102,36561,38,443,30,4,high school,No,semiurban,married,no,Rejected
34,54433,12138,18,734,23,4,high school,No,urban,single,no,Approved
52,35932,36268,41,750,31,4,high school,No,semiurban,married,no,Rejected
65,45714,32608,52,527,2,2,high school,No,semiurban,married,no,Rejected
22,77803,14138,25,844,15,1,phd,No,semiurban,single,no,Approved
65,59743,42129,55,513,19,1,bachelor,No,semiurban,married,no,Rejected
49,22552,38693,26,547,23,3,high school,Yes,semiurban,single,no,Rejected
20,76627,18464,23,707,33,1,bachelor,No,urban,married,no,Approved
69,65987,22248,40,352,22,1,master,No,semiurban,married,no,Rejected
64,99810,38221,34,613,37,3,high school,No,urban,married,no,Approved
52,65380,19632,24,673,1,3,bachelor,Yes,urban,married,no,Rejected
69,49250,48547,20,336,4,3,high school,Yes,urban,single,no,Rejected
31,88344,13100,35,823,17,2,bachelor,Yes,urban,married,no,Approved
65,84686,48930,50,383,28,3,high school,No,urban,single,no,Rejected
48,129394,2325,41,393,9,2,bachelor,No,urban,single,no,Rejected
48,140321,12369,12,714,15,2,bachelor,Yes,urban,married,no,Approved
34,146123,11340,21,641,22,2,bachelor,No,semiurban,single,no,Approved
41,65028,14408,49,849,29,3,phd,No,semiurban,single,no,Approved
69,35295,20369,58,720,5,1,phd,No,semiurban,single,no,Rejected
40,133141,19460,26,647,35,1,high school,No,rural,married,yes,Rejected
35,75248,27105,20,427,19,3,high school,No,rural,single,no,Rejected
67,100205,32384,24,451,15,1,high school,No,rural,married,no,Rejected
31,30523,2461,34,821,27,3,high school,No,semiurban,single,no,Rejected
67,65530,43362,44,337,25,2,bachelor,Yes,urban,married,no,Rejected
32,148053,33840,20,726,21,4,high school,No,rural,married,no,Approved
32,33769,29610,14,404,10,0,bachelor,No,semiurban,single,no,Rejected
23,83042,39798,41,464,0,3,high school,No,semiurban,married,no,Rejected
44,132035,21995,20,843,4,2,high school,Yes,rural,single,no,Approved
32,64645,20180,36,511,35,4,master,No,semiurban,married,no,Rejected
67,110743,8717,58,825,1,2,high school,No,semiurban,single,no,Rejected
53,82142,14331,35,431,5,0,high school,Yes,urban,married,no,Rejected
25,120760,14936,43,451,26,1,high school,No,urban,married,no,Rejected
32,45557,30550,18,395,25,1,high school,No,semiurban,married,no,Rejected
20,123727,21615,47,802,34,2,master,Yes,semiurban,married,yes,Rejected
64,99782,4576,36,821,12,0,bachelor,No,rural,married,no,Approved
30,98382,41868,31,673,11,2,bachelor,Yes,rural,married,no,Approved
58,57085,33503,28,315,17,1,master,Yes,rural,single,no,Rejected
51,70708,47380,47,317,37,2,master,Yes,rural,married,yes,Rejected
41,71357,6728,37,708,5,4,high school,No,semiurban,single,no,Approved
57,130939,33800,30,306,27,0,high school,No,semiurban,married,no,Rejected
49,33470,11886,48,544,27,1,high school,No,semiurban,single,no,Rejected
49,98712,15078,59,428,24,2,high school,Yes,urban,married,no,Rejected
47,138643,5373,14,754,4,0,bachelor,No,semiurban,married,yes,Rejected
69,127417,48236,54,371,14,2,high school,No,semiurban,married,no,Rejected
66,99082,46805,39,459,8,1,high school,No,rural,single,yes,Rejected
30,26805,33532,33,386,1,0,bachelor,No,rural,single,no,Rejected
18,102324,48229,58,700,8,1,bachelor,Yes,urban,single,no,Approved
51,148256,36160,30,761,25,4,master,Yes,urban,married,no,Approved
32,114884,29688,57,828,22,4,high school,No,urban,married,no,Approved
61,82028,12063,27,388,27,3,bachelor,Yes,semiurban,married,no,Rejected
31,70772,24089,17,305,5,0,high school,Yes,urban,married,no,Rejected
46,149581,34585,48,383,3,4,phd,No,urban,married,no,Rejected
51,72104,7203,42,549,29,3,high school,No,semiurban,married,yes,Rejected
35,93616,3438,60,715,17,0,bachelor,No,urban,single,no,Approved
24,121422,28559,59,371,29,1,phd,Yes,rural,married,yes,Rejected
46,109300,24212,45,411,26,2,high school,Yes,semiurban,married,no,Rejected
48,149502,7641,42,471,30,2,master,No,urban,married,no,Rejected
42,26630,17983,22,572,38,1,high school,No,rural,single,no,Rejected
55,144474,15026,47,829,29,4,high school,Yes,rural,married,no,Approved
31,118869,20636,17,618,36,2,high school,No,rural,married,no,Approved
25,35701,35603,38,381,11,1,phd,Yes,semiurban,single,no,Rejected
44,34859,13222,18,374,16,3,high school,No,rural,single,no,Rejected
19,41183,3177,60,728,33,3,high school,No,semiurban,married,no,Rejected
34,60438,41910,43,759,27,1,phd,No,urban,married,no,Approved
54,117285,33916,19,645,3,0,bachelor,No,semiurban,married,no,Approved
31,137556,14105,44,548,33,4,bachelor,No,semiurban,single,no,Rejected
42,117423,35512,58,686,13,4,bachelor,No,semiurban,single,no,Approved
47,143737,2646,55,662,12,1,high school,No,semiurban,married,no,Approved
46,62244,10864,26,595,2,2,master,No,urban,married,no,Rejected
37,94312,47434,38,367,20,4,master,No,semiurban,married,no,Rejected
38,35021,27515,41,737,15,4,high school,No,semiurban,married,no,Rejected
70,89863,24762,33,831,37,3,high school,No,urban,single,no,Approved
39,75565,37435,58,432,25,3,master,No,urban,married,no,Rejected
52,68043,17960,40,594,5,3,high school,No,urban,married,no,Rejected
54,93150,45055,52,595,17,4,bachelor,No,urban,single,no,Rejected
33,84361,28607,59,332,5,4,bachelor,No,semiurban,married,no,Rejected
67,21245,17302,41,673,24,4,master,No,urban,married,yes,Rejected
66,61011,46778,13,331,23,2,high school,No,semiurban,single,yes,Rejected
60,30355,31941,26,604,29,2,master,No,semiurban,married,yes,Rejected
34,118841,32321,58,407,22,2,high school,No,rural,single,no,Rejected
33,68692,31313,38,395,7,0,high school,No,urban,single,no,Rejected
19,69004,38547,18,365,8,4,bachelor,No,semiurban,married,no,Rejected
21,135228,41955,38,820,5,4,high school,Yes,semiurban,single,no,Approved
38,49714,14029,32,529,32,1,master,Yes,semiurban,single,no,Rejected
56,37198,36740,24,657,32,1,bachelor,No,semiurban,married,no,Rejected
51,86951,19429,28,701,6,0,bachelor,No,rural,married,no,Approved
47,129334,29512,22,398,17,1,bachelor,No,urban,married,no,Rejected
23,21652,12140,21,570,5,2,phd,Yes,semiurban,single,no,Rejected
34,63625,15847,44,661,36,0,master,No,urban,married,no,Approved
56,147394,48191,25,463,20,0,bachelor,No,semiurban,single,no,Rejected
42,105982,35256,48,827,25,0,bachelor,No,semiurban,married,no,Approved
22,38740,29774,19,468,14,3,bachelor,No,urban,single,no,Rejected
22,23810,10127,44,320,29,1,master,No,urban,married,yes,Rejected
37,143743,29205,18,839,10,4,high school,No,semiurban,single,no,Approved
33,36569,43674,45,696,7,3,high school,Yes,urban,married,no,Rejected
68,147236,35570,18,335,4,2,bachelor,Yes,semiurban,single,no,Rejected
58,119855,16627,18,794,7,3,high school,No,urban,married,no,Approved
54,99120,37288,52,613,4,2,high school,No,rural,single,no,Approved
57,46783,39664,47,789,9,4,bachelor,Yes,semiurban,married,no,Rejected
26,141701,33333,18,575,14,4,high school,No,semiurban,married,no,Rejected
22,119065,49012,31,532,37,1,high school,No,semiurban,married,no,Rejected
59,98047,37079,29,735,2,3,bachelor,No,semiurban,married,no,Rejected
19,29471,19689,56,305,9,4,bachelor,No,semiurban,married,no,Rejected
26,130771,25259,54,834,6,2,high school,No,semiurban,married,no,Approved
60,26163,27571,52,543,23,4,bachelor,No,semiurban,married,no,Rejected
53,83087,9009,25,540,25,1,bachelor,Yes,semiurban,married,no,Rejected
39,82071,45674,51,572,33,2,high school,No,rural,married,yes,Rejected
39,36065,45995,25,374,7,0,high school,No,semiurban,married,no,Rejected
39,142323,39230,32,582,38,1,master,No,urban,married,no,Rejected
51,130190,46828,60,834,4,1,bachelor,Yes,semiurban,single,yes,Rejected
46,137969,37226,38,386,35,0,high school,No,rural,married,no,Rejected
55,103456,37498,57,448,25,4,high school,No,urban,married,yes,Rejected
63,124505,29820,37,449,9,1,high school,No,semiurban,single,no,Rejected
50,137852,41315,38,459,32,0,high school,No,rural,married,no,Rejected
35,68348,30482,35,745,35,0,master,Yes,semiurban,married,no,Approved
24,39154,33795,16,381,30,1,bachelor,Yes,urban,married,no,Rejected
18,144843,49276,53,306,37,3,bachelor,No,semiurban,married,no,Rejected
50,125703,20875,49,481,24,1,high school,No,semiurban,married,no,Rejected
18,40229,40191,39,825,12,3,high school,Yes,rural,single,no,Rejected
41,72587,13453,53,777,0,4,phd,No,urban,married,no,Rejected
21,139398,10260,54,482,35,0,master,No,rural,married,no,Rejected
21,69713,49629,43,613,35,2,master,No,urban,single,no,Approved
35,46997,46244,35,473,23,1,high school,Yes,rural,married,no,Rejected
44,41101,46706,17,313,26,2,bachelor,No,urban,single,yes,Rejected
60,60391,43817,21,599,17,4,bachelor,No,urban,single,no,Rejected
49,95863,26898,57,372,14,1,phd,No,urban,married,no,Rejected
50,92723,6614,14,813,16,2,high school,No,semiurban,single,no,Approved
45,115221,32843,18,642,28,4,phd,Yes,semiurban,married,no,Approved
59,79405,45451,40,695,4,3,master,No,semiurban,married,yes,Rejected
58,54948,12687,45,632,10,4,bachelor,No,semiurban,single,no,Approved
53,120264,4801,18,654,15,1,high school,No,urban,married,no,Approved
23,73031,42048,28,462,33,1,master,No,rural,single,no,Rejected
33,57921,41144,24,415,16,1,master,No,urban,single,no,Rejected
51,92571,29942,32,702,32,4,high school,No,semiurban,married,yes,Rejected
40,97007,11148,42,378,30,1,high school,No,semiurban,married,no,Rejected
67,48460,47828,20,746,17,4,bachelor,Yes,semiurban,married,no,Rejected
59,137958,18283,56,307,24,0,bachelor,No,urban,single,no,Rejected
41,41071,20861,58,322,4,0,master,No,urban,married,no,Rejected
66,86118,35512,24,842,29,0,phd,No,rural,married,no,Approved
30,68282,23480,28,713,22,2,bachelor,No,rural,married,no,Approved
35,111725,19637,19,708,37,0,master,No,semiurban,single,no,Approved
30,78445,45621,20,321,17,0,high school,No,urban,married,no,Rejected
66,101067,48431,20,702,31,4,bachelor,No,rural,married,no,Approved
54,102208,35401,51,456,29,4,high school,Yes,semiurban,married,no,Rejected
60,74816,24385,59,629,28,1,master,No,semiurban,married,yes,Rejected
56,126283,26437,41,321,35,1,high school,No,semiurban,married,no,Rejected
59,105779,9149,18,771,8,1,high school,No,rural,single,no,Approved
34,23060,15671,28,563,22,4,phd,No,urban,married,no,Rejected
32,145806,38469,50,602,2,4,phd,No,semiurban,single,no,Rejected
35,33731,24119,49,764,21,0,high school,No,rural,single,no,Rejected
40,97830,47117,16,463,39,3,high school,No,semiurban,married,no,Rejected
68,135871,34781,28,435,30,4,phd,No,rural,single,no,Rejected
47,40719,17279,51,551,21,3,master,No,semiurban,single,no,Rejected
51,67042,4299,12,504,10,4,phd,No,urban,single,no,Rejected
21,136134,35274,27,601,2,4,bachelor,Yes,urban,single,no,Rejected
20,69116,5803,28,541,13,2,high school,Yes,urban,married,no,Rejected
24,141367,18361,41,360,18,3,high school,No,rural,married,no,Rejected
35,46325,19201,42,764,30,2,bachelor,No,rural,single,yes,Rejected
59,42597,29634,46,601,35,0,phd,No,semiurban,single,no,Rejected
24,87439,15760,56,771,31,2,bachelor,Yes,semiurban,married,no,Approved
57,34551,11826,19,693,25,2,high school,No,urban,married,no,Rejected
23,113287,22285,59,558,0,0,bachelor,Yes,urban,married,no,Rejected
39,44278,47589,41,841,1,3,bachelor,No,urban,single,no,Rejected
18,111189,46775,50,829,5,1,bachelor,No,rural,married,no,Approved
21,35141,49554,32,486,13,4,bachelor,No,urban,married,no,Rejected
63,87913,10140,26,511,27,3,high school,No,rural,married,no,Rejected
66,53615,7798,45,334,32,0,high school,Yes,rural,married,no,Rejected
69,142058,1567,38,446,24,2,master,No,urban,single,no,Rejected
67,82751,12624,13,581,39,1,high school,No,rural,married,no,Rejected
60,132684,13215,21,846,17,2,high school,No,rural,single,no,Approved
46,47452,8966,16,548,33,4,high school,No,semiurban,married,no,Rejected
38,42725,41888,38,356,11,0,master,Yes,semiurban,married,no,Rejected
43,70391,30753,15,604,26,1,high school,Yes,semiurban,single,no,Approved
31,140288,45104,58,821,23,3,high school,No,semiurban,married,no,Approved
26,95060,38078,24,660,32,3,bachelor,No,semiurban,married,no,Approved
64,133535,46955,28,536,14,0,high school,No,rural,married,no,Rejected
29,31698,47857,32,533,31,0,master,No,urban,single,no,Rejected
59,128875,2982,34,522,16,2,bachelor,No,urban,single,no,Rejected
68,106711,34864,44,626,34,1,master,No,semiurban,single,no,Approved
68,97850,14582,26,397,34,4,high school,No,urban,single,no,Rejected
23,129733,20954,25,525,12,0,bachelor,No,rural,single,no,Rejected
37,22365,40265,20,788,8,1,master,Yes,semiurban,single,no,Rejected
41,117553,47313,55,777,9,0,high school,No,semiurban,married,no,Approved
44,117662,45350,48,633,0,0,high school,No,rural,single,no,Rejected
55,63372,16378,41,811,33,3,bachelor,No,urban,married,no,Approved
25,64134,44632,40,681,36,1,bachelor,No,urban,married,no,Approved
18,57823,5279,34,722,24,3,high school,No,rural,married,yes,Rejected
66,91158,28924,45,647,21,3,high school,No,semiurban,married,no,Approved
66,116076,18057,18,452,9,1,bachelor,Yes,rural,married,no,Rejected
41,135060,8312,20,751,25,3,bachelor,No,rural,single,no,Approved
64,126087,31353,15,589,18,2,master,No,semiurban,single,no,Rejected
24,21949,49208,13,418,39,4,bachelor,No,semiurban,married,no,Rejected
36,69396,36137,38,513,3,4,bachelor,No,rural,married,no,Rejected
39,128336,21914,44,738,39,2,bachelor,Yes,urban,married,no,Approved
52,51912,17192,43,746,4,0,bachelor,No,semiurban,married,yes,Rejected
47,76947,18450,55,341,28,3,high school,No,urban,single,no,Rejected
46,140460,6432,56,694,37,4,high school,No,semiurban,single,no,Approved
39,117697,32012,57,546,4,1,master,No,urban,married,no,Rejected
28,64387,34455,48,590,0,0,bachelor,Yes,semiurban,single,no,Rejected
37,83965,14175,38,547,27,4,bachelor,No,rural,single,no,Rejected
46,36508,1068,39,748,18,3,bachelor,No,rural,married,no,Rejected
68,65592,11295,14,383,35,4,master,No,rural,married,no,Rejected
58,129249,7774,47,520,0,3,bachelor,No,urban,single,no,Rejected
59,21919,13190,60,350,28,0,phd,No,semiurban,married,no,Rejected
51,62595,32286,54,849,35,2,high school,Yes,semiurban,married,no,Approved
18,29617,11789,19,486,31,3,high school,No,urban,married,no,Rejected
48,95268,29914,55,824,13,3,high school,No,urban,married,no,Approved
47,53298,32944,52,522,31,0,phd,No,urban,single,no,Rejected
65,126153,7891,48,764,8,0,master,No,semiurban,single,no,Approved
35,26929,22977,60,718,18,1,high school,No,rural,married,no,Rejected
34,122653,31351,56,386,10,0,bachelor,No,semiurban,married,no,Rejected
55,34456,11316,49,558,3,4,bachelor,No,rural,married,no,Rejected
31,129599,34207,33,480,24,3,high school,No,urban,married,no,Rejected
40,106676,26654,25,610,16,2,high school,No,urban,single,no,Approved
42,103721,8466,26,472,7,0,high school,No,rural,single,no,Rejected
32,57924,18637,57,621,0,3,master,No,semiurban,single,no,Rejected
63,44240,4209,15,639,1,2,high school,No,semiurban,married,no,Rejected
39,107381,37317,29,795,9,1,bachelor,No,semiurban,married,no,Approved
20,29228,4078,12,544,26,4,bachelor,No,semiurban,married,no,Rejected
36,41686,28299,23,804,26,1,phd,No,rural,single,no,Rejected
61,31920,37258,52,628,12,0,high school,No,semiurban,married,no,Rejected
51,27432,4543,53,495,10,4,high school,Yes,rural,married,no,Rejected
52,83575,30091,28,361,13,1,bachelor,No,rural,married,no,Rejected
67,130507,29947,30,324,31,3,master,No,semiurban,married,no,Rejected
18,91725,23064,47,677,15,0,master,Yes,semiurban,married,no,Approved
69,113575,7751,59,594,28,1,master,No,rural,married,no,Rejected
38,53910,15906,18,351,37,4,bachelor,No,rural,married,no,Rejected
46,141764,19096,20,339,33,4,high school,No,urban,married,no,Rejected
23,50226,15425,19,756,25,2,master,No,semiurban,single,no,Approved
54,93150,12811,36,301,4,4,phd,Yes,rural,married,no,Rejected
18,79099,18578,18,768,18,4,high school,Yes,urban,married,no,Approved
68,132557,7781,53,405,38,0,high school,No,semiurban,married,no,Rejected
18,106760,22290,19,515,27,4,high school,No,semiurban,single,no,Rejected
44,38013,16563,35,713,27,2,master,No,urban,married,no,Rejected
38,41446,26888,28,509,16,4,high school,No,semiurban,single,no,Rejected
70,135450,28491,23,357,36,2,master,No,rural,single,yes,Rejected
33,125209,48565,57,342,18,3,high school,No,semiurban,single,yes,Rejected
61,123193,33352,42,437,26,2,high school,No,semiurban,married,no,Rejected
57,90375,22676,23,788,11,0,master,No,semiurban,married,no,Approved
43,82509,1300,13,768,2,1,master,No,rural,married,no,Rejected
33,122261,38463,23,688,3,1,bachelor,No,semiurban,married,no,Approved
45,115739,45942,38,497,10,3,high school,No,semiurban,married,no,Rejected
18,20557,49990,57,501,33,0,high school,No,urban,married,no,Rejected
53,50666,22008,18,491,17,3,high school,No,semiurban,single,no,Rejected
27,57389,21221,24,406,34,3,bachelor,Yes,semiurban,married,no,Rejected
60,67700,30334,47,626,17,4,bachelor,No,urban,single,no,Approved
34,119143,44518,12,656,5,4,high school,No,semiurban,married,no,Approved
40,44578,21301,60,800,33,0,high school,No,urban,married,no,Rejected
24,94779,8307,46,583,32,1,bachelor,No,semiurban,married,no,Rejected
61,29596,30251,41,767,7,2,phd,No,semiurban,single,no,Rejected
70,77500,47586,42,807,19,4,high school,No,urban,single,no,Approved
24,92534,35157,28,405,19,0,bachelor,No,semiurban,married,yes,Rejected
61,30129,9882,19,593,17,0,bachelor,Yes,urban,single,yes,Rejected
32,83394,11040,14,365,26,1,high school,No,urban,married,no,Rejected
51,86046,7141,21,494,4,0,master,No,semiurban,married,no,Rejected
63,31596,46878,45,487,6,0,master,No,semiurban,married,no,Rejected
62,85355,6969,33,346,21,1,bachelor,No,rural,married,no,Rejected
21,32974,14162,15,661,33,4,bachelor,No,semiurban,married,no,Rejected
31,86673,10131,43,836,12,1,phd,Yes,semiurban,single,yes,Rejected
31,132004,6037,40,786,31,3,master,No,urban,single,no,Approved
33,140294,23378,57,545,23,4,bachelor,No,semiurban,married,yes,Rejected
24,146794,15693,22,477,15,3,master,Yes,urban,single,no,Rejected
49,113433,27626,57,414,13,0,bachelor,Yes,urban,married,no,Rejected
36,90202,3451,24,464,38,3,high school,No,urban,single,no,Rejected
19,94442,1024,15,518,6,1,high school,No,urban,married,no,Rejected
27,41818,6962,13,496,11,1,bachelor,No,urban,married,no,Rejected
67,63246,36324,45,700,19,2,bachelor,Yes,urban,married,no,Approved
34,75598,32415,54,375,32,0,master,No,urban,married,no,Rejected
54,22654,25016,33,725,5,1,high school,No,semiurban,married,no,Rejected
29,53758,17444,16,586,39,4,bachelor,No,rural,married,no,Rejected
23,44204,41443,20,844,26,1,high school,No,rural,married,no,Rejected
39,147309,17506,31,598,12,4,phd,Yes,semiurban,married,no,Rejected
49,54928,39384,32,593,4,0,bachelor,No,rural,married,yes,Rejected
58,140428,44062,28,746,23,2,bachelor,No,semiurban,married,yes,Rejected
37,73609,32693,23,713,9,2,bachelor,No,semiurban,married,no,Approved
18,50552,47778,39,730,31,3,high school,No,urban,married,no,Approved
64,133440,25248,29,529,8,1,master,Yes,urban,married,yes,Rejected
70,30336,47162,14,395,34,0,high school,Yes,urban,married,no,Rejected
23,67037,43690,16,738,11,3,high school,Yes,urban,married,no,Approved
36,36206,5089,25,470,10,0,bachelor,No,urban,single,yes,Rejected
35,54831,48216,59,616,35,0,high school,No,urban,married,no,Approved
23,63563,3472,37,843,7,3,bachelor,No,semiurban,married,no,Approved
62,38361,44237,30,790,9,0,bachelor,No,semiurban,single,no,Rejected
50,61335,41218,52,687,13,3,high school,No,semiurban,married,yes,Rejected
40,94469,36732,28,371,29,1,master,No,semiurban,single,no,Rejected
40,147365,9104,50,831,0,3,bachelor,Yes,semiurban,married,no,Rejected
43,137355,18694,53,538,11,1,high school,No,urban,single,yes,Rejected
30,45816,25730,15,388,4,2,high school,No,semiurban,married,no,Rejected
24,146350,35980,53,834,13,3,bachelor,No,rural,single,no,Approved
32,35619,10454,46,453,35,2,high school,No,rural,single,no,Rejected
61,123223,40560,35,489,16,3,phd,No,semiurban,married,no,Rejected
44,112479,10554,52,714,21,0,bachelor,No,semiurban,single,yes,Rejected
43,46819,26513,24,453,30,2,high school,No,urban,married,no,Rejected
50,31741,42471,44,638,25,4,bachelor,Yes,semiurban,married,no,Rejected
32,143297,46987,26,816,12,4,bachelor,No,urban,married,yes,Rejected
53,142330,31985,26,334,2,4,master,No,semiurban,married,no,Rejected
62,28798,25762,42,825,10,2,phd,No,semiurban,married,no,Rejected
44,45143,49167,54,836,4,1,phd,No,rural,single,no,Rejected
22,69695,41428,39,517,37,3,master,Yes,semiurban,single,no,Rejected
19,52747,2702,21,553,3,0,bachelor,No,rural,married,no,Rejected
50,132870,18038,18,502,31,0,high school,No,semiurban,married,no,Rejected
33,119187,23219,44,400,9,2,bachelor,Yes,semiurban,single,no,Rejected
40,149544,5271,18,660,9,4,bachelor,No,urban,single,no,Approved
55,41182,28397,16,477,17,0,high school,No,urban,single,no,Rejected
33,142728,9955,37,575,22,0,high school,No,rural,married,no,Rejected
31,29415,30602,27,611,17,1,phd,No,semiurban,married,no,Rejected
46,31085,45227,19,709,34,0,master,No,semiurban,married,no,Rejected
43,35008,32545,33,587,2,0,bachelor,No,rural,single,no,Rejected
52,107638,24116,45,824,0,3,high school,No,semiurban,married,no,Rejected
32,38452,7674,51,700,16,0,bachelor,No,rural,single,no,Rejected
20,142166,18469,39,516,5,3,high school,Yes,urban,married,no,Rejected
40,84075,6446,57,769,10,4,high school,Yes,rural,married,no,Approved
46,28120,21760,47,326,13,1,high school,No,rural,married,no,Rejected
51,84385,2963,58,721,27,0,high school,No,rural,married,no,Approved
50,93356,43745,18,313,38,1,bachelor,No,semiurban,single,no,Rejected
58,130205,11466,51,800,35,1,high school,No,urban,married,no,Approved
58,38170,28262,54,624,10,1,high school,Yes,urban,single,no,Rejected
40,36259,6177,39,623,39,2,high school,No,urban,married,no,Rejected
24,42099,12160,13,584,3,3,bachelor,No,semiurban,single,yes,Rejected
20,29649,38340,20,388,5,1,master,No,semiurban,married,no,Rejected
49,149394,8543,17,344,37,4,bachelor,No,semiurban,married,no,Rejected
48,115791,42675,12,797,18,0,bachelor,No,semiurban,married,no,Approved
35,79258,17626,14,797,30,1,bachelor,No,urban,married,yes,Rejected
60,61037,40278,21,444,1,1,bachelor,No,urban,married,no,Rejected
24,31805,30607,48,817,24,0,high school,No,urban,single,no,Rejected
58,135996,21299,55,381,10,4,master,No,urban,married,no,Rejected
18,143527,18221,34,466,39,1,master,No,semiurban,single,no,Rejected
31,63147,4323,44,404,20,1,high school,Yes,urban,married,yes,Rejected
69,94280,43305,20,787,2,4,phd,No,urban,single,no,Rejected
49,66053,11615,24,609,1,1,phd,No,semiurban,married,no,Rejected
23,126777,2432,39,381,10,4,master,No,rural,single,no,Rejected
56,117841,24238,18,393,23,1,bachelor,No,urban,single,no,Rejected
27,111393,41423,37,620,23,0,master,No,rural,single,no,Approved
24,144726,9431,27,642,20,4,bachelor,No,rural,married,no,Approved
43,148359,9330,51,660,24,0,high school,Yes,semiurban,married,no,Approved
51,96215,45153,37,365,3,0,master,No,urban,single,yes,Rejected
47,132909,9611,50,728,39,1,bachelor,No,urban,single,no,Approved
53,115365,14872,43,700,22,4,high school,No,rural,married,no,Approved
38,30985,35930,47,470,23,2,master,No,semiurban,single,no,Rejected
34,113823,7486,53,367,20,0,master,No,semiurban,married,no,Rejected
50,32391,37870,12,791,1,0,master,No,rural,married,no,Rejected
27,24861,24258,60,333,22,0,master,Yes,semiurban,married,no,Rejected
68,83582,49716,32,300,14,1,bachelor,No,semiurban,married,yes,Rejected
64,71928,44186,24,450,25,1,bachelor,No,semiurban,married,no,Rejected
59,54364,2168,37,557,25,0,phd,No,urban,married,no,Rejected
68,102399,1415,56,318,27,1,high school,No,semiurban,married,no,Rejected
29,117035,11905,20,334,25,1,master,No,semiurban,married,no,Rejected
33,138000,47200,48,670,1,1,bachelor,No,rural,single,no,Rejected
58,140844,6243,34,790,34,3,phd,No,semiurban,married,no,Approved
49,113330,17533,12,540,31,4,bachelor,No,urban,married,no,Rejected
32,62923,28020,13,306,29,1,high school,No,urban,married,no,Rejected
44,27919,23908,54,848,19,3,master,No,semiurban,married,no,Rejected
45,75896,6899,39,670,12,3,bachelor,Yes,semiurban,married,no,Approved
34,128638,34606,47,549,26,1,high school,No,semiurban,single,no,Rejected
63,105818,39912,42,414,22,3,high school,No,urban,married,no,Rejected
67,67396,10888,52,636,15,2,bachelor,Yes,urban,single,no,Approved
19,54840,46299,16,441,30,3,high school,No,rural,married,no,Rejected
